& Trade Secret Natural Oil Blend	1
* Aniba Rosaeodora Oil	1
* Camellia Sinensis Extract	1
* Cananga Odorata Flower Oil	3
* CITRUS Aurantium Flower Oil	1
* CITRUS Reticulata Peel Oil	1
* Lavandula Angustifolia Flower Oil	1
* Oenothera Biennis Oil	1
* Punica Granatum Oil	1
* Salvia Sclarea Flower Oil	1
**Alchemilla Vulgaris Leaf Extract	1
**Avena Sativa Bran Extract	2
**Equisetum Arvense Leaf Extract	2
**Plantago Lanceolata Leaf Extract	1
**Stellaria Media Extract	1
**Urtica Dioica Leaf Extract	2
*Abies Balsamea Needle Oil	1
*Acai Flavor	1
*Adansonia Digitata Seed Oil	1
*Aloe Barbadensis Extract	1
*Aloe Barbadensis Leaf Extract	2
*Aloe Barbadensis Leaf Juice	6
*Amyris Balsamifera Bark Oil	2
*Anthemis Nobilis Flower Extract	2
*Aqua	17
*Archangelica Root	1
*Arctium Lappa Root Extract	1
*Argania Spinosa Kernel Oil	1
*Arnica Flower	1
*Baptisia Tinctoria Root Extract	3
*Benzyl Benzoate	1
*Blueberry Fruit	1
*Borago Officinalis Oil	1
*Butyrospermum Parkii Butter	5
*Butyrospermum Parkii Butter Extract	16
*Butyrospermum Parkii Extract	3
*Butyrospermum Parkii Seed Butter	4
*Calendula Extract	1
*Calendula Officinalis	1
*Calendula Officinalis Flower Extract	10
*Calendula Officinalis Flower Oil	1
*Calophyllum Inophyllum Oil	1
*Calophyllum Inophyllum Seed Oil	1
*Camellia Oleifera Seed Oil	7
*Cananga Odorata Flower Oil	2
*Centella Asiatica	1
*Cera Alba	3
*Chamomilla Recutita Flower Extract	7
*Cinnamal	3
*Cinnamomum Zeylanicum Leaf Oil	1
*Citral	2
*Citronellol	3
*Citrus Aurantifolia Peel Oil	2
*Citrus Aurantium Amara Leaf Oil	1
*Citrus Aurantium Dulcis Peel Extract	2
*Citrus Limon Essential Oil	1
*Citrus Limon Peel Extract	2
*Citrus Paradise Peel Oil	2
*Citrus Reticulata Peel Oil	5
*Citrus Sinensis Oil	2
*Cocos Nucifera	7
*Cocos Nucifera Oil	11
*Cymbopogon Schoenanthus Essential Oil	1
*Elettaria Cardamomum Essential Oil	1
*Elettaria Cardamomum Seed Oil	1
*Equisetum Arvense	1
*Equisetum Arvense Extract	5
*Essential Oils	1
*Expeller Pressed Sweet Almond Oil	1
*Farnesol	4
*Gaultheria Procumbens Leaf Oil	1
*Geraniol	3
*Glyceryl Stearate	1
*Helianthus Annuus Oil	9
*Helianthus Annuus Seed Oil	3
*Helichrysum Italicum Oil	1
*Hemidesmus Indicus	1
*Hippophae Rhamnoides Fruit Extract	2
*Hippophae Rhamnoides Oil	2
*Hippophae Rhamnoides Seed Oil	2
*Hypericum Perforatum	1
*Illicium Verum Fruit Oil	1
*Jasminum Officinale Flower/Leaf Extract	2
*Juniperus Virginiana Oil	1
*Lavandula Angustifolia Essential Oil	2
*Lavandula Angustifolia Flower/Leaf/Stem Extract	3
*Limnanthes Alba Seed Oil	3
*Limonene	8
*Linalool	6
*Litsea Cubeba Fruit Oil	1
*Macadamia Integrifolia Oil	2
*Marshmallow Root	1
*Mentha Piperita Leaf Extract	5
*Mentha Piperita Leaf Oil	3
*Mentha Piperita Oil	1
*Mentha Spicata Leaf Oil	3
*Menthol	2
*Methyl Paraben	2
*Mixed Tocopherols Oil	1
*Myristica Fragans	2
*Nepeta Cataria Extract	2
*Nettle	1
*Oenothera Biennis Oil	1
*Olea Europaea Fruit Oil	3
*Oleo Europaea Fruit Oil	2
*Organic Coconut Flavor	1
*Organic Vanilla Flavor	1
*Oryza Sativa Powder	3
*Peg 100 Stearate	2
*Pelargonium Graveolens Flower Oil	3
*Pelargonium Graveolens Oil	2
*Persea Americana Oil	1
*Pimpinella Anisum Seed Oil	1
*Pomegranate Flavor	1
*Propyl Paraben	1
*Prunus Armeniaca Fruit Oil	1
*Punica Granatum Oil	2
*Punica Granatum Seed Oil	2
*Raspberry Flavor	2
*Ricinus Communis Oil	2
*Ricinus Communis Seed Oil	11
*Rosa Canina Seed Extract	1
*Rosa Centifolia	1
*Rosa Centifolia Flower Oil	4
*Rosa Damascena Oil	1
*Rosa Rubiginosa Oil	1
*Rosmarinus Officinalis Extract	1
*Rosmarinus Officinalis Leaf Extract	3
*Rosmarinus Officinalis Leaf Oil	4
*Rosmarinus Officinalis Oil	1
*Rubus Idaeus Leaf Extract	2
*Rubus Idaeus Seed	1
*Salix Alba Extract	1
*Salvia Officinalis Extract	1
*Santalum Album Wood Oil	1
*Sesame Oil	1
*Stellaria Media Extract	4
*Symphytum Officinale Leaf Extract	2
*Syzygium Aromaticum	2
*Tagetes Minuta Flower Oil	1
*Tanacetum Annuum Oil	1
*Theobroma Cacao Butter	1
*Theobroma Cacao Seed Butter	15
*Tocopheryl Acetate	2
*Vitamin E	4
*Withania Somnifara	1
*Zingiber Officinale Root Extract	1
*Zingiber Officinale Root Oil	4
+Alchemilla Vulgaris Leaf Extract	2
+Fragrance	1
0-Cymen-5-Ol	13
0.2% Phytosphingosine	1
1% Sodium Hyaluronate	1
1,10-Decanediol	4
1,2-Butanediol	4
1,2-Dihydrolinalool	1
1,2-Heptanediol	1
1,2-Hexandiol	24
1,2-Hexanediol	6403
1,2-Octanediol	23
1,2-Pentanediol	3
1,2-Propanediol	6
1,3,1,6-Beta Glucan	72
1,3-Bis-2-Hydroxy Propane	1
1,3-Butanediol	3
1,3-Butylene Glycol	12032
1,3-Dimethylol-5,5-Dimethylhydantion	1
1,3-Propanediol	26
1,4-Diaminobutane Dihydrochloride	1
1,5-Pentanediol	1
1-Citrus Aurantium Dulcis Peel Oil	6
1-Dimethicone	1
1-Elettaria Cardamomum Seed Oil	4
1-Hydroxyethylidene-1 1-Diphosphonic Acid	1
1-Mentha Viridis Leaf Oil	7
1-Methyl-4--1 4-Cyclohexadiene	1
1-Methylhydantoin-2-Imide	52
1-Octadecanol	2
1-Octen-3-Yl Acetate	3
10-Hydroxydecanoic Acid	11
10-Hydroxydecenoic Acid	1
100% Cocoa Butter	1
100% Cocos Nucifera Oil	1
100% Flaxseed Oil	1
100% Hydrogenated Petroleum Resin	4
100% L-Ascorbic Acid Powder	1
100% Medical Grade Lanolin	1
100% Medical Grade Silicone	2
100% Natural Calcium Bentonite Clay	3
100% Neem Seed Oil	1
100% Organic Cold Pressed Castor Oil	1
100% Plant-Derived Squalane	1
100% Pure Coconut Shells	1
100% Pure Fractionated Coconut Oil	1
100% Pure Grapeseed Oil	1
100% Pure Hippophae Rhamnoides Oil	1
100% Pure Magnesium Chloride Brine	1
100% Pure Natural Rosewater	1
100% Pure Organic Cotton	2
100% Pure Organic Unrefined Macadamia Nut Oil	1
100% Pure Prunus Amygdalus Dulcis	1
100% Pure Virgin Coconut Oil	1
100% Purified Emu Oil	2
100% Sclerocarya Birrea Oil	2
100% Squalane Oil	3
100% Virgin Coconut Oil	4
10X	1
12-Hexanediol	96
12-Hydroxy Stearic Acid	1
12-Hydroxystearic Acid	4
12-Ketostearic Acid	2
15% Vitamin C	1
15% Vitamin E	1
18-B Glycyrrhetinic Acid	1
1Odopropynyl Butylcarbamate	2
2% Salicylic Acid	3
2,0-Ethyl Ascorbic Acid	4
2,1-Alkanolamide	1
2,3-Butanediol	86
2,4-Dimethyl-3-Cyclohexene Carboxaldehyde	2
2,6-Dimethyl-5-Heptenal	1
2,6-Dimethyl-7-Octen-2-Ol	6
2-0Leamido-1,3-0Ctadecanediol	1
2-Amino-2-Methyl-1-Propanol	1
2-Amino-5-Guanidinopentanoic Acid	22
2-Bromo 2 Nitropropane 1, 3 Diol	1
2-Bromo-2 Nitropropane-1,3-Diol	2
2-Bromo-2-Nitropropane-1 3-Diol	1
2-Bromo-2-Nitropropane-1, 3-Diol	18
2-Bromo-2-Nitropropane-1, 3-Dlol	1
2-Bromo-2-Nitropropane-1,3-Diol	75
2-Bromo-2Nitropropane-1, 3-Diol	1
2-Bromo-Nitropropane-1, 3-Diol	1
2-Ethanol	1
2-Ethylhexyl Ester	1
2-Ethylhexyl Palmitate	1
2-Hexoxyethanol	1
2-Mercaptonicotinoyl Glycine	6
2-Methyl-2H-Isothiazol-3-One	1
2-Methyl-4-Isothiazolin-3-One	1
2-Methylbutyric Acid	2
2-Methylisothiazol-3-One	1
2-Methylpent-2-En-1-Oic Acid	1
2-O-Ethyl Ascorbic Acid	23
2-Octyl Dodecanol	1
2-Oleamido-1, 3-Octade-Canediol	1
2-Oleamido-1,3-Octadecanediol	58
2-Phenoxyethanol	13
2-Phenoxyethyl Isobutyrate	2
2-Phosphonobutane-1,2,4-Tricarboxylic Acid	1
2-Propionaldehyde	2
2-T-Butylcyclohexyl Acetate	5
2.5% Benzoyl Peroxide	1
2.6% Octocrylene	1
20% Vitamin C	1
20X	1
24-Karat Gold Leaf	2
24K Gold	7
24K Gold Powder	1
3,0-Ethyl Ascorbic Acid	169
3,2-Methylpropionaldehyde	4
3,4-Dihydroxybenzoic Acid	1
3,6-Nonadienol	1
3,7-Dimethyloct-1-En-3-Ol	2
3,7-Dimethylocta-1,3,6-Triene	1
3,7-Dimethyloctan-3-Ol	1
3-Amino-6-Methoxy-2-Methylaminopyridine Dihydrochloride	1
3-Aminopropane Sulfonic Acid	39
3-Bromobenzaldehyde	1
3-Chloro-2-Methylisothiazol-3-One	1
3-Clays	1
3-Dimethylaminopropylamine	1
3-Diol 2-Bromo-2-Nitropropane-1	1
3-Glyceryl Ascorbate	9
3-Hexanol	3
3-Hexen-1-Ol	1
3-Hexenol	35
3-Laurylglyceryl Ascorbate	1
3-Methyl	1
3-Methyl-4--3-Buten-2-One	2
3-Methylhydantoin-2-Imide	1
3-O Ethyl Ascorbic Acid	10
3-O-Cetyl Ascorbic Acid	2
3-O-Ethyl Ascorbic Acid	430
3-O-Ethyl-L-Ascorbic Acid	3
3-Phenylpropanol	4
3.0% Avobenzone	1
3.0% Homosalate	1
30% Proxylane	1
30X Hpus Argentum Metallicum	1
3A	2
4,2-Butanone	1
4,5,6,7,7A-Hexahydro-4,7-Methanoinden-6-Yl Acetate	2
4-Butan-2-One	4
4-Butylcyclohexanol	1
4-Butylresorcinol	15
4-Chloro-M-Cresol	1
4-Ethoxybenzaldehyde	4
4-Ethylguaiagol	1
4-Ethylresorcinol	8
4-Hydroxyacetophenone	14
4-Hydroxyisohexyl 3-Cyclohexene Carboxaldehyde	1
4-Methylbenzylidene Camphor	4
4-Propyl Guaiacol	1
4-Propyl Olactane Acetate	1
4-T-Butylcyclohexanol	97
4-Terpineol	25
4-Tert-Butylcyclohexyl Acetate	4
5% CITRIC Acid	1
5% Lactic Acid	1
5% Malic Acid	1
5,5,6-Trimethylbicyclohept-2-Ylcyclohexanol	1
5-Bromo-5-Nitro-1,3-Dioxane	2
5-Chloro-2-Methyl-2H-Isothiazol-3-One	1
5-Chloro-2-Methyl-4-Isothiazolin-3-One	2
5-Cyclopentadecen-1-One	1
5.0% Octisalate	1
7-Dehydrocholesterol	54
7-N-Ethylhept-5-Enamide	1
8-Hydroxy Quinoline Sulfate	1
8-Hydroxy Quinoline Sulfate 0.3%	3
8-Hydroxyquinoline	1
8-Hydroxyquinoline Sulfate	12
8-Hydroxyquinoline Sulfate 0.3	1
9-Hydrogenated Lecithin	1
90% Polyphenol Isolate Of Camellia Sinensis Leaf Extract	1
99% Marula Oil	1
A-Bisabolol	2
A-Isomethyl Ionone	1
A-Lipoic Acid	2
A-Pinene	1
A-Terpinyl Acetate	2
A.Sap	1
Aamla Fruit Extract	1
Aastragalus Membranaceus Root Extract	1
Abelmoshcus Moschatus Oil	1
Abes Balsamea Tincture	1
Abies Alba Leaf Oil	6
Abies Balsamea Extract	3
Abies Balsamea Needle Oil	4
Abies Balsamea Oil	2
Abies Pectinata Leaf Oil	1
Abies Picea Extract	1
Abies Siberica Oil	2
Abies Sibirica Needle Oil	2
Abies Sibirica Oil	49
Abronia Villosa Leaf Extract	5
Abutilon Indicum Extract	2
Abyssinian Oil	1
Abyssinian Oil Seed Oil**	1
Acacia	2
Acacia Catechu Catechins	1
Acacia Catechu Gum	2
Acacia Cathechu	1
Acacia Collagen	1
Acacia Concinna Fruit Extract	16
Acacia Concinna Fruit Powder	1
Acacia DEALABATA Flower/Stem Extract	1
Acacia DEALBATA Flower Extract	1
Acacia DEALBATA Flower Wax	21
Acacia Decurrens Absolute	1
Acacia Decurrens Extract	9
Acacia Decurrens Flower Cera	13
Acacia Decurrens Flower Cera / Acacia Decurrens Flower Wax	10
Acacia Decurrens Flower Cera/Acacia Decurrens Flower Wax	7
Acacia Decurrens Flower Cera/Accia Decurrens Flower Wax	4
Acacia Decurrens Flower Cera/Wax	5
Acacia Decurrens Flower Extract	33
Acacia Decurrens Flower Wax	220
Acacia Decurrens Wax*	1
Acacia Decurrens/Jojoba	1
Acacia Decurrens/Jojoba/Sunflower Seed Cera/Polyglyceryl-3 Esters	6
Acacia Decurrens/Jojoba/Sunflower Seed Wax Polyglyceryl-3 Esters	5
Acacia Decurrens/Jojoba/Sunflower Seed Wax/Polyglyceryl-3 Esters	27
Acacia Farnesiana Flower Extract	12
Acacia Farnesiana Flower Wax	2
Acacia Farnesiana Flower/Stem Extract	1
Acacia Gum	27
Acacia Gum Extract	1
Acacia Honey Extracts	1
Acacia Senegal / Acacia Senegal Gum	1
Acacia Senegal Extract	1
Acacia Senegal Flower/Stem Extract	1
Acacia Senegal Gum	533
Acacia Senegal Gum Extract	19
Acacia Senegal Gum*	7
Acacia Seyal Extract	30
Acacia Seyal Gum	3
Acacia Seyal Gum Extract	15
Acacia Victoriae Fruit Extract	2
Acai	13
Acai Berry	2
Acai Berry Extract	4
Acai Berry Juice	2
Acai Berry Oil	1
Acai Berry Puree	1
Acai Extract	4
Acai Flavor	3
Acai Fruit Extract	6
Acai Fruit Oil	2
Acai Oil	3
Acanthopanax Senticosus Root Extract	24
Accharide Hydrolysate	2
Acer Mono Sap	1
Acer Pensylvanicum Leaf Extract	1
Acer Rubrum Bark Extract	18
Acer Rubrum Extract	5
Acer Rubrum Leaf Extract	1
Acer Saccharinum Extract	21
Acer Saccharinum Extract / Sugar Maple Extract	6
Acer Saccharinum Extract/Sugar Maple Extract	5
Acer Saccharum	31
Acer Saccharum Extract	346
Acer Saccharum Extract / Sugar Maple Extract	4
Acer Saccharum Extract/Sugar Maple Extract	5
Acer Saccharum Leaf Extract	1
Acer Saccharum Sap	2
Acer Saccharum Sap Extract	14
Acerola Extract	2
Acerola Fruit Extract	1
Acesulfame Potassium	1
Acetal Hexapeptide-8	1
Acetamide MEA	19
Acetamidoethoxyethanol	23
Acetamidoethyoxyethanol	5
Acetate Tocopheryl Acrylates/C10-30 Alkyl Acrylate Crosspolymer	1
Acethyl Tetrapeptides-15	1
Acetic Acid	114
Acetone	16
Acetone Nf	2
Acetum	6
Acetum/Vinegar/Vinaigre	2
Acetyl Alcohol	1
Acetyl Carboxymethyl Cocoyl Glycinate	1
Acetyl Carboxymethyl Cocoyl Glycine	2
Acetyl Carnitine Hci	2
Acetyl Carnitine Hcl	21
Acetyl Carnosine	1
Acetyl Cedrene	11
Acetyl CITRULL Amido Arginine	1
Acetyl Cysteine	34
Acetyl Decapeptide-3	6
Acetyl Dipeptide 1 Cetyl Ester	7
Acetyl Dipeptide-1 Cetyl Ester	270
Acetyl Dipeptide-1 Cetylester	2
Acetyl Dipeptide-1 Ceyl Ester	1
Acetyl Dipeptide-13 Diphenylglycine	1
Acetyl Dipeptide-3 Aminohexanoate	1
Acetyl Dipeptide-31 Amide	12
Acetyl Ethylhexyl Polyhydroxystearate	1
Acetyl Glucosamine	472
Acetyl Glutamine	92
Acetyl Glutamyl Heptapeptide-1	2
Acetyl Glycyl Beta-Alanine	11
Acetyl Heptapeptide-4	25
Acetyl Heptapeptide-9	13
Acetyl Hexapepetide-8	1
Acetyl Hexapeptide 8	7
Acetyl Hexapeptide-1	46
Acetyl Hexapeptide-20	1
Acetyl Hexapeptide-22	1
Acetyl Hexapeptide-24 Amide	2
Acetyl Hexapeptide-3	23
Acetyl Hexapeptide-30	9
Acetyl Hexapeptide-37	15
Acetyl Hexapeptide-38	8
Acetyl Hexapeptide-49	8
Acetyl Hexapeptide-51 Amide	6
Acetyl Hexapeptide-6	1
Acetyl Hexapeptide-7	1
Acetyl Hexapeptide-8	978
Acetyl Hexapeptide-9	2
Acetyl Hexapeptides	1
Acetyl Hexapeptide‚Äì8	1
Acetyl Hydroxyproline	15
Acetyl Mandelic Acid	1
Acetyl Methionine	11
Acetyl Octapeptide-3	134
Acetyl Phytosphingosine	2
Acetyl Proline	2
Acetyl Rheum Rhaponticum Root Extract	6
Acetyl Sh-Heptapeptide-1	3
Acetyl Sh-Hexapeptide-5 Amide Acetate	13
Acetyl Sh-Pentapeptide-35	2
Acetyl Tetrapeptide	2
Acetyl Tetrapeptide-11	64
Acetyl Tetrapeptide-15	21
Acetyl Tetrapeptide-17	4
Acetyl Tetrapeptide-2	130
Acetyl Tetrapeptide-22	4
Acetyl Tetrapeptide-3	19
Acetyl Tetrapeptide-30	1
Acetyl Tetrapeptide-40	6
Acetyl Tetrapeptide-5	155
Acetyl Tetrapeptide-9	89
Acetyl Tetrapeptides	2
Acetyl Tributyl CITRATE	15
Acetyl Trifluoromethylphenyl Valylglycine	35
Acetyl Tripeptide-108 N-Acetyl Lysyl Glutamine	1
Acetyl Tyrosinamide	13
Acetyl Tyrosine	47
Acetyl Zingerone	25
Acetyl-L Carnitine	1
Acetylarginyl-Tryptophyl Diphenylglycine	1
Acetylarginyltryptophyl Diphenylglycine	20
Acetylate Lanolin Alcohol	3
Acetylated Glycol Stearate	27
Acetylated Hydrogenated Lanolin	21
Acetylated Lanolin	15
Acetylated Lanolin Alcohol	158
Acetylated Sodium Hyaluronate	1
Acetylated Sucrose Distearate	5
Acetylglucosamine	2
Acetylglutaminoyl Farnesylcysteine	1
Acetylglutaminoyl Farnesylcysteine*	3
Acetylhexa Peptide-8	1
Acetylhexapeptide-8	1
Achillea Asiatica Flower/Leaf/Steam Extract	1
Achillea Millefolium	7
Achillea Millefolium Aqueous Extract	1
Achillea Millefolium Essential Oil	2
Achillea Millefolium Extract	212
Achillea Millefolium Flower Extract	37
Achillea Millefolium Flower Oil	2
Achillea Millefolium Flower/Leaf Extract	4
Achillea Millefolium Flower/Leaf/Stem Extract	8
Achillea Millefolium Flower/Leaf/Stem Oil	1
Achillea Millefolium Leaf Extract	2
Achillea Millefolium Oil	18
Achillea Millefolium Tincture	1
Achillea Millefolium Yarrow	1
Achillea Milleforium Flower/Leaf/Stem Extract	1
Acid Blue 9	2
Acid Red 18	3
Acid Red 33	1
Acid Red 33 / CI 17200	1
Acid Red 33 17200	1
Acid Red 5	1
Acid Yellow 23 Aluminum Lake	1
Acid Yellow 3	1
Acidified Amino Acid	3
Acidophillus/Grape Ferment	3
Acifructol Complex P63	1
Acmella Oleracea Extract	80
Acohol	1
Acorus Calamus	2
Acorus Calamus Root	2
Acorus Calamus Root Extract	43
Acorus Gramineus Extract	9
Acorus Gramineus Root/Stem Extract	4
Acrocomia Aculeata Kernel Oil	1
Acrolein/Acrylic Acid Copolymer	1
Acronychia Acidula Fruit Extract	7
Acrorus Calamus Root Extract	1
Acrylamide	1
Acrylamide / Sodium Acryloyldimethyltaurate Copolymer	4
Acrylamide Ammoniumacrylate Copolymer	1
Acrylamide Copolymer	2
Acrylamide Sodium Acrylate Copolymer	4
Acrylamide Sodium Acryloyldimethyltaurate Acrylic Acid Copolymer	2
Acrylamide/ Sodium Acryloyldimethyltaurate Copolymer	13
Acrylamide/Acryloyldimethyl Taurate Copolymer	2
Acrylamide/Ammonium Acrylate Copolymer	23
Acrylamide/Sodium Acrylate Copolymer	10
Acrylamide/Sodium Acryloyldimethyl Taurate Copolymer	10
Acrylamide/Sodium Acryloyldimethyltaurate Copolymer	327
Acrylamides Copolymer	2
Acrylamidopropyltrimonium Chloride/Acrylamide Copolymer	2
Acrylate Copolymer	5
Acrylate/C10-30 Alkyl Acrylate Copolymer	1
Acrylate/C10-30 Alkyl Acrylate Crosspolymer	11
Acrylate/Octylpropenamide Copolymer	1
Acrylates / C-10-30 Alkyl Acrylate Crosspolymer	1
Acrylates / C10-30 Alkyl Acrylate Crosspolymer	23
Acrylates /C10-30 Alkyl Acrylate Crosspolymer	8
Acrylates C10-30 Alkyl Acrylate Crosspolymer	26
Acrylates Co-Polymer	1
Acrylates Copolymer	963
Acrylates Crosspolymer	25
Acrylates Crosspolymer-4	40
Acrylates-C10-30-Alkyl-Acrylate-Crosspolymer	5
Acrylates/ C10-30 Alkyl Acrylate	6
Acrylates/ C10-30 Alkyl Acrylate Crosspolymer	85
Acrylates/ Polytrimethylsiloxymethacrylate Copolymer	1
Acrylates/ Steareth-20 Methacrylate Copolymer	3
Acrylates/10-30 Alkyl Acrylate Crosspolymer	1
Acrylates/Acrylamide Copolymer	38
Acrylates/Aminoacrylates/C10-30 Alkyl	3
Acrylates/Aminoacrylates/C10-30 Alkyl PEG-20 Itaconate Copolymer	2
Acrylates/Ammonium Methacrylate Copolymer	100
Acrylates/Beheneth 25 Methacrylate Copolymer	1
Acrylates/Beheneth-25 Methacrylate Copolymer	74
Acrylates/C 10-30 Alkyl Acrylate Crosspolymer	9
Acrylates/C-10-30 Alkyl Acrylate Crosspolymer	7
Acrylates/C0-30 Alkyl Actylate Crospolymer	2
Acrylates/C1-30 Alkyl Acrylate Crosspolymer	2
Acrylates/C10 30 Alkyl Acrylate Crosspolymer	18
Acrylates/C10--30 Alkyl Acrylate Crosspolymer	1
Acrylates/C10-30 Acrylate Crosspolymer	9
Acrylates/C10-30 Alky Acrylate Crosspolymer	13
Acrylates/C10-30 Alky Evaluate Crosspolymer	1
Acrylates/C10-30 Alkyl Acrylate	5
Acrylates/C10-30 Alkyl Acrylate Copolymer	2
Acrylates/C10-30 Alkyl Acrylate Crosspolymer	4252
Acrylates/C10-30 Alkyl Acrylatecrosspolymer	5
Acrylates/C10-30 Alkyl Acrylates Crosspolymer	38
Acrylates/C10-30 Alkyl Crosspolymer	7
Acrylates/C10-30 Alkyl Methacrylate Copolymer	5
Acrylates/C10-30 Alkylacrylate Crosspolymer	14
Acrylates/C10-30 Coalkyl Acrylate Crosspolymer	1
Acrylates/C10/30 Alkyl Acrylate Crosspolymer	1
Acrylates/C1030 Alkyl Acrylate Crosspolymer	2
Acrylates/C12-22 Alkyl Methacrylate Copolymer	15
Acrylates/Carbamate Copolymer	8
Acrylates/Ceteth-20 Itaconate Copolymer	1
Acrylates/Ci0-30 Alkyl Acrylate Crosspolymer	5
Acrylates/Cio-30 Alkyl Acrylate Crosspolymer	9
Acrylates/Dimethicone Copolymer	47
Acrylates/Dimethylaminoethyl Methacrylate Copolymer	2
Acrylates/Ethylhexyl Acrylate Copolymer	11
Acrylates/Ethylhexyl Acrylate Crosspolymer	6
Acrylates/Isobornyl Acrylate Copolymer	2
Acrylates/Methoxy PEG-10 Maleate/Styrene Copolymer	1
Acrylates/Methoxy PEG-15 Methacrylate Copolymer	7
Acrylates/Octylacrylamide Copolymer	5
Acrylates/Palmeth-25 Acrylate Copolymer	26
Acrylates/Peg-10 Maleate/Styrene Copolymer	1
Acrylates/Polytrimethylsiloxymethacrylate Copolymer	9
Acrylates/Steareth 20 Methacrylate Crosspolymer	1
Acrylates/Steareth-20 Methacrylate Copolymer	74
Acrylates/Steareth-20 Methacrylate Crosspolymer	8
Acrylates/Stearyl Acrylate/Dimethicone Methacrylate Copolymer	2
Acrylates/Stearyl Methacrylate Copolymer	13
Acrylates/Stearyl Methylacrylate Copolymer	1
Acrylates/Va Copolymer	5
Acrylates/Vinyl Isodecanoate Crosspolymer	55
Acrylates/Vinyl Neodecanoate Crosspolymer	2
Acrylatesc10-30 Alkyl Acrylate Crosspolymer	9
Acrylatescopolymer	1
Acrylates\C10-30 Alkyl Acrylate Crosspolymer	1
Acrylic Acid	5
Acrylic Acid Copolymer	3
Acrylic Acid Polymer	1
Acrylic Acid/Acrylamidomethyl Propane Sulfonic Acid Copolymer	28
Acrylic Acid/Vp Crosspolymer	9
Acrylic Polymer	1
Acrylonitrile/Methacrylonitrile/Methyl Methacrylate Copolymer	1
Acrylonitrile/Methyl Methacrylate/Vinylidene Chloride Copolymer	45
Acrylonitrile/Methyl Methacrylatevinylidene Chloride Copolymer	1
Acryloyldimethyl Taurate Copolymer	6
Acrylyl Glycol	1
Actinida Chinensis Fruit Seed Oil	1
Actinidia Arguta Fruit Extract	5
Actinidia Chinenesis Fruit Juice	1
Actinidia Chinensis	1
Actinidia Chinensis Fruit Extract	130
Actinidia Chinensis Fruit Extract*	1
Actinidia Chinensis Fruit Juice	3
Actinidia Chinensis Fruit Powder	3
Actinidia Chinensis Fruit Water	23
Actinidia Chinensis Nut Oil	1
Actinidia Chinensis Seed	7
Actinidia Chinensis Seed Extract	2
Actinidia Chinensis Seed Oil	35
Actinidia Chinensis Water	3
Actinidia Deliciosa Fruit	1
Actinidia Deliciosa Fruit Extract	1
Actinidia Polygama Fruit Extract	3
Activated Bamboo Charcoal	2
Activated Carbon	1
Activated Carbon Powder	3
Activated Charcoal	47
Activated Charcoal Powder	8
Activated Coconut Charcoal	3
Activated Hydrogen Water	1
Activated Oxygen	1
Active Carbon	1
Active Charcoal	1
Active Colloidal Oatmeal 1%	1
Active Manuka Honey	1
Acuminata Seed Extract	1
Acylates/C10-30 Alkyl Acrylate Crosspolymer	4
Acylglutamate	1
Adansonia Digitala	1
Adansonia Digitata	31
Adansonia Digitata *	2
Adansonia Digitata Extract	2
Adansonia Digitata Fruit	1
Adansonia Digitata Fruit Extract	56
Adansonia Digitata Fruit Oil	1
Adansonia Digitata Fruit Powder	1
Adansonia Digitata Leaf Extract	3
Adansonia Digitata Oil	39
Adansonia Digitata Pulp Extract	19
Adansonia Digitata Seed Butter	3
Adansonia Digitata Seed Extract	33
Adansonia Digitata Seed Oil	201
Adansonia Digitata Seed Oil*	4
Adansonia Digitate Oil	1
Adapalene	7
Adapalene 0.1%	6
Adapalene Usp 0.1%	8
Adenine	4
Adenium Obesum Leaf Cell Extract	8
Adenium Obesum Leaf Extract	1
Adenophora Stricta Root Extract	2
Adenosine	1799
Adenosine Phosphate	45
Adenosine Triphosphate	41
Adeps Bovis	4
Adeps Lanae	1
Adesmia Boronioides Flower/Leaf/Stem Oil	1
Adipic Acid	8
Adipic Acid/ Neopentyl Glycol Crosspolymer	1
Adipic Acid/Diglycol Crosspolymer	14
Adipic Acid/Neopentyl Glycol Crosspolymer	39
Adipic Acid/Neopentyl Glycol/Trimellitic Anhydride Copolymer	2
Adult Adipose Stem Cell Conditioned Media	1
Advanced Cellular Silver 200 Parts Per Million	1
Aea Certified Grade A Emu Oil	3
Aea Certified Pure Emu Oil	1
Aegle Marmelos Root Extract	2
Aegle Mermelos Fruit Extract	1
Aerylates/C10-30 Alkyl Acrylate Crosspolymer	1
Aerylates/Steareth 20 Methacrylate Copolymer	1
Aescin	1
Aesculus Hippocastanum	3
Aesculus Hippocastanum Bark Extract	12
Aesculus Hippocastanum Extract	83
Aesculus Hippocastanum Seed Extract	153
Aesculus Hippocastanum Seed Extract*	5
Aframomum Angustifolium Seed Extract	15
Aframomum Melegueta Seed Extract	2
Aframonium Angustifolium Seed Extract	3
African Black Soap	4
African Black Soap Base	2
African Black Soap Extract	1
African Cucumber*	1
African Mint Extract	3
African Potato Extract	2
African Shea Butter	2566
African Violet Essential Oil	1
African Wild Honey	2
Africana Fruit Extract	2
Aga	1
Agania Spinosa Oil	1
Agar	234
Agaricus Bisporus Extract	7
Agarose	1
Agarum Cribosum Extract	5
Agarum Cribrosum Extract	1
Agastache Mexicana Flower/Leaf/Stem Extract	40
Agathosma Betulina	1
Agathosma Capensis Oil	1
Agava Americana Leaf Extract	2
Agave Aloe	1
Agave Americana Extract	1
Agave Americana Leaf Extract	16
Agave Americana Stem Extract	15
Agave Extract	1
Agave Nectar	1
Agave Nectar*	1
Agave Rigida Extract	1
Agave Syrup	1
Agave Tequilana Leaf	1
Agave Tequilana Leaf Extract	107
Agave Tequilana Stem Extract	2
Agnimantha	1
Agrimonia Eupatoria Extract	4
Agropyron Repens Root Extract	1
Agrostis Sibirica Extract	1
Agua	6
Agua/Water	1
Ahnfeitiopsis Concinna Extract	1
Ahnfeltia Concinna Extract	19
Ahnfeltia Plicata Extract	1
Ahnfeltiopsis Concinna Extract	24
Ajuga Reptans Cell Culture Extract	2
Ajuga Turkestanica Extract	3
Akebia Quinata Extract	6
Akebia Quinata Stem Extract	8
Alangium Salviifolium	1
Alanine	659
Alanine/Histidine/Lysine Polypeptide Copper Hcl	1
Alantoin	21
Alanyl Glutamine	50
Alanyl Sr-Spider Oligopeptide-1	1
Alaria Esculenta	1
Alaria Esculenta Extract	87
Alaska Glacial Mineral Mud Powder	1
Alaskan Glacier Mineral Clay	3
Alaskan Pure Water	1
Albatrellus Confluens Extract	12
Albatrellus Ovinus Extract	3
Albe Barbadensis Leaf Juice	9
Albizia Bark Extract	1
Albizia Julibrissin Bark Extract	190
Albizia Julibrissin Flower Extract	1
Albizia Lebbeck	1
Album Sandalwood	1
Albumen	7
Albumen Extract	5
Albumin	13
Alcaligenes Polysaccharides	49
Alcaligernes Polysaccharides	1
Alchemeilla Vulgaris Flower/Leaf/Stem Extract	1
Alchemilla Alpinia Extract	2
Alchemilla Vulgaris	1
Alchemilla Vulgaris Extract	85
Alchemilla Vulgaris Flower/Leaf/Stem Extract	7
Alchemilla Vulgaris Leaf Extract	34
Alchemilla Vulgaris Leaf Extract*	1
Alcloxa	4
Alcohol	2326
Alcohol 14	1
Alcohol 14%	3
Alcohol D Enat	1
Alcohol DEANT	1
Alcohol Denat	2258
Alcohol Denat. / Sd Alcohol 39-C	1
Alcohol Denat./Sd Alcohol 39-C	1
Alcohol Denatured	22
Alcohol Ethoxy Sulfate	1
Alcohol Ethoxylate	1
Alcohol Sd 38-B	1
Alcohol Sd-40	2
Alcohol Sd-40A	1
Alcohol Sd-40B	1
Alcohol Sulfate C10-16	1
Alcohol Usp	1
Alcohol*	10
Alcohol/Styrax Gum	5
Alcoholdenat	4
Alcohols	1
Aleromonas Ferment Extract	1
Alertes Moluccana Seed Oil	3
Alertes Moulecana Nut Oil	1
Alertes Mouluraccana Nut Oil	1
Aletris Farinosa Root Extract	4
Aleurite Moluccana Seed Oil	1
Aleurites Moluccana	1
Aleurites Moluccana Extract	15
Aleurites Moluccana Nut Oil	5
Aleurites Moluccana Nut Oil / Aleurites Molucanna Seed Oil	1
Aleurites Moluccana Oil	15
Aleurites Moluccana Seed Extract	30
Aleurites Moluccana Seed Oil	111
Aleurites Moluccana Seed Oil*	4
Aleurites Moluccans Oil	2
Aleurites Moluccanus Seed Extract	24
Aleurites Moluccanus Seed Oil	75
Aleurites Moluceana Nut Oil	2
Aleuritic Acid	10
Alfalfa	1
Alfalfa Extract	6
Alfalfa Leaf	1
Algae	5
Algae Exopolysaccharides	20
Algae Extract	1242
Algae Extract/Lithothamnium Calcareum Extract	1
Algae Extracts	61
Algae Oligosaccharides	7
Algae Phaeophyceae Extract	1
Algal Betaine	1
Algin	485
Alginate	2
Alginic Acid	18
Alicornia Hersacea Extract	1
Alisma Orientale Tuber Extract	1
Alisma Plantago Aquatica Extract	1
Alisma Plantago-Aquatica Extract	2
Alistin	1
Aliz Violet Dye	1
Alkali	3
Alkaline Water	1
Alkanet Root Extract	1
Alkanet Root Powder	2
Alkanna Tinctoria Root Extract	36
Alkyd Resins	1
Alkyl Acrylate Crosspolymer	6
Alkyl Benzoate	7
Alkyl Benzyl Trimethyl Ammonium Chloride	1
Alkyl Dimethyl Amine Oxide	1
Alkyl Methacrylate Copolymer	2
Alkyl Methyacryalte Crosspolymer	1
Alkyl Polyglucoside	14
Alkyl Polyglucosides	2
Alkyl Polyglycol Ether	1
Alkyl Polyglycoside	3
Alkylpolyglucoside	4
Alkylpolyglucoside C8‚Äìc16	1
Alkylpolyglycoside	1
All Natural Lime Fragrance	1
All Natural Pure Calcium Bentonite Clay	1
All Natural Vanilla	1
Allafia	1
Allantion	11
Allantoin	5491
Allantoin Acetyl Methionine	1
Allantoin Extract	1
Allantoin Glycyrrhetinic Acid	9
Allantoin Liposome	1
Allanton	2
Allation	1
Allium Cepa Bulb Extract	26
Allium Fistulosum Bulb Extract	4
Allium Sativum Bulb Extract	44
Allium Sativum Extract	2
Allium Tuberosum Seed Extract	3
Alloferon-1	1
Allontoin	3
Allyl 3-Cyclohexylpropionate	1
Allyl Caproate	20
Allyl Heptanoate	3
Allyl Heptoate	2
Allyl Methacrylate Crosspolymer	2
Allyl Methacrylates Crosspolymer	70
Allyl Stearate/Va Copolymer	1
Alma Fruit Extract	1
Almond	3
Almond Essential Oil	2
Almond Extract	1
Almond Milk	2
Almond Oil	86
Almond Oil Glycereth-8 Esters	2
Almond Oil PEG-8 Esters	3
Almond PEG-8 Esters	1
Almond/Borage/Linseed /Olive Acids/Glycerides	1
Almond/Borage/Linseed/Olive Acids/Glycerides	5
Almonds	1
Aloe	41
Aloe Andongensis Extract	1
Aloe Arborescens Leaf Extract	8
Aloe Arborescens Leaf Juice	2
Aloe Barbadenis Leaf Juice	4
Aloe Barbadens Leafuice	1
Aloe Barbadensis	315
Aloe Barbadensis *	1
Aloe Barbadensis / Aloe Barbadensis Leaf Juice	7
Aloe Barbadensis Callus Extract	1
Aloe Barbadensis Co2 Extract	1
Aloe Barbadensis Decolorized Leaf Juice	1
Aloe Barbadensis Direct Juice	1
Aloe Barbadensis Extract	186
Aloe Barbadensis Extract / Aloe Barbadensis Leaf Extract	9
Aloe Barbadensis Extract*	2
Aloe Barbadensis Extract/Aloe Barbadensis Leaf Extract	4
Aloe Barbadensis Flower Extract	212
Aloe Barbadensis Gel	163
Aloe Barbadensis Gel Extract	2
Aloe Barbadensis Ieaf Juice	1
Aloe Barbadensis Juice	57
Aloe Barbadensis Juice Extract	3
Aloe Barbadensis Lead Juice	1
Aloe Barbadensis Leaf	60
Aloe Barbadensis Leaf Concentrate	1
Aloe Barbadensis Leaf Extract	2297
Aloe Barbadensis Leaf Extract Butter	1
Aloe Barbadensis Leaf Extract Extract	1
Aloe Barbadensis Leaf Extract/Aloe Vera Extract	1
Aloe Barbadensis Leaf Extract¬≥	5
Aloe Barbadensis Leaf Gel	4
Aloe Barbadensis Leaf Ice	1
Aloe Barbadensis Leaf Juce	1
Aloe Barbadensis Leaf Juice	7302
Aloe Barbadensis Leaf Juice *	2
Aloe Barbadensis Leaf Juice Extract	21
Aloe Barbadensis Leaf Juice Powder	599
Aloe Barbadensis Leaf Juice Powder*	4
Aloe Barbadensis Leaf Juice Powder/Aloe Barbadensis Leaf Juice	2
Aloe Barbadensis Leaf Juice/Aloe Barbadensis Leaf Juice	5
Aloe Barbadensis Leaf Juice¬≤	58
Aloe Barbadensis Leaf Oil	6
Aloe Barbadensis Leaf Polysaccharides	88
Aloe Barbadensis Leaf Powder	187
Aloe Barbadensis Leaf Powder Organic	2
Aloe Barbadensis Leaf Vera	1
Aloe Barbadensis Leaf Water	154
Aloe Barbadensis Leat Juice	3
Aloe Barbadensis Leave Juice*	1
Aloe Barbadensis Oil	4
Aloe Barbadensis Oil Leaf Extract	1
Aloe Barbadensis Organic Aloe Vera Leaf Juice	1
Aloe Barbadensis Powder	2
Aloe Barbadensis Powder*	2
Aloe Barbadensis/Aloe Barbadensis Leaf Juce	4
Aloe Barbadensis/Aloe Barbadensis Leaf Juice	9
Aloe Barbadensisleaf Extract	1
Aloe Barbadenss Extract	1
Aloe Barbandensis Leaf Extract	1
Aloe Barbandensis Leaf Extract/Aloe Barbandensis	1
Aloe Barbandensis Leaf Juice	1
Aloe Barbardensis Leaf	2
Aloe Barbendensis Leaf Juice	3
Aloe Barbensis Leaf Juice	1
Aloe Barradensis Leaf Juice	1
Aloe Butter	3
Aloe Extract	11
Aloe Ferox Leaf Extract	21
Aloe Juice	10
Aloe Juice/Aloe Barbadensis Leaf Juice	1
Aloe Leaf Extract	10
Aloe Leaf Juice	26
Aloe Oil	1
Aloe Saponins	2
Aloe Vera	160
Aloe Vera 200X	1
Aloe Vera Barbadensis Leaf Extract	2
Aloe Vera Barbadensis Leaf Juice	9
Aloe Vera Butter	1
Aloe Vera Callus Extract	3
Aloe Vera Concentrate	1
Aloe Vera Distillate	1
Aloe Vera Extract	60
Aloe Vera Flower Extract	1
Aloe Vera Gel	50
Aloe Vera Gel Extract	2
Aloe Vera Juice	55
Aloe Vera Juice Concentrate	1
Aloe Vera Leaf	2
Aloe Vera Leaf Extract	35
Aloe Vera Leaf Gel	4
Aloe Vera Leaf Juice	28
Aloe Vera Leaf Juice*	1
Aloe Vera Leaf Powder	1
Aloe Vera Liquid	4
Aloe Vera Oil	18
Aloe Vera Oil*	1
Aloe Vera Powder	3
Aloe Vera*	2
Aloe Yohjyu Matsu Ekisu	3
Aloesin	1
Aloethix	1
Alove Vera	1
Aloysia CITRIODORA Distillate	1
Aloysia CITRIODORA Leaves	1
Aloysia CITRODORA Leaf Oil	1
Aloysia Tryphilla	1
Aloysia Tryphilla Organic	2
Alpa-Isomethl Ionone	2
Alpaflor Linum Extract	1
Alpha Acetyl Tetrapeptide-5	2
Alpha Arbutin	24
Alpha Bisabolol	3
Alpha Glucan Oligosaccharide	11
Alpha Hydroxy	1
Alpha Hydroxy Acid	6
Alpha Hydroxy Acids	2
Alpha Iso Methyl Ionone	1
Alpha Isomethyl Ionone	65
Alpha Isomethyl Lonone	5
Alpha Isomethylionone	3
Alpha Lipoic Acid	48
Alpha Olefin Sulfonate	4
Alpha Olefin Sulphonate	1
Alpha Oligo Peptide-6	1
Alpha Oligopeptide-6	4
Alpha Palmitoyl Pentapeptide-5	3
Alpha Pinene	4
Alpha Tocopherol	14
Alpha Tocopherol Acetate	1
Alpha Tocopheryl Acetate	3
Alpha-Arbutin	121
Alpha-Bisabolol	8
Alpha-Defensin 5	10
Alpha-Glucan	9
Alpha-Glucan Oligosaccharide	316
Alpha-Hexylcinnamaldehyde	1
Alpha-Ionone	3
Alpha-Ionone Isomethyl	1
Alpha-Isamethyl Lanone	1
Alpha-Isomethyl 1Onone	3
Alpha-Isomethyl Bnone	1
Alpha-Isomethyl Ionone	1636
Alpha-Isomethyl Lonone	117
Alpha-Isomethylionone	24
Alpha-Lonone	1
Alpha-Lsomethyl Lonone	8
Alpha-Methyl Ionone	5
Alpha-Methylionone	1
Alpha-Terpinene	1
Alpha-Terpineol	1
Alpha-Tocopherol	12
Alphaisomethyl Ionone	8
Alphaisomethylionone	1
Alpine Lichen Extract	1
Alpine Rose Extract	2
Alpinia Galanga	2
Alpinia Galanga Extract	5
Alpinia Galanga Leaf Extract	11
Alpinia Katsumadai Seed Extract	2
Alpinia Officinarum Root Extract	7
Alpinia Speciosa Flower/Leaf/Stem Water	1
Alpinia Speciosa Leaf Extract	11
Alteromonas Ferment Extract	131
Alteromonas Ferment Filtrate	9
Alteromonus Ferment Filtrate	1
Althaea Ocinalis Leaf/Root Extract	1
Althaea Ocinalis Root Extract	2
Althaea Officinalas Infusion*	2
Althaea Officinalis	1
Althaea Officinalis Extract	23
Althaea Officinalis Flower Extract	3
Althaea Officinalis Leaf Extract	10
Althaea Officinalis Leaf/Root Extract	8
Althaea Officinalis Marshmallow Plant Root Extract	1
Althaea Officinalis Root	1
Althaea Officinalis Root Extract	304
Althaea Officinalis Root Oil	1
Althaea Rosea Flower Extract	81
Althaea Rosea Root Extract	18
Althea	1
Althea Officinalis	1
Althea Officinalis Root Extract	20
Althea Rosea Flower Extract	1
Alumina	513
Alumina Magnesium Metasilicate	2
Aluminium	1
Aluminium Hydroxide	5
Aluminium Oxide	2
Aluminium Powder	1
Aluminium Silicate	1
Aluminium Starch Octenylsuccinate	7
Aluminum	6
Aluminum Benzoate	3
Aluminum Calcium Sodium Silicate	10
Aluminum Chlorohydrate	7
Aluminum Dimyristate	10
Aluminum Dioxide	1
Aluminum Distearate	13
Aluminum Glycinate	48
Aluminum Hydroxide	576
Aluminum Magnesium Hydroxide Stearate	1
Aluminum Magnesium Silicate	1
Aluminum Oxide	8
Aluminum Powder	11
Aluminum Silica	2
Aluminum Silicate	8
Aluminum Silicate Clay	1
Aluminum Starch	19
Aluminum Starch Octenyl Succinate	6
Aluminum Starch Octenylsuccinate	687
Aluminum Stearate	52
Aluminum Stearates	54
Aluminum Sucrose Octasulfate	8
Aluminum Tristearate	3
Aluminum Zirconium Tetrachlorohydrex Gly	2
Aluminum Zirconium Trichlorohydrex Gly	1
Aluminum/Magnesium Hydroxide Stearate	11
Alvandula Intermedia Leaf Flower/Stem Extract	1
Amalaki Berry Extract	1
Amalaki Fruit Powder	1
Amaranth Oil	1
Amaranth Seed Extract	2
Amaranthus Caudatus Extract	5
Amaranthus Caudatus Seed Extract	66
Amaranthus Caudatus Seed Oil	5
Amaranthus Cruentus Oil	2
Amaranthus Hypochondriacus Seed Extract	1
Amaranthus Squalane Oil	1
Amaranthus Squalene Oil	1
Amber Extract	5
Amber Extroct	1
Amber Fragrance Oil	1
Amber Leaf Extract	2
Amber Powder	52
Ambrettolide	3
Amelanchier Alnifolia Fruit Extract	7
American Ginseng Extract	1
American Grade A Emu Oil	1
Amethyst Extract	4
Amethyst Powder	21
Amethyst Powoer	1
Amethyst Stone	1
Amethysts Extract	1
Amica Cordifolia Extract	1
Amica Montana Extract	3
Amica Montana Flower Extract	11
Amidinobenzyl Benzylsulfonyl D-Seryl Homophenylalaninamide Acetate	2
Amidopropyl Betaine	1
Amidopropyl Ethyldimonium Ethosulfate	3
Amigel	1
Amigum	1
Amino Acid	2
Amino Acid Complex	4
Amino Acid Condensate	1
Amino Acids	13
Amino Ester-1	1
Amino Esters-1	36
Amino Methyl Propanol	8
Amino Propanol	1
Amino-Esters-1	3
Amino-Peptide	4
Amino-Propanol Ascorbyl Phosphate	1
Aminobutyric Acid	33
Aminoethane Sulfonic Acid	2
Aminoethylphosphinic Acid	8
Aminoguanidine	1
Aminoguanidine Hcl	7
Aminomethyl Phenol	1
Aminomethyl Propanal	1
Aminomethyl Propanediol	23
Aminomethyl Propanol	1249
Aminomethylpropanediol	1
Aminomethylpropanol	9
Aminophylline	2
Aminopropanol	2
Aminopropyl Ascorbyl Phosphate	179
Aminopropyl Dimethicone	15
Aminopropyl Kojyl Phosphate	2
Aminopropyl Triethoxysilane	3
Amla	4
Amla Berry Extract	2
Amla Indian Gooseberry	4
Ammomium Lactate	1
Ammonia	3
Ammonium Acrylate/Acrylamide Copolymer	1
Ammonium Acrylates Copolymer	4
Ammonium Acrylates/ Acrylonitrogens Copolymer	1
Ammonium Acrylodimethyltaurate/Vp Copolymer	3
Ammonium Acryloldemethyltaurate Vp Copolymer	1
Ammonium Acrylolydimethyltaurate/Vp Copolymer	2
Ammonium Acryloydimethyltaurate/Vp Copolymer	3
Ammonium Acryloyi Dimethyttauratel Peneneth-25 Methacrylate Crosspolymer	1
Ammonium Acryloyl Dimethyltaurate/Carboxyethyl Acrylate Crosspolymer	8
Ammonium Acryloyl Dimethyltaurate/Vp Copolymer	11
Ammonium Acryloyldimethltaurate/Vp Copolymer	2
Ammonium Acryloyldimethyl Taurate/Vp Copolymer	21
Ammonium Acryloyldimethyltaurate / Steareth-8 Methacrylate Copolymer	2
Ammonium Acryloyldimethyltaurate / Vp Copolymer	9
Ammonium Acryloyldimethyltaurate Copolymer	4
Ammonium Acryloyldimethyltaurate Np Copolymer	4
Ammonium Acryloyldimethyltaurate Vp Copolymer	6
Ammonium Acryloyldimethyltaurate/ Vp Copolymer	34
Ammonium Acryloyldimethyltaurate/Beheneth-25 Methacrylate Copolymer	6
Ammonium Acryloyldimethyltaurate/Beheneth-25 Methacrylate Crosspolymer	103
Ammonium Acryloyldimethyltaurate/Carboxyethyl Acrylate Crosspolymer	5
Ammonium Acryloyldimethyltaurate/Steareth 25 Methacrylate Crosspolymer	1
Ammonium Acryloyldimethyltaurate/Steareth-25 Methacrylate Crosspolymer	14
Ammonium Acryloyldimethyltaurate/Steareth-8 Methacrylate Copolymer	1
Ammonium Acryloyldimethyltaurate/Vp Copolymer	1329
Ammonium Acryloyldimethyltaurate/Vpcopolymer	2
Ammonium Acryloyldimethyltuarate/Vp Copolymer	3
Ammonium Acryloyldimethytaurate/Vp Copolymer	3
Ammonium Acryloylmethyltaurate/Vp Copolymer	1
Ammonium Bicarbonate	3
Ammonium C6-10-Alkyl Polyoxyethylene Sulfate	1
Ammonium Cellulose Polymer	2
Ammonium Chloride	16
Ammonium Cocoyl Isethionate	2
Ammonium Glycolate	19
Ammonium Glycyrrhizate	151
Ammonium Glycyrrhizinate	14
Ammonium Hydroxide	170
Ammonium Hydroxide Solution	2
Ammonium Lactate	93
Ammonium Laureth Sulfate	45
Ammonium Lauryl Sufate	1
Ammonium Lauryl Sulfate	514
Ammonium Lauryl Sulphate	2
Ammonium Nonoxynol-4 Sulfate	4
Ammonium Oleate	1
Ammonium Persulfate	2
Ammonium Polyacrylate	64
Ammonium Polyacrylate/C13-16 Isoparaffin/Laureth-30	2
Ammonium Polyacrylatedimethyl Tauramide	10
Ammonium Polyacryldimethyltauramide	9
Ammonium Polyacryldimethyltauramide / Ammonium	1
Ammonium Polyacryldimethyltauramide / Ammonium Polyacryloyldimethyl Taurate	49
Ammonium Polyacryldimethyltauramide /Ammonium Polyacryloyldimethyl Taurate	3
Ammonium Polyacryldimethyltauramide/Ammonium	1
Ammonium Polyacryldimethyltauramide/Ammonium Polyacryloyldimethyl Taurate	41
Ammonium Polyacryloyldiethyltaurate	1
Ammonium Polyacryloyldimethyl Taurate	481
Ammonium Sulfate	14
Ammonium Xylenesulfonate	13
Ammoniumacryloyldimethyltaurate/Vp Copolymer	3
Ammoniumpolyacryldimethyltauramide / Ammoniumpolyacryloyldimethyl Taurate	2
Ammoniumpolyacryloyldimethyltaurate	3
Amodimethicone	113
Amorphophallus Campanulatus Rhizome/Root Extract	3
Amorphophallus Konjac Ceramide	1
Amorphophallus Konjac Root Extract	8
Amorphophallus Konjac Root Powder	35
Amorphophalluskonjac Root Powder	1
Amp-Acrylates Copolymer	1
Amp-Acrylates/Allyl Methacrylate Copolymer	1
Amygdalus Dulcis Oil	3
Amygdalus Persica Kernel Oil	1
Amyl CINNAMAL	497
Amyl CINNAMALDEHYDE	6
Amyl CINNAMIC Aldehyde	10
Amyl CINNAMIC Benzaldehyde	1
Amyl CINNAMYL	5
Amyl CINNAMYL Alcohol	7
Amyl Salicylate	8
Amylase	2
Amylcinnamal	1
Amylcinnamic Aldehyde	1
Amylcinnamyl Alcohol	2
Amylodextrin	1
Amylopectin	109
Amyris	2
Amyris Balsamifera Bark Oil	99
Amyris Balsamifera Bark Oil*	2
Amyris Balsamifera Barkoil	1
Amyris Balsamifera Oil	3
Amyris Barsamifera Bark Oil	3
Amyris Oil	2
Anacardium Occidentale Seed Oil	1
Anacyclus Pyrethrum Extract	2
Anacyclus Pyrethrum Root Extract	4
Anadenanthera Colubrina Bark Extract	5
Ananas Comosus Extract	1
Ananas Comosus Fruit Extract	2
Ananas Sativa Fruit Extract	1
Ananas Sativus	4
Ananas Sativus Extract	3
Ananas Sativus Fruit	1
Ananas Sativus Fruit Extract	343
Ananas Sativus Fruit Extract / Pineapple Fruit Extract	2
Ananas Sativus Fruit Extract*	1
Ananas Sativus Fruit Extract/Pineapple Fruit Extract	7
Ananas Sativus Fruit Juice	16
Ananas Sativus Fruit Water	1
Anantamul Root	1
Anantamul Root Powder	1
Anastatica Hierochuntica Extract	31
Anchusa Azurea Flower Extract	4
And Limonene Extract	1
And Rose Hips	1
And Yarrow Flowers	2
Andansonia Digitata Seed Oil	3
Andiroba Oil	3
Andrographis Paniculata Extract	2
Andrographis Paniculata Leaf Extract	7
Andrographolide	1
Andropogon Zizanioides Oil	1
Anemarrhena Asphodeloides Root Extract	27
Anethole	1
Anethum Graveolens Oil	1
Anethum Graveolens Seed Extract	2
Angelic Polymorpha Sinensis Root Extract	2
Angelica	6
Angelica Acutiloba Root Extract	38
Angelica Archangelica	1
Angelica Archangelica Extract	9
Angelica Archangelica Leaf Oil	1
Angelica Archangelica Root Extract	38
Angelica Archangelica Root Oil	3
Angelica Archangelica Root Water	13
Angelica Archangelica Root Water*	9
Angelica Archangelica Seed Oil	1
Angelica Dahurica Root Extract	5
Angelica Extract	2
Angelica Gigas Root Extract	48
Angelica Keiskei Extract	22
Angelica Keiskei Leaf/Stem Extract	33
Angelica Polymorpha Sinensis Extract	2
Angelica Polymorpha Sinensis Root Extract	24
Angelica Root Extract	1
Angelica Sinensis Root	1
Angelica Sinensis Root Extract	1
Angelica Tenuissima Root Extract	1
Angustifolia Extractm	1
Angustifolium Extract	1
Anhydraxylitoi	1
Anhydrous CITRIC Acid	1
Anhydrous Lanolin	7
Anhydrous Lanolin Pharmaceutical Grade	1
Anhydroxylitol	583
Aniba Rosaeodora	1
Aniba Rosaeodora Oil	15
Aniba Rosaeodora Wood Extract	25
Aniba Rosaeodora Wood Oil	108
Aniba Roseodora Essential Oil	1
Aniba Rosodora Wood Extract	4
Aniba Rosodora Wood Oil	45
Anibarosodora Wood Extract	1
Anigozanthos Flavidus Extract	34
Anigozanthos Flavidus Flower Extract	1
Anigozanthos Flavidus Flower/ Leaf Extract	1
Anigozanthos Flavidus Flower/Leaf Extract	6
Anisaldehyde	9
Anise	2
Anise Alcohol	46
Anise Fruit Extract	4
Anise Fruit Oil	1
Anise Oil	1
Anise Seed Extract	1
Anisyl Alcohol	19
Annatto	36
Annatto Powder	3
Annatto Seed	1
Annona Cherimola Fruit Extract	15
Annona Muricata Fruit Extract	3
Annuus Seed Oil	2
Anogeissus Leiocarpa Bark Extract	2
Anogeissus Leiocarpus Bark Extract	28
Anona Cherimolia Fruit Extract	1
Anona Muricata Fruit Extract	1
Anthem Nobilis Essential Oil	1
Anthemis	1
Anthemis Nobilis	10
Anthemis Nobilis Chamomile Flower Extract	1
Anthemis Nobilis Essential Oil	3
Anthemis Nobilis Extract	5
Anthemis Nobilis Extract*	1
Anthemis Nobilis Flower	5
Anthemis Nobilis Flower Essential Oil	1
Anthemis Nobilis Flower Extract	340
Anthemis Nobilis Flower Oil	264
Anthemis Nobilis Flower Powder	1
Anthemis Nobilis Flower Water	31
Anthemis Nobilis Flower Water Extract	1
Anthemis Nobilis Flower/Leaf/Stem Oil	2
Anthemis Nobilis Flower/Leaf/Stem Water	1
Anthemis Nobilis Oil	11
Anthemis Nobils	1
Anthemus Nobilis *	1
Anthenol	1
Antheum Graveolens Herb Extract	2
Anthocyanins	9
Anthriscus Cerefolium Leaf Extract	1
Anthriscus Sylvestris Extract	2
Anthurium Andraeanum Flower Extract	1
Anthyllis Vulneraria Extract	26
Antioxidant Micro-Clustered Ionized Water	2
Antrodia CINNAMOMEA	3
Anydroxylitol	2
Ap4¬Æ Complex	1
Apha-Isomethyl Ionone	1
Apha-Isomethyl Lonone	1
Aphanizomenon Flos Aquae	2
Aphanizomenon Flos Aquae Extract	4
Aphanizomenon Flos-Aguae Powder	2
Aphanizomenon Flos-Aquae	8
Aphanizomenon Flos-Aquae Extract	36
Aphanizomenon Flos-Aquae Powder	5
Aphanothece Sacrum Exopolysaccharides	2
Aphanothece Sacrum Polysaccharides	3
Aphloia Theiformis Leaf Extract	10
Apigenin	6
Apigenine Flavonoid	1
Apis Mellifera Wax	1
Apium Graveolens	1
Apium Graveolens Extract	21
Apium Graveolens Root/Seed Extract	1
Apium Graveolens Seed Extract	30
Apium Graveolens Seed Oil	2
Apium Graveolens Stem Extract	1
Apium Nodiflorum Flower Extract	3
Apocynum Cannabinum Root Extract	1
Apple Amidrooxyl/Glycerin	2
Apple CIDER Vinegar	17
Apple Essence	1
Apple Extract	18
Apple Fruit	3
Apple Fruit Extract	14
Apple Fruit Stem Cell Extract	1
Apple Juice	4
Apple Leaf Extract	1
Apple Seed Oil	2
Apple Stem Cell Culture	1
Apple Stemcell	1
Apricot	4
Apricot Amino Acid	1
Apricot Fruit Extract	9
Apricot Isolates	1
Apricot Kernel	2
Apricot Kernel Amino Acid	2
Apricot Kernel Amino Acids	7
Apricot Kernel Oil	65
Apricot Kernel Oil PEG-6 Esters	3
Apricot Kernel Oil Polyglyceryl-6 Esters	8
Apricot Kernels	2
Apricot Oil	15
Apricot Oils	1
Apricot Se Powder	1
Apricot Seed Oil	1
Apricot Seed Powder	4
Apricot Shells	1
Apum Graveolens Leaf Cell Culture Extract	1
Aqua	7169
Aqua *	1
Aqua / Eau	4
Aqua / Water	330
Aqua / Water / Eau	368
Aqua / Water /Eau	3
Aqua / Water Eau	1
Aqua / Water/Eau	14
Aqua /Eau	1
Aqua /Water	9
Aqua /Water /Eau	6
Aqua /Water/Eau	9
Aqua ; Water ; Eau	1
Aqua Hamamelis Virginiana Water	2
Aqua Mineralis	2
Aqua Purificata	1
Aqua Solvent	2
Aqua Water	7
Aqua*	2
Aqua/ Water	14
Aqua/ Water / Eau	1
Aqua/ Water/ Eau	2
Aqua/ Water/Eau	29
Aqua/Deionized Water/Eau	3
Aqua/Eau	7
Aqua/Eau/Water	9
Aqua/Eau/Water/Agua	3
Aqua/Purified Water	9
Aqua/Water	689
Aqua/Water /Eau	2
Aqua/Water Eau	8
Aqua/Water La Roche-Posay	1
Aqua/Water/ Eau	51
Aqua/Water/Eau	2822
Aqua/Water/Eau/Agua	2
Aquaphilus Dolomiae Extract	12
Aquaphilus Dolomiae Extract Filtrate	8
Aquaphilus Dolomiae Ferment Filtrate	13
Aquawater/Eau	4
Aquawatereau	3
Aquaxyl‚Ñ¢	1
Aqua\Water\Eau	1
Aqueous Althaea Officinalis Root Extract	2
Aqueous Extract Of Azadirachta Indica Leaf	3
Aqueous Extracts Of Camellia Sinensis Leaf	1
Aqueous Extracts Of Rosemary Leaf Extract	1
Aqueous Extracts/Extraits Aqueux	1
Aqueous Extract\Extrait Aqueux	1
Aqueous Solution Of Rosemary	2
Aquilaria Agallocha Oil	1
Aquilaria Agallocha Wood Oil	1
Aquilegia Sibirica Flower/Leaf/Stem Extract	3
Arabidopsis Thaliana	1
Arabidopsis Thaliana Extract	49
Arabidopsis Thalians Extract	1
Arabinogalactan	3
Arachidic Acid	165
Arachidonic Acid	6
Arachidyl Alcohol	514
Arachidyl Glucoside	458
Arachidyl Propionate	73
Arachis Hypogaea	1
Arachis Hypogaea Fruit Extract	2
Arachis Hypogaea Oil	54
Aralia Mandshurica Leaf/Stem Extract	2
Arborcide	1
Arbutin	160
Arbutin Glycoside	2
Arbutus	1
Arbutus Unedo Fruit Extract	20
Archidyl Alcohol	3
Archidyl Glucoside	1
Arctic Roseroot Root Extract	1
Arctium Lappa	9
Arctium Lappa Burdock Root Extract	1
Arctium Lappa Extract	5
Arctium Lappa Extract*	1
Arctium Lappa Fruit Extract	4
Arctium Lappa Infusion*	1
Arctium Lappa Root	5
Arctium Lappa Root Extr Act	1
Arctium Lappa Root Extract	176
Arctium Lappa Root Extract*	1
Arctium Lappa Root Extract+	3
Arctium Lappa Root Oil	1
Arctium Lappa Seed Extract	1
Arctium Majus Root Extract	32
Arctostaphylos Uva Ursi *	1
Arctostaphylos Uva Ursi Bearberry Leaf Extract	1
Arctostaphylos Uva Ursi Extract	6
Arctostaphylos Uva Ursi Extract Leaf	2
Arctostaphylos Uva Ursi Leaf Extract	114
Arctostaphylos Uva Ursi/Arctostaphylos Uva Ursi Leaf Extract	1
Arctostaphylos Uva-Ur-Si Extract	1
Arctostaphylos Uva-Ursi Extract	9
Arctostaphylos Uva-Ursi Extract*	1
Arctostaphylos Uva-Ursi Leaf Extract	60
Arctostaphylos Uve-Ursi Leaf Extract	1
Arctostaphylos Viscida Flower Extract	3
Arctostaphylos Viscida Flower Extract*	2
Arctostaphylos Viscida Leaf Extract	1
Arctostaphylus Uva Ursi Leaf Extract	1
Ardisia Crispa Extract	3
Argan	1
Argan Esters	1
Argan Isostearylic Esters	1
Argan Isostearylic Esters**	1
Argan Kernel Oil	12
Argan Nut Oil	4
Argan Oil	51
Argan Oil Isostearyl Esters	2
Argan Oil Polyglyceryl-6 Ester	1
Argan Spinosa Kernel Oil	1
Argan Sprout Cell Extract	2
Argan Sprout Stem Cell Extract	1
Argania Spinosa	24
Argania Spinosa Callus Culture Extract	12
Argania Spinosa Cell Extract	1
Argania Spinosa Extract	4
Argania Spinosa Fruit Extract	2
Argania Spinosa Keel Oil	1
Argania Spinosa Kemel Oil	3
Argania Spinosa Kernal Extract	2
Argania Spinosa Kernal Oil	14
Argania Spinosa Kernel	1
Argania Spinosa Kernel Argan Oil	5
Argania Spinosa Kernel Butter	3
Argania Spinosa Kernel Extract	29
Argania Spinosa Kernel Oil	1182
Argania Spinosa Kernel Oil*	9
Argania Spinosa Kernel Powder	1
Argania Spinosa Leaf Extract	20
Argania Spinosa Nut Oil	19
Argania Spinosa Nut Oil*	3
Argania Spinosa Oil	159
Argania Spinosa Oil/Argania Spinosa Kernel Oil	3
Argania Spinosa Oil/Arganina Spinosa Kernel Oil	3
Argania Spinosa Oil‚Ä†	1
Argania Spinosa Seed Oil	5
Argania Spinosa Seedcake	1
Argania Spinosa Shell Powder	7
Argania Spinosa Sprout Cell Culture Extract	6
Argania Spinosa Sprout Cell Extract	10
Argania Spinosa Sprout Stem Cell Extract	5
Argania Spinosa Stem Cell	1
Argania Spinosa Stem Cell Culture	2
Argania Spinosa Stem Cells	1
Argania Spinosaker Nel Oil	1
Argania Spinose Kernel Oil	2
Argania Spinoza Kernel Oil	1
Argania Spinsosa Kernel Oil	2
Argania Spinsosa Oil	6
Argemone Mexicana Callus Extract	2
Argenine	1
Argentum Metallicum	9
Argilla	7
Argilla / Magnesium Aluminum Silicate	9
Argilla/Magnesium Aluminum Silicate	8
Argine	1
Arginine	2324
Arginine Cocoate	3
Arginine Ethyl Ester	2
Arginine Ferulate	13
Arginine Hbi	1
Arginine Hci	7
Arginine Hcl	102
Arginine Levulinate	1
Arginine Pca	22
Arginine/Lysine Polypeptide	42
Arginne	1
Argireline	10
Arinine	1
Aristotelia Chilensis	5
Aristotelia Chilensis Extract	2
Aristotelia Chilensis Fruit Extract	32
Aristotelia Chilensis Fruit Juice	3
Aristotelia Chilensis Leaf Extract	4
Aristotelia Chilensis Seed Oil	1
Aristotelia Chinensis	2
Arjun Bark 0.9%	1
Arjuna Bark Powder	1
Arnebia Euchroma Root Extract	2
Arnica	7
Arnica Chamissonis Flower Extract	4
Arnica Cordifolia Extract	28
Arnica Cordifolia Oil	1
Arnica Cordifolio Flower Extract	3
Arnica Extract	8
Arnica Flower Extract	4
Arnica Flower Infusion	1
Arnica Montana	6
Arnica Montana Extract	65
Arnica Montana Extract*	1
Arnica Montana Flower	10
Arnica Montana Flower Extract	446
Arnica Montana Flower Extract Co2	2
Arnica Montana Flower Extract*	2
Arnica Montana Flower Oil	4
Arnica Montana Flower Oil Extract	2
Arnica Montana Flower Water	1
Arnica Montana Leaf Extract	2
Arnica Montana Leaf Extract*	1
Arnica Montana Oil	4
Arnica Montana Oil*	2
Arnica Montana Powder	1
Arnica Oil	3
Arnica Sororia Flower Extract	1
Arnicamontana Flower Extract	1
Arni¬≠¬≠¬≠¬≠Ca Montana Flower Extract	1
Aroma	304
Aroma *	3
Aroma / Flavor	15
Aroma Flavor	1
Aroma Oil Blend	1
Aroma/Flavor	66
Aroma/Flavour	4
Aroma/Fragrance	2
Aromatic Bud/Rosmarinus Officinalis Leaf	1
Aromatic Cocos Nucifera Extract	2
Aromatic Extract	1
Aromatic Extract Blend	6
Aromatic Oils	5
Aromatic Passiflora Edulis Extract	2
Aromatics	1
Aromol	2
Aronia Arbutifolia Fruit Extract	1
Aronia Berry	1
Aronia Melanocarpa Fruit Extract	28
Aronia Melanocarpa Fruit Juice	1
Aronia Powder	2
Arrabidaea Chica Leaf/Stem Extract	1
Arrabidea Chica Extract	1
Arrowroot	3
Arrowroot Powder	13
Artemia Extract	62
Artemisia Abrotanum Extract	10
Artemisia Abrotanum Flower/Leaf/Stem Extract	5
Artemisia Absinthium Extract	56
Artemisia Annua Extract	14
Artemisia Annua Leaf Extract	1
Artemisia Argyi Leaf Extract	1
Artemisia Argyi Leaf Water	1
Artemisia Capillaris Extract	30
Artemisia Capillaris Flower Extract	30
Artemisia Capillaris Powder	2
Artemisia Dracunculus Oil	2
Artemisia Flower Extract	2
Artemisia Herba-Alba Oil	4
Artemisia Ludoviciana	1
Artemisia Ludoviciana Leaf Oil	1
Artemisia Ludoviciana Water	1
Artemisia Pallens Flower Oil	11
Artemisia Pallens Flower Oil*	6
Artemisia Princeps Extract	13
Artemisia Princeps Leaf Extract	68
Artemisia Princeps Leaf Powder	3
Artemisia Princeps Leaf Water	4
Artemisia Scoparia Extract	1
Artemisia Tridentata Extract	1
Artemisia Umbelliformis Extract	26
Artemisia Umbelliformis Extract *	1
Artemisia Umbelliformis Extract*	1
Artemisia Umbellifornis Extract	1
Artemisia Vulgaris Extract	80
Artemisia Vulgaris Oil	22
Arthrospira Platensis Extract	18
Articum Lappa Root Extract	1
Artificial Color	1
Artificial Colorants	3
Artificial Colors	1
Artificial Flavor	9
Artificial Fragrance	2
Artocarpus Heterophyllus Fruit Extract	1
Artocarpus Heterophyllus Seed Extract	1
Artocarpus Lakoocha Wood Extract	2
Arundinaria Gigantea Ferment Filtrate	2
Arundo Donax Stem Extract	9
Asarum Sieboldi Root Extract	1
Asarum Sieboldii Root Extract	4
Ascophyllum Nodostrum Extract	1
Ascophyllum Nodosum	7
Ascophyllum Nodosum Extract	235
Ascophyllum Nodosum Extract*	1
Ascophyllum Nodosum Powder	6
Ascophyllumnodosum Extract	1
Ascorbate	1
Ascorbic Acid	2400
Ascorbic Acid 2-Glucoside	3
Ascorbic Acid Ester	1
Ascorbic Acid Glucoside	1
Ascorbic Acid Polypeptide	17
Ascorbic Acid Usp	1
Ascorbic Acid/Orange/Citrus Limon/Citrus Aurantifolia Polypeptides	9
Ascorbic Palmitate	2
Ascorby Palmitate	3
Ascorbyl Dipalmitate	2
Ascorbyl Glucosamine	3
Ascorbyl Glucoside	1040
Ascorbyl Linoleate	6
Ascorbyl Methylsilanol Pectinate	41
Ascorbyl Methylsilanol Pectinate*	1
Ascorbyl Paimitate	1
Ascorbyl Palmitate	1750
Ascorbyl Phosphate	5
Ascorbyl Propyl Hyaluronate	2
Ascorbyl Stearate	3
Ascorbyl Tetraisopalmitate	269
Ascorbyl Tocopheryl Maleate	23
Ascorbylglucoside	5
Ascorbylpalmitate	1
Ascrobyl Palmitate	2
Ashwaganda	1
Asiatic Acid	238
Asiaticoside	307
Asorbic Acid	2
Aspalanthus Linearis	7
Aspalathus Linearis	6
Aspalathus Linearis Aqueous Extract	2
Aspalathus Linearis Extract	104
Aspalathus Linearis Extract Organic	2
Aspalathus Linearis Extract*	2
Aspalathus Linearis Extracts	1
Aspalathus Linearis Leaf Extract	174
Aspalathus Linearis Leaf Extract*	4
Aspalathus Linearis Leaf/Stalk Extract	1
Aspalathus Linearis Leaf/Stem Extract	1
Aspalathus Linearis TEA Extract	3
Asparagine	18
Asparagopsis Armata Extract	61
Asparagus Acutifolius Stem Extract	4
Asparagus Cochinchinensis Root Extract	1
Asparagus Lucidus Root Extract	1
Asparagus Officinalis Extract	16
Asparagus Officinalis Root Extract	1
Asparagus Officinalis Stem Extract	8
Asparagus Racemosus Root Extract	3
Aspartame	8
Aspartic Acid	374
Aspen Bark	3
Aspen Bark Extract	10
Aspergillus Ferment	35
Aspergillus/Aspidosperma Quebracho Ferment	2
Aspergillus/Glucose/Soybean/Starch Ferment Filtrate	1
Aspergillus/Molasses Ferment Filtrate	4
Aspergillus/Rice Ferment Extract	4
Aspergillus/Rice Germ Ferment Extract Filtrate	1
Aspergillus/Saccharomyces/Rice Ferment Filtrate	2
Asphaltum Punjabianum Powder	2
Aspolethus Linearis Leaf Extroct	1
Astaxanthin	110
Astaxanthin Extract	5
Aster Maritima/Tripolium Extract	1
Aster Tripolium Extract	3
Asteriscus Graveolens Flower/Fruit/Leaf/Stem Extract	4
Astragalus	1
Astragalus Gummifer Gum	4
Astragalus Membranaceous Root Extract	4
Astragalus Membranaceus Extract	6
Astragalus Membranaceus Milk Extract	1
Astragalus Membranaceus Root Extract	71
Astragalus Membranaceus Root Powder	1
Astragalus Root Extract	1
Astrocaryum Aculeatum	1
Astrocaryum Butter	2
Astrocaryum Murumuru Butter	15
Astrocaryum Murumuru Seed Butter	319
Astrocaryum Murumuru Seed Butter*	1
Astrocaryum Murumuru Seedbutter	1
Astrocaryum Tucuma Seed Butter	17
Astrocaryum Vulgare Kernel Oil	19
Atelocollagen	30
Athrospira Platensis Extract	1
Atlas Cedarwood Essential Oil	1
Atractylodes Chinensis Rhizome Extract	1
Atractylodes Japonica Rhizome Extract	2
Atractylodes Lancea Root Extract	1
Atractylodes Macrocephala Root Extract	4
Atractylodes Macrocephala Root Powder	2
Atractyloides Japonica Rhizome Extract	1
Atractyloides Lancea Root Extract	4
Atractyloides Macrocephala Root Extract	3
Attapulgite	2
Aurantium Amara Oil	1
Aurantium Dulcis Peel Oil	4
Aurebasidium Pullulans Ferment	2
Aureobasidium Pullulans Ferment	12
Aureobasidium Pullulans Ferment Filtrate	1
Auricularia Auricula-Judae Extract	2
Auricularia Polytricha Fruiting Body Extract	2
Australian Brown Sugar	2
Australian Honey	2
Australian Kakadu Plum	2
Australian Mandarin Essential Oil	1
Australian Sandalwood	2
Australian Sandalwood Oil	3
Autolyzed Yeast	5
Avacado Oil	1
Aveena Sativa Kernel Protein	2
Avena Sativa	26
Avena Sativa Beta Glucan	5
Avena Sativa Beta-Glucan	1
Avena Sativa Bran	15
Avena Sativa Bran Extract	101
Avena Sativa Extract	21
Avena Sativa Extract*	3
Avena Sativa Flour	33
Avena Sativa Flour / Oat Kernel Flour	1
Avena Sativa Flour/Oat Kernel Flour	8
Avena Sativa Hull	1
Avena Sativa Infusion*	2
Avena Sativa Kemel Extract	1
Avena Sativa Kenel Flour	1
Avena Sativa Kernal Extract	3
Avena Sativa Kernal Flour	3
Avena Sativa Kernal Oil	3
Avena Sativa Kernel	3
Avena Sativa Kernel Extract	849
Avena Sativa Kernel Extract*	34
Avena Sativa Kernel Extract/Avena Sativa Kernel Extract	5
Avena Sativa Kernel Extract/Oat Kernel Extract	2
Avena Sativa Kernel Flour	485
Avena Sativa Kernel Flour/Avena Sativa Kernel Flour	3
Avena Sativa Kernel Flour/Oat Kernel Flour	2
Avena Sativa Kernel MEAL	43
Avena Sativa Kernel MEAL / Oat Kernel MEAL	1
Avena Sativa Kernel Oil	252
Avena Sativa Kernel Powder	1
Avena Sativa Kernel Protein	28
Avena Sativa Kernel Proteinoat	1
Avena Sativa Leaf Extract	4
Avena Sativa Leaf/Stem Extract	8
Avena Sativa MEAL	1
Avena Sativa MEAL Extract	67
Avena Sativa Oat Kernel Extract	1
Avena Sativa Oat Kernel Oil	2
Avena Sativa Oatmeal Powder	1
Avena Sativa Oil	2
Avena Sativa Peptide	16
Avena Sativa Protein	2
Avena Sativa Protein Extract	9
Avena Sativa Seed Extract	13
Avena Sativa Seed Water	1
Avena Sativa Starch	1
Avena Sativa Straw Extract	36
Avena Sativa/Oat Bran	2
Avena Sative Kernel Extract	2
Avena Sotiva Kernel Extract	1
Avena Strigosa Seed Extract	29
Avenanthramide	1
Avene Thermal Spring Water	144
Avene Thermale Spring Water	2
Averrhoa Carambola Extract	5
Averrhoa Carambola Fruit Extract	5
Averrhoa Carambola Fruit Juice	1
Averrhoa Carambola Leaf Extract	6
Avicel	1
Avobenzone	550
Avobenzone 1%	1
Avobenzone 1.5%	1
Avobenzone 1.9%	1
Avobenzone 2%	10
Avobenzone 2.0%	4
Avobenzone 2.00 %	1
Avobenzone 2.00%	3
Avobenzone 2.20%	1
Avobenzone 2.3%	1
Avobenzone 2.5%	8
Avobenzone 2.7%	2
Avobenzone 2.8%	1
Avobenzone 3%	54
Avobenzone 3.0 %	1
Avobenzone 3.0%	25
Avobenzone 3.00%	4
Avobenzone-2.5 %	1
Avobenzone-3.0 %	1
Avocado	3
Avocado Butter	11
Avocado Extract	7
Avocado Fruit Extract	2
Avocado Fruit Oil	11
Avocado Oil	194
Avocado Oil Glycereth-8 Esters	3
Avocado Oil Polyglyceryl-6 Esters	1
Azadiracha Indica Leaf Aqueous Extract	1
Azadirachta Indica	1
Azadirachta Indica *	1
Azadirachta Indica * Aqueous Extract	1
Azadirachta Indica Aqueous Extract	2
Azadirachta Indica Bark	1
Azadirachta Indica Extract	3
Azadirachta Indica Kernel Oil*	1
Azadirachta Indica Leaf Aqueous Extract	7
Azadirachta Indica Leaf Extract	11
Azadirachta Indica Leaf Powder	3
Azadirachta Indica Oil	7
Azadirachta Indica Seed Oil	20
Azadirachtin Indica Oil	1
Azadiractha Indica Leaf	1
Azelaic Acid	198
Azelamide MEA	2
Azelamidopropyl Dimethyl Amine	5
Azelaoyl Bis-Dipeptide-10	2
Azeloyl Tetrapeptide-23	1
Azulene	9
Azurite	34
B-Carotene	2
B-Caryophyllene	1
B-Glucan	4
B-Nicotinamide Mononucleotide	2
B.H.T	5
Babassu Butter	2
Babassu Oil	8
Babassu Oil Glycereth-8 Esters	7
Babassu Oil Polyglyceryl-4 Esters	2
Babassu Oils	1
Babassu Seed Oil	2
Babassuamidopropyl Betaine	8
Babs Guineensis Palm Ol	1
Baccharis Genistelloides Extract	3
Bacillus	3
Bacillus Coagulans	1
Bacillus Ferment	122
Bacillus Licheniformis	1
Bacillus/Cordyceps Sinensis/Ganoderma Lucidum/Inonotus Obliquus/Lentinus Edodes/Phellinus Linteus/Schizophyllum Commune/Tricholoma Matsutake Extract Ferment Filtrate	3
Bacillus/Folic Acid Ferment Extract	12
Bacillus/Folic Acid Ferment Filtrate Extract	23
Bacillus/Folic Acid/Soybean Ferment Extract	3
Bacillus/Glutamic Acid Ferment Filtrate	1
Bacillus/Glycine Soja Ferment Extract	1
Bacillus/Houttuynia Cordata Leaf Extract/Volcanic Ash Ferment Filtrate	1
Bacillus/Rice Bran Extract/Soybean Extract Ferment Filtrate	1
Bacillus/Sea Salt Ferment Filtrate	35
Bacillus/Soybean Ferment Extract	36
Bacillus/Soybean/ Folic Acid Ferment Extract	5
Bacillus/Soybean/Folic Acid Ferment	2
Bacillus/Soybean/Folic Acid Ferment Extract	12
Bacillus/Spirodela Polyrhiza Extract/Volcanic Ash Extract Ferment Filtrate	1
Backhousia CITRIODORA Leaf Extract	26
Backhousia CITRIODORA Leaf Oil	34
Backhousia CITRIODORA Oil	5
Bacocalmine Ph	1
Bacopa Monniera Extract	2
Bacopa Monniera Leaf Extract	2
Bacopa Monnieri Extract	4
Bacopa Monnieri Leaf Extract	1
Badam Seed Oil	1
Badi Kateri	1
Bael	1
Baicalin	18
Baikal Skulcap Root Extract	1
Baking Soda	1
Bakuchi Fruit Extract	1
Bakuchiol	454
Bakumondou Ekisu	1
Bala Root Extract	1
Balanites Aegyptiaca Fruit Extract	7
Balanites Aegyptiaca Kernel Oil	9
Balanites Roxburghii Leaf Extract	1
Balanites Roxburghii Seed Oil	30
Balanites Roxburghii Seed Oil**	1
Balsam Fir Powder	1
Balsam Oil	2
Balsam Peru Essential Oil	1
Balsamodendron Kafal Oil	1
Baltic Amber Powder	1
Bamboo	2
Bamboo Bioferment	1
Bamboo Carbon Charcoal Powder	2
Bamboo Charcoal	13
Bamboo Charcoal Extract	1
Bamboo Extract	5
Bamboo Powder	6
Bamboo Stem Extract	1
Bamboo Stem Powder	2
Bamboo Vinegar	1
Bamboo Vinegar Extract	1
Bamboo Viscose	1
Bambusa Arundinacea Juice	1
Bambusa Arundinacea Leaf Extract	3
Bambusa Arundinacea Stem Extract	93
Bambusa Arundinacea Stem Extract Powder	2
Bambusa Arundinacea Stem Powder	38
Bambusa Bambos Stem	1
Bambusa Textilis Stem Extract	10
Bambusa Vulgaris	1
Bambusa Vulgaris Extract	114
Bambusa Vulgaris Leaf Extract	13
Bambusa Vulgaris Leaf/Stem Extract	71
Bambusa Vulgaris Shoot Extract	18
Bambusa Vulgaris Stem Extract	2
Bambusa Vulgaris Stem Powder	2
Bambusa Vulgaris Stem/Leaf Extract	3
Bambusa Vulgaris Water	19
Banana Extract	1
Banana Fruit Extract	5
Banana Fruit Juice	1
Banhaldi Rhizome 1.5%	1
Banksia Serrata Flower Extract	7
Banyan	1
Banzyl Salicylate	1
Baobab	12
Baobab Extract	2
Baobab Fruit Extract	1
Baobab Oil	21
Baobab Seed Oil	5
Baptisia Tinctoria Root Extract	34
Baptisia Tinctoria Root Extract*	3
Baptisia Tinctoria Root Extract**	1
Barago Officinalis Flower Extract	1
Barbadensis Leaf Extract	3
Barbadensis Leaf Juice	5
Barbadensis Vera Leaf Juice	1
Barbados Cherry	11
Barbados Cherry Extract	5
Barberis Vulgaris Extract	1
Barium Sulfate	62
Barleria Prionitis Stem Extract	1
Barley	2
Barley Extract	10
Barley Seed Extract	16
Barley Sh-Oligopeptide-1	2
Barosma Betulina Extract	1
Barosma Betulina Leaf Extract	22
Barosma Betulina Leaf Oil	20
Basic Blue 9	4
Basic Blue 99	1
Basic Orange 31	1
Basic Red 51	1
Basic Violet 16	1
Basic Violet 2	1
Basic Yellow 40	1
Basic Yellow 87	1
Basil	1
Basil Essential Oil	2
Basil Extract	17
Basil Leaf Extract	1
Basil Oil	5
Bassia Butyracea Seed Butter	1
Bassia Latifolia Seed Butter	1
Baswellia Carteri Birdw Oil	1
Batyl Alcohol	97
Bay Leaf	1
Bay Leaf Infusion	1
Bayberry Wax	1
Bcc12-Base	2
Beach Tree Bud Extract	2
Bearberry	1
Bearberry Extract	11
Bee Glue Extract	2
Bee Pollen	12
Bee Pollen Extract	2
Bee Propolis	1
Bee Propolis Extract	1
Bee Propolis Wax	1
Bee Venom	24
Beef Tallow	9
Beer	4
Bees Wax	19
Beeswax	1461
Beeswax *	3
Beeswax / Cera Alba /Cire D‚Äôabeille	2
Beeswax / CIRE D‚Äôabeille / Cera Alba	1
Beeswax Absolute	5
Beeswax Cera Alba	5
Beeswax*	3
Beeswax/ CIRE D'Abeille	2
Beeswax/Cera Alba	61
Beeswax/Cera Alba *	3
Beeswax/Cera Alba/Cire D'Abeille	33
Beeswax/Cera Alba/Cire D‚Äôabeille	16
Beeswax/Cera Flava	2
Beeswax/Cire D Abeille	1
Beeswax/Cire D'	2
Beeswax/Cire D'Abeille	61
Beeswax/Cire D‚Äôabeille	21
Beeswax\Cera Alba\Cire D'Abeille	19
Beet Root Extract	31
Beet Sugar	2
Beet Sugar Extract	1
Beetroot Extract	9
Beetroot Red	1
Behenamidopropyl Dimethylamine	5
Beheneth-10	6
Beheneth-20	42
Beheneth-25	23
Beheneth-30	2
Beheneth-30 Phosphate	1
Beheneth-5	4
Behenic Acid	206
Behenoxy Dimethicone	4
Behenoyl Pg-Trimonium Chloride	1
Behenoyl Stearic Acid	2
Behentrimoium Methosulfate	1
Behentrimonium Chloride	85
Behentrimonium Methosulfate	467
Behentrimonium Methosulphate	7
Behentrimonium Methylsulfate/Cetearyl Alcohol	2
Behenyl Alcohol	1841
Behenyl Alcohol*	2
Behenyl Beeswax	3
Behenyl Behenate	93
Behenyl Betaine	2
Behenyl Dimethicone	1
Behenyl Olivate	7
Behenyl Trimonium Chloride	1
Behenyl/Octyldodecyl Propanediol CITRATE Crosspolymer	2
Behenylalcohol	1
Belamcanda Chinensis Root Extract	22
Bellis Perennis Extract	5
Bellis Perennis Flower Extract	93
Bellis Perennis Flower/Helichrysum Italicum Extract	4
Bellis Perennis Fower Extract	1
Bemotrizinol	6
Benfotiamine	1
Benila Alba Leaf Extract	1
Benincasa Cerifera Fruit Extract	2
Benincasa Cerifera Seed Extract	4
Benincasa Hispida Fruit	1
Benozyl Peroxide	1
Bentone	3
Bentone Gel	9
Bentonite	619
Bentonite Clay	34
Bentonite Gel	1
Bentonite Magma	1
Bentonite Powder	1
Benyl Alcohol	1
Benz Yl Alcohol	1
Benzaldehyde	36
Benzalkonium Chloride	471
Benzalkonium Chloride 0.01%	1
Benzalkonium Chloride 0.1%	6
Benzalkonium Chloride 0.10%	7
Benzalkonium Chloride 0.115%	1
Benzalkonium Chloride 0.12%	2
Benzalkonium Chloride 0.13%	57
Benzalkonium Chloride 0.5%	1
Benzalkonium Chloride Solution	3
Benzeneethanol	1
Benzenthonium Chloride	1
Benzethonium Chloride	36
Benzethonium Chloride 0.20%	1
Benzimidazole Diamond Amidoethyl Urea Carbamoyl Propyl Polymethylsilsesquioxane	5
Benzisothiazol	1
Benzisothiazoline	1
Benzisothiazolinone	15
Benzisothiazolone	1
Benzoic Acid	1660
Benzoin	7
Benzoin Essential Oil	1
Benzoin Extract	1
Benzoin Resin	1
Benzoin Resin Extract	1
Benzoin Resinoid	15
Benzoin Siam Absolute	1
Benzophenone	7
Benzophenone 3	4
Benzophenone 4	19
Benzophenone-1	5
Benzophenone-2	2
Benzophenone-3	106
Benzophenone-4	933
Benzophenone-5	29
Benzophenone-9	12
Benzoph√Ânone3	1
Benzotriazolyl Dodecyl P-Cresol	62
Benzoyl Dipeptide-18 D-Phenylalanyl Arginyl D-Tryptophan Dipropylamide Mesylate	2
Benzoyl Peroxide	129
Benzoyl Peroxide 10%	10
Benzoyl Peroxide 10.0%	3
Benzoyl Peroxide 2.5%	5
Benzoyl Peroxide 3%	1
Benzoyl Peroxide 3.4%	1
Benzoyl Peroxide 3.5%	1
Benzoyl Peroxide 4%	2
Benzoyl Peroxide 5%	7
Benzoyl Peroxide 5.5%	1
Benzoyl Peroxide 7%	1
Benzy Alcohol	4
Benzy Salicylate	6
Benzyi Benzoate	2
Benzyl Acetate	26
Benzyl Alcohol	5427
Benzyl Alcohol Nf	1
Benzyl Alcohol**	1
Benzyl Benzoa	1
Benzyl Benzoate	1959
Benzyl Benzoate*	6
Benzyl CINNAMATE	120
Benzyl Glycol	133
Benzyl Nicotinate	11
Benzyl Pca	11
Benzyl Salicylate	2598
Benzyl Salicylate*	1
Benzyl Saliylate	3
Benzylalcohol	19
Benzylalcohol Dha	5
Benzylbenzoate	2
Benzylidene Dimethoxydimethylindanone	5
Benzylsalicylate	1
Berberine	1
Berberis Aquifolium Extract	1
Berberis Aquifolium Extract*	1
Berberis Vulgaris Bark Extract	3
Berberis Vulgaris Extract	2
Berberis Vulgaris Root Extract	9
Berchemia Lineata Leaf Extract	1
Bergamia Fruit Oil	2
Bergamot	12
Bergamot Essential Oil	11
Bergamot Essertal Oil	1
Bergamot Fruit Extract	3
Bergamot Fruit Oil	13
Bergamot Oil	13
Bergamot Oil Cold Pressed	2
Bergamot Peel Extract	1
Bergamot Peel Oil	8
Bergamot Peel Water	2
Bergamot Sandalwood Fragrance	1
Bergamot/Grapefruit/Orange/Tangerine Fruit Ferment Extract	2
Bertholletia Excelsa Nut Oil	5
Bertholletia Excelsa Seed Extract	3
Bertholletia Excelsa Seed Oil	81
Besan	1
Beta Carotene	98
Beta Carotene Color	1
Beta Caryophyllene	2
Beta Glucosamine	2
Beta Hydroxy Acid	1
Beta Sitosterol	19
Beta Vulgaris	2
Beta Vulgaris / Beet Root Extract	3
Beta Vulgaris Extract	18
Beta Vulgaris Leaf Extract	1
Beta Vulgaris Maritima Leaf Extract	3
Beta Vulgaris Powder	1
Beta Vulgaris Root	1
Beta Vulgaris Root Extract	166
Beta Vulgaris Root Extract\Beta Vulgaris\Extrait De Racine De Betterave	10
Beta Vulgaris Root Juice	3
Beta Vulgaris Root Powder	6
Beta Vulgaris/Beet Root Extract	2
Beta Vulgaris/Beet Root Extract/Extrait De Racine De Betterave	14
Beta-Arbutin	1
Beta-Carotene	367
Beta-Caryophyllene	33
Beta-D-Fructopyranose	3
Beta-Defensin 3	10
Beta-Glucan	779
Beta-Ionone	1
Beta-Pinene	3
Beta-Sitosterol	193
Betacarotene	13
Betaglucan	17
Betain	7
Betaine	2576
Betaine Anhydrous	1
Betaine Salicylate	83
Betanol Age Radiance Complex: Beta-Carotene	1
Betaphycus Gelatinum Extract	30
Betasitosterol	2
Betel Phyphylia Japonica Juice	1
Betula Alba Bark Extract	120
Betula Alba Bark Water	1
Betula Alba Bark/Leaf Extract	2
Betula Alba Bud Extract	1
Betula Alba Extract	24
Betula Alba Juice	54
Betula Alba Leaf	1
Betula Alba Leaf Extract	36
Betula Alba Oil	1
Betula Alba Sap	1
Betula Alba Water	1
Betula Alleghaniensis Bark Extract	6
Betula Lenta Oil	2
Betula Pendula Sap	4
Betula Platyphylla Japonica Bark Extract	4
Betula Platyphylla Japonica Barkextract	1
Betula Platyphylla Japonica Juice	38
Betula Platyphyllajaponica Bark Extract	1
Betula Pubescens Twig Extract	1
Betulin	1
Bha	109
Bht	3717
Biacalin	1
Bibhitaki	1
Bibhitaki Fruit Powder	1
Bicsaccharide Gum-1	1
Bidens Pilosa Extract	70
Bifida Ferment Extract	3
Bifida Ferment Filtrate	44
Bifida Ferment Lysate	279
Bifidobacterium Infantis	1
Bilberry	2
Bilberry Extract	2
Bilberry Fruit Extract	2
Binchotan Charcoal Powder	2
Bio-Cellulose Fiber	1
Bio-Sodium Hyaluronate	1
Bioactive 8 Berry Complex	39
Bioactive Berry Complex	10
Biocomplex 2	1
Biocomplex2	13
Biocomplex2 Euterpe Oleracea	15
Biodynamic Avocado Oil	1
Biodynamic Macadamia Oil	1
Bioflavanoids	2
Bioflavonoids	56
Biopeptides	1
Biosaccaride Gum	2
Biosaccaride Gum-1	4
Biosaccharide	1
Biosaccharide Gum	7
Biosaccharide Gum 1	10
Biosaccharide Gum-1	634
Biosaccharide Gum-2	55
Biosaccharide Gum-4	150
Biota Orientalis Leaf Extract	2
Bioterge As-40	1
Biotin	504
Biotin Ghk	2
Biotin/Folic Acid/Cyanocobalamin/Niacinamide/Pantothenic Acid/Pyridoxine/Riboflavin/Thiamine/Yeast P	1
Biotin/Folic Acid/Cyanocobalamin/Niacinamide/Pantothenic Acid/Pyridoxine/Riboflavin/Thiamine/Yeast Polypeptides	1
Biotinoyl	1
Biotinoyl Hexapeptide-2 Amide	8
Biotinoyl Tripeptide-1	31
Biotinyl Tripeptide-1	1
Biphenyl Azepanyl Methanone	8
Birch Bark	2
Birch Bark Essential Oil	1
Birch Bark Powder	1
Birch Extract	2
Birch Wood	1
Bis Anthracenediylidene	3
Bis Copper Acetate	20
Bis Diglyceryl Polyacyladipate 2	2
Bis Ethylhexyloxyphenol Methoxyphenyl Triazine	2
Bis Glyceryl Ascorbate	1
Bis Imidazolidinyl Urea	2
Bis PEG/PPG 16/16 Dimethicone	1
Bis-Aminopropyl Diglycol Dimaleate	2
Bis-Aminopropyl Dimethicone	1
Bis-Behenyl Isostearyl/Phytosteryl Dimer Dilinoleyl Dimer Dilinoleate	1
Bis-Behenyl/Isostearyl/ Phytosteryl Dimer Dilinoleyl Dimer Dilinoleate	4
Bis-Behenyl/Isostearyl/Phytosteryl Dimer Dilinoleyl Dimer Dilinoleate	126
Bis-Butyldimethicone Polyglyceryl-3	3
Bis-C16-20 Isoalkoxy Tmhdi/Peg-90 Copolymer	1
Bis-Capryloyloxypalmitamido Isopropanol	1
Bis-Diglycery Polyacyladipate-2	2
Bis-Diglyceryl Polyacryladipate-2	8
Bis-Diglyceryl Polyacyladipate	3
Bis-Diglyceryl Polyacyladipate-1	18
Bis-Diglyceryl Polyacyladipate-2	675
Bis-Diglyceryl Polycyladipate-2	1
Bis-Diglycerylpolyacyladipate-2	1
Bis-Digylceryl Polyacyladipate-2	1
Bis-Dimonium Methosulfate	1
Bis-Dioctadecylamide Dimer Dilinoleic Acid/Ethylenediamine Copolymer	1
Bis-Ethoxydiglycol Cyclohexane 1,4-Dicarboxylate	12
Bis-Ethoxydiglycol Succinate	6
Bis-Ethyl Isostearamide	3
Bis-Ethylhexyl Hydroxydimethoxy Benzylmalonate	13
Bis-Ethylhexyloxyphenol Methoxyphenol Triazine	2
Bis-Ethylhexyloxyphenol Methoxyphenyl Triazine	147
Bis-Glyceryl Ascorbate	8
Bis-Hydroxyethoxypropyl Dimethicone	20
Bis-Hydroxyethoxypropyl Dimethicone/Peg-2 Soyamine/Ipdi Copolymer	3
Bis-Hydroyethoxypropyl Dimethicone	1
Bis-Lauryl Cocaminopropylamine/Hdi/Peg-100 Copolymer	1
Bis-Methoxypropylamido Isodocosane	3
Bis-Octyldodecyl Dimer Dilinoleate/Propanediol Copolymer	3
Bis-Peg-12 Dimethicone	16
Bis-Peg-12 Dimethicone Beeswax	3
Bis-Peg-15 Dimethicone/Ipdi Copolymer	1
Bis-Peg-15 Methyl Ether Dimethicone	7
Bis-Peg-18 Methyl Ether Dimethyl Silane	373
Bis-Peg-8 Dimethicone	7
Bis-Peg/Ppg-14/14 Dimethicone	51
Bis-Peg/Ppg-16/16 PEG/PPG 16/16 Dimethicone	1
Bis-Peg/Ppg-16/16 PEG/PPG-16/16 Dimethicone	55
Bis-Peg/Ppg-20/20 Dimethicone	6
Bis-Peg/Ppg-20/5 PEG/PPG-20/5 Dimethicone	4
Bis-Phenylpropyl Dimethicone	10
Bis-Propane/Bisaminomethylnorbornane Copolymer	2
Bis-Stearyl Dimethicone	59
Bis-Stearyl Ethylenediamine/Neopentyl Glycol/Stearyl Hydrogenated Dimer Dilinoleate Copolymer	1
Bis-Vinyl Dimethicone/Dimethicone Copolymer	2
Bisabolane	1
Bisabolol	1552
Bisdiglyceryl Polyacyladipate-2	2
Bismuth Chloride Oxide	3
Bismuth Oxychloride	141
Bismuth Oxychloride/Ci 77163	1
Bismuth Subgallate	1
Bisoctrizole	1
Bison Tallow	2
Bispropane/Bisaminomethylnorbornane Copolymer	2
Bitter Almond Oil	2
Bitter Cherry Seed Oil	1
Bitter Orange	1
Bitter Orange Essential Oil	2
Bitter Orange Extract	1
Bitter Orange Flower Extract	3
Bitter Orange Peel Oil	2
Bixa Orellana Extract	8
Bixa Orellana Leaf Extract	3
Bixa Orellana Powder	4
Bixa Orellana Seed Extract	59
Bixa Orellana Seed Oil	27
Bixa Orellana Seed Powder	1
Black	1
Black 2	18
Black 2/Ci 77266	1
Black Algae Extract	2
Black Baccara Extract	1
Black Cardamom	1
Black Carrot Extract	1
Black Castor Oil	1
Black Cherry Juice	1
Black Cohosh	1
Black Cumin Oil	1
Black Cumin Seed Oil	5
Black Currant Fruit Extract	2
Black Currant Seed Oil	1
Black Current Extract	1
Black Gram	3
Black Hawaiian Sea Salt	1
Black Honey	1
Black Iron Oxide	17
Black Iron Oxides	1
Black Pepper	4
Black Pepper Fruit Oil	1
Black Pepper Oil	1
Black Peppercorn	1
Black Plum	3
Black Raspberry	1
Black Sea Rod Oil	1
Black Seed Oil	2
Black Soap Concentrate	3
Black Spruce Oil	1
Black Strap Powder	3
Black TEA	6
Black TEA Extract	2
Black Walnut	2
Black Walnut Hull	1
Black Willowbark Extract	1
Blackberry	3
Blackberry Extract	2
Blackberry Flavor	2
Blackberry Fruit Extract	2
Blackcurrant Absolute	1
Bladderwrack Extract	5
Bladderwrack Seaweed	2
Bladderwrack Seaweed Extract	2
Blakeslea Trispora Mycelium Extract	1
Blend Of Essential Oils	2
Blend Of Plums	1
Bletia Hycinthina Bulb Extract	2
Bletilla Striata Root Extract	2
Blood Orange Essential Oil	5
Blood Orange Extract	1
Blood Orange Oil	3
Blue	3
Blue 1	789
Blue 1 Al Lake	3
Blue 1 Aluminum Lake	1
Blue 1 CI 42090	1
Blue 1 Lake	367
Blue 1 Lake CI 42090	4
Blue 1 Lake/Ci 42090	2
Blue 1/Ci 42090	18
Blue 15	1
Blue 4 CI 42090	2
Blue Agave	1
Blue Agave Extract	1
Blue Agave Nectar	1
Blue Chamomile Essential Oil	3
Blue Chamomile Flower Oil	4
Blue Green Algae Extract	2
Blue I	1
Blue Lake 1	1
Blue Lotus Essential Oil	1
Blue No 1 Lake	1
Blue No. 1	524
Blue No. 1 Lake	2
Blue No.1 CI 42090	1
Blue Tansy	2
Blue Tansy Essential Oil	3
Blue Tansy Flower Oil	8
Blue Tansy Oil	1
Blue Vervain Leaf Extract*	1
Blue Yarrow Essential Oil	1
Blue-Green Algae Extract	2
Blue1	3
Blueberry	2
Blueberry Essence	1
Blueberry Extract	7
Blueberry Fruit Extract	3
Blueberry Juice	2
Blueberry Puree	1
Blueberry Seed Oil	1
Bluecrown Passion Flower Extract	1
Blumea Balsamifera Extract	1
Bocoa Prouacensis Extract	3
Boerhavia Diffusa Root Extract	68
Bolus Alba	2
Bombax Ceiba Extract	1
Borage Extract	3
Borage Flowers	1
Borage Officinalis Extract	1
Borage Officinalis Oil	1
Borage Oil	28
Borage Seed Oil	35
Borage Seed Oil Aminopropanediol Amides	8
Borago Ocinalis Seed Oil	2
Borago Officials Seed Oil	7
Borago Officinalis	15
Borago Officinalis *	3
Borago Officinalis Extract	73
Borago Officinalis Flower	1
Borago Officinalis Flower Extract	7
Borago Officinalis Leaf Extract	41
Borago Officinalis Leaf Extract*	1
Borago Officinalis Oil	26
Borago Officinalis Oil*	2
Borago Officinalis Seed Extract	2
Borago Officinalis Seed Oi	1
Borago Officinalis Seed Oil	441
Borax	3
Boric Acid	5
Borneol	6
Boron Nitride	266
Boron Oxide	1
Boswellia Carteri	8
Boswellia Carteri Essential Oil	1
Boswellia Carteri Gum Extract	1
Boswellia Carteri Gum Oil	4
Boswellia Carteri Oil	15
Boswellia Carterii	3
Boswellia Carterii Co2	2
Boswellia Carterii Distillate	2
Boswellia Carterii Essential Oil	20
Boswellia Carterii Extract	2
Boswellia Carterii Gum Extract	1
Boswellia Carterii Gum Oil	5
Boswellia Carterii Oil	85
Boswellia Carterii Resin Extract	30
Boswellia Caterii Oil	2
Boswellia Frereana Oil	3
Boswellia Neglecta Resin Oil	5
Boswellia Sacra Gum/Resin Extract	2
Boswellia Sacra Oil	2
Boswellia Sacra Resin Oil	6
Boswellia Serrata	3
Boswellia Serrata Extract	115
Boswellia Serrata Extracts	1
Boswellia Serrata Gum	50
Boswellia Serrata Gum Extract	10
Boswellia Serrata Gum Resin Oil	2
Boswellia Serrata Oil	18
Boswellia Serrata Resin Extract	28
Boswellia Serrata Water	3
Botanic Herbal Infusion	1
Botanical Blend	1
Botanical Complex Extract	1
Botanical Extracts	2
Botanical Extracts Of Calendula Officinalis	2
Botanical Extracts Of Chamomile	1
Botanical Fragrance	1
Botanical Fragrance Blend	3
Botanical Fragrance Oil	1
Botanical Glycosides	1
Botanical Hyaluronic Acid	37
Botanical Oils	4
Botrytis CINEREA Ferment Lysate Filtrate	1
Bougainvillea Spectabilis Leaf Cell Extract	1
Bourbon	1
Bovine Orchic Glandular Extract	1
Brachychiton Acerifolius Flower Extract	3
Brahmi	1
Bran	1
Brasscamidopropy Dimethylamine	1
Brassica	2
Brassica Abyssinica Seed Oil	1
Brassica Alba Seed Extract	15
Brassica Alba Seed Oil	7
Brassica Alba Sprout Extract	11
Brassica Alcohol	19
Brassica Campestris /Aleurites Fordi Oil Copolymer	2
Brassica Campestris Extract	5
Brassica Campestris Extract/Rapeseed Extract	1
Brassica Campestris Oil	6
Brassica Campestris Oleifera	5
Brassica Campestris Oleifera Oil	9
Brassica Campestris Oleifera Oil / Rapeseed Seed Oil	1
Brassica Campestris Oleifera Oil/Rapeseed Seed Oil	2
Brassica Campestris Rapeseed Sterols	2
Brassica Campestris Seed Oil	151
Brassica Campestris Seed Oil/Rapeseed Seed Oil	11
Brassica Campestris Sprout Extract	2
Brassica Campestris Sprout Extract/Rapeseed Sprout Extract	2
Brassica Campestris Sterols	189
Brassica Campestris/Aleurites Fordi Copolymer	1
Brassica Campestris/Aleurites Fordi Oil	1
Brassica Campestris/Aleurites Fordi Oil Copolymer	43
Brassica Campestris/Aleurites Fordii Oil Copolymer	4
Brassica Campestris/Aleutres Fordi Oil Copolymer	1
Brassica Compestris Sterol	1
Brassica Glycerides	19
Brassica Juncea Seed Extract	1
Brassica Juncea Sprout Extract	1
Brassica Napus	1
Brassica Napus Extract	5
Brassica Napus Glycerides	2
Brassica Napus Oil	9
Brassica Napus Oil*	1
Brassica Napus Seed Oil	3
Brassica Oleacea Acefala Leaf Extract	1
Brassica Olearecea Extract	1
Brassica Oleracea Acephala	2
Brassica Oleracea Acephala Extract	11
Brassica Oleracea Acephala Leaf Extract	68
Brassica Oleracea Acephala Sprout Extract	2
Brassica Oleracea Botrytis Extract	8
Brassica Oleracea Capitata Leaf Extract	79
Brassica Oleracea Extract	6
Brassica Oleracea Gemmifera Extract	8
Brassica Oleracea Gemmifera Sprout Extract	1
Brassica Oleracea Italic Seed Oil	1
Brassica Oleracea Italica Extract	108
Brassica Oleracea Italica Seed Extract	2
Brassica Oleracea Italica Seed Oil	51
Brassica Oleracea Italica Sprout Extract	16
Brassica Oleracea Leaf Extract	8
Brassica Oleracea Leaf Oil	1
Brassica Oleracea Seed Oil	4
Brassica Rapa Leaf Extract	8
Brassica Rapa Root Extract	1
Brassica Sprout Extract	1
Brassicamidopropyl Dimethylamine	4
Brassicyl Valinate Esylate	4
Brazil Nut Oil	4
Brazilian Clay	1
Brazilian Mango Grapefruit Fragrance Oil	1
Brazilian Micronized Tourmaline Gemstone Powder	1
Brazilian Orange Oil	7
Breu Branco Resin	2
Brewer'S Yeast	2
Brihati	1
Brilliant Blue	2
Brilliant Blue Fcf	3
Broad Spectrum Cbd Extract Derived From Hemp	2
Broad Spectrum Hemp Oil	1
Broad Spectrum Hemp-Derived Cbd Oil	1
Broad Spectrum Oil	1
Broad-Spectrum Hemp Extract	1
Broccoli Extract	2
Broccoli Seed Oil	2
Broccoli Seed Oil*	2
Broccoli Sprout Extract	3
Bromelain	167
Bronopol	5
Bronze Powder	20
Broussonetia Kazinoki Bark Extract	2
Broussonetia Kazinoki Root Extract	8
Broussonetia Papyrifera Bark Extract	1
Brown 1	1
Brown Iron Oxide	4
Brown Sugar	8
Buchu Leaf Oil	3
Buckwheat Flour	1
Buddleja Davidii Callus Extract	2
Buddleja Davidii Extract	48
Buddleja Davidii Flower/Leaf Extract	1
Buddleja Davidii Leaf Extract	12
Buddleja Davidii Leaf Extract*	4
Buddleja Davidii Meristem Cell Culture	23
Buddleja Globosa Leaf Extract	3
Buddleja Globose Leaf Extract	1
Buddleja Officinalis Flower Extract	20
Buddleja Saved Meristem Cell Culture	1
Budweiser Beer	1
Buffalo Trace Bourbon	1
Buffered Calcium	1
Buglossoides Arvensis Seed Oil	5
Bulbine Frutescens	3
Bulbine Frutescens Leaf Juice	4
Bulbinella Nutens Extract	1
Bulgarian Rose Oil	2
Bulgarian Rose Water	1
Bulgarian Rosewater	2
Bulnesia Sarmienti Extract	2
Bulnesia Sarmienti Oil	2
Bulnesia Sarmientoi Extract	1
Bulnesia Sarmientoi Oil	1
Bulnesia Sarmientoi Wood Oil	47
Bumetrizole	2
Bunchgrass Prairie Essence	1
Bupleurum Falcatum Extract	1
Bupleurum Falcatum Root Extract	40
Bupleurum Falicatum Extract	1
Burdock	3
Burdock Extract	2
Burdock Root	5
Burdock Root Extract	4
Buriti Oil	6
Bursera Fagaroides Wood Oil	1
Bursera Graveolens Wood Oil	7
Butane	28
Butanediol	4
Butcher'S Broom Extract	1
Butelyne Glycol	1
Buteth-3	34
Buthylphenyl Methylpropional	5
Butlparaben	1
Butoxy PEG-4 Pg-Amodimethicone	22
Butoxydiglycol	3
Butrospermum Parkii Butter	3
Butryospermum Parkii	1
Butryospermum Parkii Butter	5
Butter Extract	6
Butterfly Bush Extract	2
Butterfly-Bush Extract	1
Buttermilk Powder	6
Buty-Lene Glycol	3
Butyl Acetate	2
Butyl Acrylate/Glycol Dimethacrylate Crosspolymer	1
Butyl Acrylate/Hydroxypropyl Dimethicone Acrylate Copolymer	1
Butyl Alcohol	6
Butyl Angelate	1
Butyl Avocadate	32
Butyl Ester Of Pvm/Ma Copolymer	1
Butyl Glycol	7
Butyl Hydroxy Toluene	2
Butyl Hydroxybenzoate	1
Butyl Hydroxycyclohexane Carboxylate	1
Butyl Methoxy-Dibenzoylmethane	1
Butyl Methoxycdibenzoylmethane	1
Butyl Methoxydibenzoyl Methane	2
Butyl Methoxydibenzoylmethane	417
Butyl Methyoxydibenzoylmethane	1
Butyl Paraben	4
Butyl Phenyl Methylpropional	2
Butyl Stearate	4
Butylated Hydroxy Toluene	3
Butylated Hydroxyanisole	7
Butylated Hydroxytoluene	56
Butylated Pvp	2
Butylene / Ethylene / Styrene Copolymer	3
Butylene /Ethylene/Styrene Copolymer	1
Butylene Ethylene Styrene Copolymer	1
Butylene Giycol	2
Butylene Glcyol	2
Butylene Glycal	1
Butylene Glycohol	1
Butylene Glycoi	1
Butylene Glycol Behenate	2
Butylene Glycol Cocoate	36
Butylene Glycol Dicaprylate/Dicaprate	88
Butylene Glycol Laurate	2
Butylene Glycol*	2
Butylene Gylcol	3
Butylene/ Ethylene / Styrene Copolymer	1
Butylene/ Ethylene/ Styrene Copolymer	2
Butylene/Ethylene/Propylene Copolymer	5
Butylene/Ethylene/Styrene Copolymer	354
Butyleneglycol	10
Butylhydroxytoluene	4
Butylmethoxy-Dibenzoylmethane	1
Butylmethoxydibenzoyl Methane	1
Butyloctanol	3
Butyloctyl Salicylate	335
Butylparaben	504
Butylpheny Methylpropional	6
Butylphenyl	4
Butylphenyl Menthylpropional	1
Butylphenyl Methlyproprional	3
Butylphenyl Methlypropronial	9
Butylphenyl Methyl Propional	2
Butylphenyl Methylpropianol	8
Butylphenyl Methylpropional	1309
Butylphenyl Methylproponal	4
Butylphenyl Methypropional	2
Butylphthalimide	1
Butyospermum Parkii Butter	3
Butyparaben	3
Butyphenyl Methylpropional	3
Butyrospemum Parki Butter	8
Butyrospemum Parkii Butter	4
Butyrosperm Parkii Butter	1
Butyrospermum	1
Butyrospermum Pakii	1
Butyrospermum Pakii Butter	4
Butyrospermum Park Butter	2
Butyrospermum Parki Butter	70
Butyrospermum Parki Butter Extract	26
Butyrospermum Parki Butter/Butyrospermum Parkii Butter	13
Butyrospermum Parki Shea Butter	9
Butyrospermum Parkii	754
Butyrospermum Parkii / Shea Butter	1
Butyrospermum Parkii Butter	6661
Butyrospermum Parkii Butter / Shea Butter	123
Butyrospermum Parkii Butter /Shea Butter	1
Butyrospermum Parkii Butter Extract	818
Butyrospermum Parkii Butter Extract*	10
Butyrospermum Parkii Butter Fruit	3
Butyrospermum Parkii Butter Unsaponifiables	47
Butyrospermum Parkii Butter/ Shea Butter	8
Butyrospermum Parkii Butter/Butyrospermum Parkii Butter	95
Butyrospermum Parkii Butter/Butyrospermum Parkil Butter	1
Butyrospermum Parkii Butter/Shea Butter	70
Butyrospermum Parkii Extract	28
Butyrospermum Parkii Fruit	50
Butyrospermum Parkii Fruit Butter	3
Butyrospermum Parkii Fruit Extract	11
Butyrospermum Parkii Fruit Refined	1
Butyrospermum Parkii Fruit*	5
Butyrospermum Parkii Fruit/Nut Butter	1
Butyrospermum Parkii Leaf	1
Butyrospermum Parkii Leaf Aqueous Extract	7
Butyrospermum Parkii Leaf* Aqueous Extract	3
Butyrospermum Parkii Nut Butter	13
Butyrospermum Parkii Nut Extract	19
Butyrospermum Parkii Nut Oil	4
Butyrospermum Parkii Oil	160
Butyrospermum Parkii Oil / Shea Oil	1
Butyrospermum Parkii Seed Butter	8
Butyrospermum Parkii Seed Oil	2
Butyrospermum Parkii Seedcake Extract	2
Butyrospermum Parkii Seedcake Extract/Shea Butter Seedcake Extract	5
Butyrospermum Parkii Shea Butter	28
Butyrospermum Parkii Shea Butter Extract	3
Butyrospermum Parkii Unsaponifiables	15
Butyrospermum Parkii/Butyrospermum Parkii	3
Butyrospermum Parkiil Butter	1
Butyrospermum Parkil Fruit	2
Butyrospermum Parkili Butter	1
Butyrospermumparkii Butter	7
Butyrospermun Parkii Butter	7
Butyrospernum Parki Butter	1
Butyrospernum Parkii Butter*	1
Butyspermum Parkii	2
Buxus Chinensis	1
Buxus Chinensis Beads	1
Buyphenyl Methypropional	1
Buytlene Glycol	1
C 12-15 Alkyl Benzoate	8
C 13-14 Isoparaffin	5
C-13-14 Isoparaffin	3
C.I. 16035 D&C Red No. 40	2
C.I. 77491	1
C.I. Pigment Blue 15	1
C.I.42090	1
C1-8 Alkyl Tetrahydroxycyclohexanoate	2
C10 30 Cholesterol/Lanesterol Esters	1
C10 30 Cholesterol/Lanosterol Esters	1
C10-13 Isoparaffin	2
C10-16	1
C10-16 Alkyl Glucoside	5
C10-18 Triglycerides	306
C10-30 Alkyl Acrylate Crosspolymer	4
C10-30 Cholesterol/Lanesterol Esters	1
C10-30 Cholesterol/Lanosterol Esters	112
C10-C18 Triglycerides	3
C11-13 Alkane	1
C11-13 Isoalkane	14
C11-13 Isoparaffin	12
C11-15 Alkane/Cycloalkane	1
C11-15 Alketh-12	1
C11-15 Alketh-7	1
C11-15 Pareth 7	1
C11-15 Pareth-12	1
C11-15 Pareth-40	8
C11-15 Pareth-7	18
C11-15-Isoalkanes	1
C12 13 Pareth 3	1
C12 13 Pareth-23	1
C12 15 Alcohol Benzoate	1
C12 15 Alkyl Benzoate	20
C12 15 Alkyl Lactate	2
C12 20 Alkyl Glucoside	1
C12 22 Alkyl Acrylate/Hydroxyethylacrylate Copolymer	2
C12-13 Alcohols	2
C12-13 Alketh-23	6
C12-13 Alketh-3	6
C12-13 Alketh-9	7
C12-13 Alkyl Ethylhexanoate	1
C12-13 Alkyl Glyceryl Hydrolyzed Hyaluronate	11
C12-13 Alkyl Lactate	25
C12-13 Pareth-1	1
C12-13 Pareth-23	20
C12-13 Pareth-3	53
C12-13 Pareth-9	5
C12-13-Pareth-9	2
C12-14 Alcohol Ethoxylate	1
C12-14 Alcohols Ethoxylate	1
C12-14 Alketh-12	22
C12-14 Alkyl Benzoate	6
C12-14 Alkyl Olefin Sulfonate	1
C12-14 Hydroxyalkyl Maltitol Ether	4
C12-14 Isoparaffin	6
C12-14 Olefin Sulfonate	1
C12-14 Pareth-12	109
C12-14 Sec-Pareth-5	6
C12-14 Sec-Pareth-7	6
C12-15 Alcohols	1
C12-15 Alcohols Ethoxylated	1
C12-15 Alkyl Benzoate	2425
C12-15 Alkyl Ethylhexanoate	36
C12-15 Alkyl Lactate	112
C12-15 Alkylbenzoate	5
C12-15 Alkyls Benzoate	1
C12-15 Ammonium Alkyl Esters	1
C12-15 Pareth-10	2
C12-15 Pareth-12	6
C12-15 Pareth-2	1
C12-15 Pareth-3	1
C12-15 Pareth-3 Benzoate	4
C12-15 Pareth-9	1
C12-16 Alcohols	165
C12-16 Alketh-9	1
C12-16 Alkyl Benzoate	1
C12-16 Alkyl Ethylhexanoate	1
C12-16 Pareth-9	3
C12-18 Acid Triglyceride	2
C12-18 Alkanoyl Glycerin/Sebacic Acid Copolymer	9
C12-18 Alkyl Glucoside	3
C12-18 Fatty Acids	1
C12-20 Acid PEG-8 Ester	82
C12-20 Alkyl Glucoside	268
C12-20 Isoparaffin	3
C12-22 Alkyl Acrylate/Hydroxyethylacrylate Copolymer	8
C12-C15 Alkyl Benzoate	15
C12/15 Alkyl Benzoate	1
C13 14 Isoparaffin	6
C13-014 Isoparaffin	1
C13-14 Alkane	52
C13-14 Alkyl Benzoate	1
C13-14 Isoalkane	47
C13-14 Isoparaffi N	1
C13-14 Isoparaffin	1194
C13-14 Isoparafin	5
C13-15 Akane	1
C13-15 Alkane	282
C13-15 Isoalkane	1
C13-16 Isoalkane	13
C13-16 Isoparaffin	66
C13-C14 Alkane	1
C13-C14 Isoparaffin	11
C13-C15 Alkane	1
C14 22 Alcohols	1
C14-15 Alkyl Ethylhexanoate	1
C14-16 Olefin Sulfonate	6
C14-18 Alcohols	5
C14-22 Alcohol	12
C14-22 Alcohols	267
C14-22 Alkane	1
C14-28 Alkyl Acid	1
C14-C16 Alpha Olefin	1
C142090	3
C15-19 Alkane	273
C15-23 Alkane	31
C16-18 Triglycerides	1
C16-C23 Alkane	1
C177891	6
C18-21 Alkane	23
C18-22 Hydroxyalkyl Hydroxypropyl Guar	4
C18-36 Acid Glycol Ester	29
C18-36 Acid Triglyceride	44
C18-36 Acid Triglycerides	10
C18-38 Alkyl Hydroxystearoyl Stearate	51
C18-38 Hydroxystearoyl Stearate	1
C18-70 Isoparaffin	1
C20 40 Alky Stearate	1
C20-22 Alcohol	1
C20-22 Alcohols	38
C20-22 Alkyl Phosphate	40
C20-24 Alkyl Dimethicone	3
C20-24 Olefin	3
C20-40 Acid	2
C20-40 Alcohol Stearate	2
C20-40 Alcohols	26
C20-40 Alkyl Stearate	46
C20-40 Pareth 10	1
C20-40 Pareth 40	1
C20-40 Pareth-10	9
C20-40 Pareth-3	4
C24-28 Alkyl Methicone	2
C26-28 Alkyl Dimethicone	5
C3-15 Alkane	1
C30 38 Olefin/Isopropyl Maleate/Ma Copolymer	1
C30 Hydrocarbons	4
C30-38 Olefin/Isopropyl Maleate/Ma Copolymer	4
C30-45 Alkyl Cetearyl Dimethicone Crosspolymer	26
C30-45 Alkyl Dimethicone	21
C30-45 Alkyl Methicone	8
C30-45 Alkyldimethylsilyl Polypropylsilsesquioxane	6
C30-45 Olefin	10
C32-36 Isoalkyl Stearate	2
C8-10 Mono	11
C8-12 Acid Triglyceride	5
C8-22 Alkyl Acrylates/Methacrylic Acid Crosspolymer	4
C9-11 Alketh-8	1
C9-11 Ethoxylated Alcohols	1
C9-11 Pareth-3	1
C9-11 Pareth-6	7
C9-11 Pareth-8	3
C9-12 Alkane	203
C9-12 Alkanes	5
C9-15 Alkyl Phosphate	5
C9-15 Fluoroalcohol Phosphate	1
C9-15 Fluoroalcohol Phosphates/C9-15 Fluoroalcohol Phosphate	1
Ca Disodium Edta	6
Cabbage Leaf Extract	1
Cabbage Rose Flower Water	2
Cabbage Rose Water	2
Cabbage Sprout Extract	1
Cabernet Grape	1
Cabomer	4
Cacao Butter	4
Cacao Extract	2
Cacao Powder	1
Cacao Seed Butter	2
Cactus Collagen	1
Cactus Flower Extract	1
Cacumis Sativus Fruit Extract	1
Caesal Pinia Spinosa Fruit Extract	1
Caesalpinia Sappan Bark Extract	16
Caesalpinia Sappan Extract	2
Caesalpinia Sappan Stem Powder	2
Caesalpinia Spinosa Fruit Extract	91
Caesalpinia Spinosa Fruit Pod Extract	11
Caesalpinia Spinosa Gum	207
Caesalpinia Spinosa Gum*	1
Caffea Robusta Aqueous Extract	1
Caffeine	1968
Caffeine Anhydrous	1
Caffeine Powder	2
Caffeine Usp	3
Caffeoyl Tripeptide-1	1
Caffeyl Glucoside	16
Cajeput	2
Cajeput Essential Oil	5
Cajeput Oil	2
Calamine	43
Calamine Powder	7
Calamintha Nepeta Leaf Extract	2
Calanthe Discolor Extract	24
Calcite	11
Calcium Acetate	1
Calcium Alginate	27
Calcium Aluminate Borosilicate	1
Calcium Aluminium Borosilicate	1
Calcium Aluminum Borosilicate	154
Calcium Ascorbate	35
Calcium Behenate	1
Calcium Bentonite Clay	5
Calcium Bentonite Indian Healing Clay	1
Calcium Borosilicate	1
Calcium Carbonate	70
Calcium Carboxymethyl Cellulose	1
Calcium Carrageenan	1
Calcium Chloride	324
Calcium CITRATE	1
Calcium Disodium Edta	12
Calcium Dna	4
Calcium Glucoheptonate	1
Calcium Gluconate	441
Calcium Hydroxide	16
Calcium Hydroxymethionine	39
Calcium Ketogluconate	15
Calcium Lactate	86
Calcium Lactate Gluconate	1
Calcium Montmorillonite Clay	1
Calcium Oxide	1
Calcium Pantetheine Sulfonate	19
Calcium Pantothenate	169
Calcium Pca	37
Calcium Pentothenate	1
Calcium Saccharin	1
Calcium Salt	1
Calcium Silicate	8
Calcium Sodium Borosilicate	141
Calcium Sodium Phosphosilicate	1
Calcium Starch Octenylsuccinate	1
Calcium Stearate	10
Calcium Sulfate	27
Calcium Sulfate Hydrate	3
Calcium Titanium Borosilicate	13
Calcium-D Pantothenate	1
Calcum Aluminum Borosilicate	1
Calcum Gluconate	1
Calendula	36
Calendula Co2 Essential Oil	1
Calendula Extract	43
Calendula Extract*	1
Calendula Flower	13
Calendula Flower Co2 Extract	3
Calendula Flower Extract	25
Calendula Flower Oil	5
Calendula Flowers	13
Calendula Herbal Oil	1
Calendula Infused Olive Oil	1
Calendula Infused Water	1
Calendula Ocinalis Flower Extract*	3
Calendula Of CINALIS Flower Extract	2
Calendula Official Flower Extract	1
Calendula Officialis Flower Extract	1
Calendula Officials Flower Extract	17
Calendula Officials Flower Oil	2
Calendula Officials Petal Extract	1
Calendula Officinal	2
Calendula Officinalis	29
Calendula Officinalis *	3
Calendula Officinalis Calendula Flower Extract	1
Calendula Officinalis Co2	1
Calendula Officinalis Co2*	2
Calendula Officinalis Distillate	5
Calendula Officinalis Extract	160
Calendula Officinalis Extract*	3
Calendula Officinalis Extracts	1
Calendula Officinalis Flower	35
Calendula Officinalis Flower Catract	1
Calendula Officinalis Flower Co2 Extract	1
Calendula Officinalis Flower Extracdt	1
Calendula Officinalis Flower Extract	1131
Calendula Officinalis Flower Extract*	31
Calendula Officinalis Flower Extract**	1
Calendula Officinalis Flower Extract¬Π	21
Calendula Officinalis Flower Infused In Olea Europaea Olive Oil	1
Calendula Officinalis Flower Oil	78
Calendula Officinalis Flower Oil*	5
Calendula Officinalis Flower Petals	1
Calendula Officinalis Flower Water	10
Calendula Officinalis Flower* Extract	2
Calendula Officinalis Flower/Leaf/Stem Juice	10
Calendula Officinalis Flowerextract	1
Calendula Officinalis Flowers	4
Calendula Officinalis Infusion	2
Calendula Officinalis Leaf Extract	4
Calendula Officinalis Oil	13
Calendula Officinalis Seed Oil	5
Calendula Officinalisflower Extract	5
Calendula Officinals Flower Extract	2
Calendula Oficinalis	1
Calendula Oil	20
Calendula Petals	2
Calendula Plant Infused Oil	1
Calendula*	1
Callicarpa Japonica Fruit Extract	13
Callitris Columellaris Leaf/ Twig Oil	1
Callitris Columellaris Leaf/Wood Extract	6
Callitris Intratropica Wood Oil	5
Callitris Introtropica Wood Oil	5
Calluna Vulgaris Extract	21
Calluna Vulgaris Flower Extract	15
Calochortus Tolmiei Flower Extract*	5
Calochortus Tolmiei Flower Extract**	1
Calodendrum Capense Nut Oil	17
Calodendrum Capense Oil	1
Calodendrum Capense Seed Oil	7
Calophylium Tacamahaca Seed Oil	1
Calophyllum Inophyllum	2
Calophyllum Inophyllum Extract	2
Calophyllum Inophyllum Fruit/Seed Oil	2
Calophyllum Inophyllum Nut Oil	1
Calophyllum Inophyllum Oil	18
Calophyllum Inophyllum Seed Oil	137
Calophyllum Inophyllum Seed Oil*	2
Calophyllum Tacamahaca Fruit Oil	1
Calophyllum Tacamahaca Oil	4
Calophyllum Tacamahaca Seed Oil	19
Calophylluminophyllum Seed Oil	1
Calophylum Inophylum Seed Oil	1
Calotropis Procera Callus Extract	2
Calycophyllum Spruceanum Bark Oleic Extract	4
Cameillia Sinesis Leaf Extract*	4
Camelia Japonica Seed Oil	2
Camelia Oleifera Leaf Extract	4
Camelia Sinensis Extract	13
Camelia Sinensis Leaf	1
Camelia Sinensis Leaf Extract	45
Camelina Oil	1
Camelina Sativa Oil/Camelina Sativa Seed Oil	1
Camelina Sativa Seed Oil	134
Camella Sinensis Leaf Extract	10
Camellia Extract	2
Camellia Japonica Extract	1
Camellia Japonica Flower Ex-Tract	1
Camellia Japonica Flower Extract	119
Camellia Japonica Flower Water	20
Camellia Japonica Leaf Extract	11
Camellia Japonica Oil	1
Camellia Japonica Seed Extract	9
Camellia Japonica Seed Oil	161
Camellia Kissi Seed Oil	19
Camellia Leaf Extract	2
Camellia Oil	11
Camellia Oleifeira Leaf Extract	2
Camellia Oleifera	7
Camellia Oleifera Extract	21
Camellia Oleifera Flower Extract	1
Camellia Oleifera Leaf	2
Camellia Oleifera Leaf Extract	267
Camellia Oleifera Leaf Extract*	2
Camellia Oleifera Leaf Extractt	3
Camellia Oleifera Oil	5
Camellia Oleifera Seed Extract	13
Camellia Oleifera Seed Oil	225
Camellia Oleifera Seed Oil*	10
Camellia Sativa Seed Oil	1
Camellia Seed Oil	9
Camellia Sineksis Leaf Oil	1
Camellia Sinenis	2
Camellia Sinensis	39
Camellia Sinensis *	2
Camellia Sinensis Active Stem Cell Callus Extract	1
Camellia Sinensis Callus Culture Extract	4
Camellia Sinensis Catechins	2
Camellia Sinensis Distillate	1
Camellia Sinensis Extract	148
Camellia Sinensis Flower Extract	1
Camellia Sinensis Hydrosol Water	1
Camellia Sinensis Leaf	33
Camellia Sinensis Leaf Extract	3915
Camellia Sinensis Leaf Extract *	1
Camellia Sinensis Leaf Extract Starch	4
Camellia Sinensis Leaf Extract*	12
Camellia Sinensis Leaf Infusion	5
Camellia Sinensis Leaf Leaf Extract	1
Camellia Sinensis Leaf Oil	8
Camellia Sinensis Leaf Polyphenols	1
Camellia Sinensis Leaf Powder	69
Camellia Sinensis Leaf Powder/Camellia Sinensis Leaf Powder	2
Camellia Sinensis Leaf Vesicles	1
Camellia Sinensis Leaf Water	58
Camellia Sinensis Leaf Wax	2
Camellia Sinensis Oil	4
Camellia Sinensis Polyphenols	31
Camellia Sinensis Powder	3
Camellia Sinensis Root Extract	1
Camellia Sinensis Seed Extract	21
Camellia Sinensis Seed Oil	110
Camellia Sinensis Seed Oil*	2
Camellia Sinensis TEA	1
Camellia Sinesis Extract	1
Camellia Sinesis Flower Extract	4
Camellia Sinesis Leaf Extract	24
Camellia Sinsensis Leaf Extract	1
Camilla Sinensis Leaf Extract	5
Camillia Sinensis Leaf Extract	1
Camitine	5
Campestris Seed Oil	1
Camphanediol	10
Camphene	1
Camphor	259
Camphor 0.5%	1
Camphor 1.7%	1
Camphor Bark Oil	3
Camphor Essential Oil	1
Camphor Oil	3
Campsis Grandiflora Flower Extract	2
Camu Camu	15
Camu Camu Extract	3
Camu Camu Fruit Extract	2
Camu Camu Juice	2
Camwood	1
Camwood Bark	1
Canadian Colloidal Clay	7
Canaga Odorata Flower Oil	4
Cananga Odorata	8
Cananga Odorata Essential Oil	3
Cananga Odorata Extract	3
Cananga Odorata Flower Extract	43
Cananga Odorata Flower Oil	314
Cananga Odorata Flower Oil*	5
Cananga Odorata Flower Water	4
Cananga Odorata Flower Wax	12
Cananga Odorata Genuina Oil	1
Cananga Odorata Leaf Oil	1
Cananga Odorata Oil	34
Cananga Odorata Oil / Cananga Odorata	2
Cananga Odorata Oil/Cananga Odorata Flower Oil	1
Cananga Odorata Ylang Ylang Flower Oil	1
Canarium Commune Gum Oil	2
Canarium Indicum	1
Canarium Indicum Oil	2
Canarium Indicum Seed Oil	5
Canarium Iuzonicum Gum Oil	2
Canarium Luzonicum Gum Essential Oil	4
Canarium Luzonicum Gum Nonvolatiles	33
Canarium Luzonicum Gum Oil	2
Canarium Luzonicum Leaf Extract	4
Canavalia Gladiata Extract	4
Canavalia Gladiata Fruit Extract	3
Canavalia Gladiata Seed Extract	2
Candelila/Jojoba/Rice Bran Polyglyceryl-3 Esters	1
Candelilla	2
Candelilla Cera	69
Candelilla Cera / Candelilla Wax	12
Candelilla Cera / Candelilla Wax / CIRE De Candelilla	5
Candelilla Cera Euphorbia Cerifera Wax	6
Candelilla Cera Wax	3
Candelilla Cera/Candelilla Wax	1
Candelilla Cera/Candelilla Wax/Cire De Candelilla	5
Candelilla Cera/Euphorbia Cerifera Wax	4
Candelilla Cera/Euphorbia Cerifera Wax/Candelilla Wax	4
Candelilla Cera/Euphorbia Cerifera Wax/Cire De Candela	1
Candelilla Cera/Euphorbia Cerifera Wax/Cire De Candelilla	42
Candelilla Jojoba/Rice Bran Polyglyceryl-3 Esters	1
Candelilla Wax	84
Candelilla Wax Esters	35
Candelilla Wax Hydrocarbons	1
Candelilla/Jojoba/Rice Bran Polyglyceryl 3 Esters	1
Candelilla/Jojoba/Rice Bran Polyglyceryl-3 Ester	1
Candelilla/Jojoba/Rice Bran Polyglyceryl-3 Esters	128
Candellia Cera/Euphorbia Cerifera Wax/Cire De Candellia	4
Candellia Wax	1
Candellia/Jojoba/Rice Bran Polyglyceryl-3 Esters	1
Candellila/Jojoba/Rice Bran Polyglyceryl-3 Esters	1
Candida Bombicola/Glucose/Methyl Rapeseedate Ferment	41
Candida Bombicola/Sucrose/Vegetable Acid Ester Ferment	1
Candida/Garcinia Cambogia Ferment	4
Candlenut Oil	4
Candula Extract	1
Cane Alcohol	11
Cane Sugar	3
Canina Fruit Oil	2
Caning Odonata Flower Oil	1
Caning Odorata Flower Oil	1
Cannabidiol	68
Cannabidiol Extract	3
Cannabidiol From Full Spectrum Hemp Extract	2
Cannabidiol Isolate	1
Cannabidiol Oil	1
Cannabidiol Rich Full Spectrum Hemp Oil	1
Cannabidiol-Derived From Extract Or Tincture Or Resin Of Cannabis	1
Cannabidiolic Acid	1
Cannabigerol	7
Cannabigerolic Acid	1
Cannabinoids	1
Cannabinol	3
Cannabis Safiva Seed Oil	1
Cannabis Sativa	1
Cannabis Sativa Callus Extract	1
Cannabis Sativa Cell Culture Extract	7
Cannabis Sativa Extract	15
Cannabis Sativa Flower/Leaf/Stalk/Stem Extract	1
Cannabis Sativa Flower/Leaf/Stem Extract	16
Cannabis Sativa Flower/Leaf/Stem Oil	1
Cannabis Sativa L	1
Cannabis Sativa Leaf Extract	4
Cannabis Sativa Oil	17
Cannabis Sativa Seed Butter	1
Cannabis Sativa Seed Extract	27
Cannabis Sativa Seed Oil	672
Cannabis Sativa Seed Oil*	7
Cannabis Sativa Stem Oil	3
Cannabis Sativa Stem Powder	1
Cannabisamidopropyl Hydroxysultaine	1
Cannibis Sativa Flower	1
Canola Oil	376
Canola Oil Glyceride	2
Canola Oil/Huile De Colza	9
Canola Oil\Huile De Colza	2
Canola/Canola Oil/Huile De Colza	2
Canola/Canola Oil/Huiledecolza	1
Cape Aloe Leaf Extract	1
Capparis Spinosa Bud Extract	3
Capparis Spinosa Extract	1
Capparis Spinosa Fruit Extract	6
Caprae Lac	162
Caprae Lac / Lait De Ch√®Vre/ Goat Milk / Leche De Cabra	1
Caprae Lac Powder	1
Caprae Lac/Goat Milk	1
Caprae Lac/Goat Milk/Lait De Ch√®Vre	7
Caprae Lac/Goat Milk/Lait De Ch√®Vre/Leche De Cabra	4
Caprae Lac/Goat Milk/Leche De Capra	14
Capramidopropyl Betaine	1
Capric Acid	38
Capric Caprylic Triglyceride	4
Capric Caprylic Triglycerides	10
Capric Triglyceride	21
Capric Triglycerides	1
Capric/ Caprylic Triglycerides	2
Capric/Caprylic Stearic Triglyceride	8
Capric/Caprylic Triglyceride	45
Capric/Caprylic Triglycerides	43
Caprilic Capric Triglycerides	2
Caprilic/Capric Triglyceride	3
Caprilyc/Capric Triglycerides	2
Caprlyl Glycol	3
Caprlylyl Glycol	1
Caproic Acid	8
Caprooyl Phytosphingosine	105
Caprooyl Sphingosine	101
Caprooyl Tetrapeptide-3	45
Caproyl Phytosphingosine	1
Caproyl Sphingosine	2
Capryic/Capric Triglyceride	1
Capryl Glucoside	5
Capryl Glycol	51
Capryl Glycol/Caprylyl Glycol	2
Capryl Hydroxamic Acid	3
Capryl Olyool	1
Capryl Triglyceride	1
Capryl/Capramidopropyl Betaine	24
Capryl/Caprylic Triglyceride	2
Capryl/Caprylyl Glucoside	5
Caprylhedroxamic Acid	2
Caprylhydroxamic	1
Caprylhydroxamic Aci	1
Caprylhydroxamic Acid	1170
Caprylic	15
Caprylic / Capric Triglyceride	28
Caprylic / Capric Triglycerides	1
Caprylic /Capric Triglyceride	15
Caprylic Acid	68
Caprylic Alcohol	1
Caprylic Capric Triglyceride	53
Caprylic Capric Triglycerides	13
Caprylic Triglyceride	17
Caprylic-Capric Tg	1
Caprylic-Capric Triglyceride	3
Caprylic-Capric-Triglyceride	10
Caprylic/ Capric Glycerides	1
Caprylic/ Capric Triglyceride	182
Caprylic/ Capric/Myristic/Stearic Triglyceride	6
Caprylic/-Capric Triglyceride	8
Caprylic/Capic Triglyceride	1
Caprylic/Capri Triglyceride	2
Caprylic/Capric Acid	2
Caprylic/Capric Glucoside	2
Caprylic/Capric Glycerides	94
Caprylic/Capric Glycerides Polyglycerin-10 Esters	5
Caprylic/Capric Stearic Triglyceride	7
Caprylic/Capric Trigliceride	5
Caprylic/Capric Triglyceride	9915
Caprylic/Capric Triglyceride Oil	5
Caprylic/Capric Triglyceride PEG-4 Esters	1
Caprylic/Capric Triglyceride*	3
Caprylic/Capric Triglyceride**	2
Caprylic/Capric Triglycerides	167
Caprylic/Capric Triglycride	1
Caprylic/Capric Triglyeride	2
Caprylic/Capric Trigycerides	3
Caprylic/Capric Trigylceride	3
Caprylic/Capric Tryglyceride*	4
Caprylic/Capric/Lauric Triglycerides	2
Caprylic/Capric/Myristic/Stearic Triglyceride	225
Caprylic/Capric/Myristic/Stearic Triglycerides	1
Caprylic/Capric/Myrsitic/Stearic Triglyceride	1
Caprylic/Capric/Stearic Triglycerides	3
Caprylic/Capric/Succinic Triglyceride	26
Caprylic/Capric/Triglyceride	2
Caprylic/Caprictriglyceride	10
Caprylic/Caprid Triglyceride	1
Caprylicicapric Triglyceride	3
Caprylie/Caprie Triglyeeride	1
Caprylohydroxamic Acid	1
Caprylol Glycerin/Sebacic Acid Copolymer	2
Caprylol Glycine	3
Capryloyl Carnosine	18
Capryloyl Glycerin	7
Capryloyl Glycerin/ Sebacic Acid Copolymer	3
Capryloyl Glycerin/Sebacic Acid	2
Capryloyl Glycerin/Sebacic Acid Copolymer	286
Capryloyl Glycine	242
Capryloyl Salicylic Acid	334
Capryloyl/Caproyl Anhydro Methyl Glucamide	6
Capryloyl/Caproyl Methyl Glucamide	24
Capryloyl/Capryloyl Leucine Isosorbide Esters	1
Capryly Glycol	27
Capryly/Capryl Glucoside	15
Caprylyi Glycol	2
Caprylyl / Capryl Glucoside	5
Caprylyl 2-Glyceryl Ascorbate	1
Caprylyl Alcohol	5
Caprylyl Capryl Glucoside	12
Caprylyl Caprylate/Caprate	61
Caprylyl Glucoside	5
Caprylyl Glyceryl Ether	30
Caprylyl Glycine	4
Caprylyl Glycol	10754
Caprylyl Glycol Linseedate	1
Caprylyl Glyocal	1
Caprylyl Glyocol	1
Caprylyl Gycol	3
Caprylyl Gylcol	2
Caprylyl Methicone	338
Caprylyl Trimethicone	5
Caprylyl-Caprylate/Caprate	2
Caprylyl/ Capryl Glucoside	8
Caprylyl/Capryl Glucoside	604
Caprylyl/Capryl Glucoside*	3
Caprylyl/Capryl Glycosides	1
Caprylyl/Capryl Oligoglucoside	1
Caprylyl/Capryl Wheat Bran/ Straw Glycosides	1
Caprylyl/Capryl Wheat Bran/Straw Glycosides	9
Caprylyl/Capryl/ Capryl Glucoside	1
Caprylyl/Decyl Glucoside	1
Caprylyl/Myristyl Glucoside	8
Caprylylglycol	10
Caprylylhydroxamic Acid	2
Caprylyl‚Äìcaprylate/Caprate	1
Capryyl Glycol	3
Capsaicin	6
Capsanthin/Capsorubin	4
Capsicum Annuum	1
Capsicum Annuum Extract	15
Capsicum Annuum Extract / Capsicum Annuum Fruit Extract	6
Capsicum Annuum Extract/Capsicum Annuum Fruit Extract	3
Capsicum Annuum Fruit Extract	25
Capsicum Annuum Fruit Meristem Cell	1
Capsicum Annuum Fruit Meristem Cell Culture	1
Capsicum Annuum Fruit Powder	1
Capsicum Annuum Leaf Extract	2
Capsicum Annuum Meristem Cell Culture	4
Capsicum Annuum Resin	1
Capsicum Essential Oil	1
Capsicum Frutescens Fruit Extract	14
Capsicum Frutescens Powder	1
Capsicum Frutescens Resin	2
Capsicum Oleoresin	3
Capsosiphon Fulvescens Extract	1
Capuacu Butter	2
Capyrylyl Glycol	2
Carageenan	4
Caramel	625
Caramel Color	5
Carapa Guaianensis Seed Oil	32
Carapa Guaianesis Seed Oil	7
Carapa Guianensis Oil	2
Carapa Guianensis Seed Oil	6
Carapas Guinanesis	1
Caraway Fruit Oil	3
Carbamide	1
Carbo Carbonis Powder	1
Carbocysteine	2
Carbomer	9624
Carbomer 2984	1
Carbomer 934	1
Carbomer 940	31
Carbomer 941	1
Carbomer 980	5
Carbomer 990	1
Carbomer Copolymer Type B	2
Carbomer Homopolymer	10
Carbomer Homopolymer Type B	13
Carbomer Homopolymer Type C	15
Carbomer Interpolymer A	3
Carbomer Interpolymer Type A	7
Carbomer Triethanolamine	3
Carbomer/Papain Crosspolymer	5
Carbomers	3
Carbomethylglucan	1
Carbon	27
Carbon Black	11
Carbon Black CI 77266	2
Carbon Dioxide	2
Carbon Powder	2
Carbonated Water	1
Carbonyl Diamine	1
Carbopol	14
Carbopol 940	1
Carbopol Etd 2020	1
Carbopol Ultrez 10	1
Carbormer	3
Carboxaldehyde	15
Carboxylic Acid	7
Carboxymethyl Cellulose	2
Carboxymethyl Chitin	1
Carboxymethyl Chitosan Succinamide	2
Carboxymethylcellulose	1
Carboxymethylcellulose Sodium	1
Carboxymethylglucan	1
Carboxypolymethylene	3
Carboxyvinyl Polymer	2
Cardamom	3
Cardamom Essential Oil	4
Cardamom Oil	4
Cardamon Oil	1
Cardamon Seed Oil	1
Cardiospermum Halicacabum	2
Cardiospermum Halicacabum Flower/ Leaf/ Vine Extract	3
Cardiospermum Halicacabum Flower/Leaf/Vine Extract	53
Cardunculus Leaf Extract	3
Carica Papaya	5
Carica Papaya Aqueous Extract	2
Carica Papaya Extract	23
Carica Papaya Fruit	11
Carica Papaya Fruit Extract	417
Carica Papaya Fruit Extract/Papaya Fruit Extract	28
Carica Papaya Fruit Lactobacillus	1
Carica Papaya Fruit Powder	1
Carica Papaya Fruit Water	4
Carica Papaya Leaf Aqueous Extract	1
Carica Papaya Leaf Extract	20
Carica Papaya Leaf Powder	1
Carica Papaya Oil	2
Carica Papaya Seed Oil	19
Carmel	2
Carmel Color	1
Carmine	164
Carmine *	2
Carmine CI 75470	2
Carmine/Ci 75470	1
Carmober	1
Carnation Oil	2
Carnauba	3
Carnauba Wax	39
Carnauba/Carnauba Wax/Cire De Carnauba	390
Carnauba/Carnuba Wax/Cire De Carnauba	1
Carnitine	112
Carnitine Hcl	23
Carnosine	251
Carnuba Wax	2
Carob Fruit Extract	1
Carob Gum	2
Carob Pod	1
Carob Resinoid	3
Carota Sativa	1
Carota Sativa Essential Oil	1
Carotene	3
Carpobrotus Edulis Extract	3
Carprylyl Glycol	2
Carpylic/Capric Triglyceride	2
Carrageenan	471
Carrageenan Extract	2
Carrageenan Gum	22
Carrageenan/Chondrus Crispus	1
Carrageenans	1
Carrot	9
Carrot Angelica Extract	1
Carrot Extract	19
Carrot Oil	7
Carrot Oil / Beta Carotene	1
Carrot Oil / Beta-Carotene	1
Carrot Root	2
Carrot Root Stem Cells	1
Carrot Seed	4
Carrot Seed Essential Oil	4
Carrot Seed Extract	2
Carrot Seed Oil	29
Carthamus Seed Oil	1
Carthamus Tictorius Oil	1
Carthamus Tictorius Seed Oil	1
Carthamus Tinctorious Seed Extract	1
Carthamus Tinctorious Seed Oil	13
Carthamus Tinctorium Oleosomes	2
Carthamus Tinctorium Seed Oil	1
Carthamus Tinctorius	14
Carthamus Tinctorius Bud Extract	1
Carthamus Tinctorius Extract	1
Carthamus Tinctorius Flower Extract	53
Carthamus Tinctorius L. Oil	1
Carthamus Tinctorius Oil	49
Carthamus Tinctorius Oil*	2
Carthamus Tinctorius Oleosomes	134
Carthamus Tinctorius Oleosomes*	4
Carthamus Tinctorius Safflower Seed Oil	1
Carthamus Tinctorius Seed	1
Carthamus Tinctorius Seed Extract	7
Carthamus Tinctorius Seed Oii	361
Carthamus Tinctorius Seed Oil	971
Carthamus Tinctorius Seed Oil / Safflower Seed Oil	4
Carthamus Tinctorius Seed Oil/Carthamus Tinctorius	3
Carthamus Tinctorius Seed Oil/Carthamus Tinctorius Oil	3
Carthamus Tinctorius Seed Oil/Carthamus Tinctorius Seed Oil	3
Carthamus Tinctorius Seed Oil/Safflower Seed Oil	9
Carthamus Tinctorius Seedcake Extract	1
Carum Carvi Seed Extract	1
Carum Petroselinum	3
Carum Petroselinum Extract	34
Carum Petroselinum Leaf Extract	1
Carum Petroselinum Seed Oil	30
Carvone	6
Carya Illinoensis Seed Oil	2
Carya Illinoensis Shell Powder	6
Carya Illinoinensis Seed Oil	1
Carya Illinoinensis Shell Extract	1
Carya Ovata	1
Carya Ovata Bark Extract	16
Carya Ovata Extract	1
Caryocar Brasiliense Fruit Oil	13
Caryodendron Orinocense Nut Oil	3
Caryodendron Orinocense Seed Oil	63
Cascarilla Bark Extract	1
Casearia Sylvestris Leaf Extract	1
Casein	1
Cassia Alata Leaf Extract	27
Cassia Angustifolia Seed	5
Cassia Angustifolia Seed Extract	19
Cassia Angustifolia Seed Polysaccharide	82
Cassia Hydroxypropyltrimonium Chloride	4
Cassia Italica Leaf Extract	3
Cassia Obtusifolia Seed Extract	16
Cassia Oil	4
Cassila Angustifolia Seed Polysaccharide	1
Castanea Crenata Pellicle Extract	3
Castanea Crenata Shell Extract	35
Castanea Sativa / Chestnut Seed Extract	2
Castanea Sativa Bark Extract	5
Castanea Sativa Leaf Extract	3
Castanea Sativa Seed Extract	57
Castanea Sativa Seed Extract / Chestnut Seed Extract	4
Castile Soap	10
Castile Soap Powder	1
Castor	3
Castor Bean	1
Castor Isostearate Beeswax Succinate	1
Castor Isostearate Succinate	24
Castor Oil	140
Castor Oil Fatty Acid	1
Castor Oil Hydrogenated Ethoxylated	3
Castor Oil Phosphate	1
Castor Oil/Ipdi Copolymer	103
Castor Oil/Pdi Copolymer	5
Castor Oils	2
Castor Seed Oil	55
Castor Sugar	1
Castor Wax	1
Castoryl Maleate	18
Catalase	1
Cathamus Tinctorius Seed Oil	1
Cationic Hydroxyethyl Cellulose	1
Catnip	1
Caulerpa Lentillifera Extract	30
Caulerpa Lentillifera Oil	1
Cauliflower Sprout Extract	1
Caumarin	1
Caustic Soda	1
Caviar	2
Caviar Enzymes	1
Caviar Extract	36
Cayenne	2
Cb-14 Isoparaffin	1
Cbd	4
Cbd Distillate	2
Cbd Isolate	4
Cbd Oil	1
Cbd Rich Hemp Extract	2
Cedar	1
Cedar Leaf Oil	1
Cedar Oil	2
Cedar Wood Essential Oil	1
Cedarleaf	1
Cedarwood	7
Cedarwood Bark Oil	1
Cedarwood Essential Oil	6
Cedarwood Extract	1
Cedarwood Oil	11
Cedrelopsis Grevei Bark Extract	3
Cedrol	66
Cedrus Atlantica Bark Extract	25
Cedrus Atlantica Bark Oil	90
Cedrus Atlantica Essential Oil	1
Cedrus Atlantica Extract	4
Cedrus Atlantica Oil	19
Cedrus Atlantica Wood Essential Oil	2
Cedrus Atlantica Wood Extract	1
Cedrus Atlantica Wood Oil	17
Cedrus Deodara Oil	2
Cedrus Deodara Wood Oil	10
Cedrus Deodora Oil	1
Cehami	11
Celastrus Seed	1
Celeareth 20	1
Celery Seed	1
Celery Seed Essential Oil	1
Celery Seed Extract	1
Cellulose	578
Cellulose Acetate	62
Cellulose Acetate Butyrate	33
Cellulose Acetate Propionate	1
Cellulose Based Natural Plant Gums	3
Cellulose Gum	1042
Cellulose Polymer	2
Cellulose Thickener	1
Celosia Cristata Flower Extract	5
Celosia Cristate Extract	2
Celtic Sea Salt	2
Celulose Gum	1
Centaurea Cyanus	2
Centaurea Cyanus Extract	5
Centaurea Cyanus Flower Extract	137
Centaurea Cyanus Flower Water	50
Centaurea Cyanus Petals	1
Centaurium Erythraea	1
Centaurium Erythraea Extract	34
Centella Asiatica	28
Centella Asiatica Callus Conditioned Media	2
Centella Asiatica Cell Culture Extract	1
Centella Asiatica Extract	1484
Centella Asiatica Extract*	43
Centella Asiatica Flower/Leaf/Stem Extract	24
Centella Asiatica Leaf Extract	279
Centella Asiatica Leaf Water	27
Centella Asiatica Leaf/Stem Extract	3
Centella Asiatica Meristem Cell Culture	33
Centella Asiatica Meristem Culture	2
Centella Asiatica Oil	2
Centella Asiatica Powder	2
Centella Asiatica Root Extract	28
Centella Asiatica Root Powder	3
Centella Asiatica Stem Cell Culture	2
Centella Asiatica Stem Cells	1
Centella Asiatica Water Infusion	1
Centella Extract	2
Centella Meristem Cell Culture	1
Centipeda Cunninghamii	4
Centipeda Cunninghamii Extract	12
Centipeda Cunninghamil Leaf/Stem Extract	1
Centrimonium Chloride	2
Cera Alba	719
Cera Alba *	6
Cera Alba / Beeswax	47
Cera Alba / Beeswax / CIRE D'Abeille	3
Cera Alba / Beeswax / CIRE Dabeille	15
Cera Alba /Beeswax	1
Cera Alba /Cire D'Abeille	42
Cera Alba CIRE D Abeille	1
Cera Alba CIRE D‚Äôabellie	1
Cera Alba/ Beeswax	1
Cera Alba/Beeswax	48
Cera Alba/Beeswax/ CIRE D'Abeille	5
Cera Alba/Beeswax/Cire D'Abeille	54
Cera Alba/Beeswax/Cire Dabeille	9
Cera Alba/Beeswax/Cire D‚Äôabeille	14
Cera Alba/Beeswax/Cire D‚Äôadeille	7
Cera Alba/Peg-8 Beeswax/Cira D' Abeille	2
Cera Alba¬∑	1
Cera Bellina	1
Cera Carnauba	6
Cera Carnauba / Carnauba Wax	1
Cera Carnauba / Carnauba Wax / CIRE De Carnauba	1
Cera Carnauba/Copernicia Cerifera Wax/Cire De Carnauba	16
Cera Flava	25
Cera Microcristalina	5
Cera Microcristallina	174
Cera Microcristallina / Microcrystalline Wax	21
Cera Microcristallina / Microcrystalline Wax / CIRE Microcristalline	9
Cera Microcristallina /Cire Microcristalline	1
Cera Microcristallina Microcrystalline Wax CIRE Microcristalline	2
Cera Microcristallina/ Microcrystalline Wax	2
Cera Microcristallina/ Microcrystalline Wax/Cire Microcristalline	2
Cera Microcristallina/ Microcrystalline Wax/Cire Microcrystalline	1
Cera Microcristallina/Hydrogenated Microcrystalline Wax	2
Cera Microcristallina/Microcristalline Wax/Cire Microcristalline	2
Cera Microcristallina/Microcrystallie Wax	1
Cera Microcristallina/Microcrystalline Wax	15
Cera Microcristallina/Microcrystalline Wax/Cire Microcristalline	29
Cera Microcristallina/Microcrystalline Wax/Cire Microcrystalline	6
Cera Microcrystallina	41
Ceramide	27
Ceramide 1	121
Ceramide 2	71
Ceramide 3	290
Ceramide 4	18
Ceramide 6	13
Ceramide 6 11	10
Ceramide 6 Ii	73
Ceramide 6-11	14
Ceramide 6-Ii	15
Ceramide Ag	13
Ceramide Ap	1177
Ceramide As	119
Ceramide Complex 2	1
Ceramide Eop	1149
Ceramide Eos	104
Ceramide Iii	1
Ceramide Ng	281
Ceramide Np	2505
Ceramide Ns	254
Ceramide-2	3
Ceramide-3	30
Ceramide-4	1
Ceramides	13
Ceratonia Siliqua Fruit Extract	39
Ceratonia Siliqua Gum	373
Ceratonia Siliqua Gum/Carob Gum	3
Ceratonia Siliqua Seed Extract	15
Ceratonia Sliqua Gum	2
Ceresin	250
Ceresin Wax	9
Ceresine	3
Cereus Grandi Florus Extract	1
Cereus Grandiflorus Extract	6
Cereus Grandiflorus Flower Extract	39
Cereus Grandiflorus Flower Extract / Cactus Flower Extract	3
Cereus Grandiflorus Flower Extract/Cactus Flower Extract	1
Cereus Graniflorus Flower Extract	8
Cerium Oxide	2
Cert Organic Aloe Barbadenis Leaf Juice	9
Cert Organic Helianthus Annuus Seed Oil	12
Cert Organic Prunus Amygdalus Dulcis Oil	1
Certaonia Siliqua Gum	2
Certified Gluten-Free Oat Powder	1
Certified Gluten-Free Whole Oat Powder	1
Certified Organic Alcohol	2
Certified Organic Aloe Barbadenis Leaf Juice	1
Certified Organic Aloe Barbadensis Juice	1
Certified Organic Aloe Barbadensis Leaf Juice	15
Certified Organic Aloe Vera	3
Certified Organic Aloe Vera Juice	3
Certified Organic Aloe Vera Leaf Juice	2
Certified Organic Argan Oil	1
Certified Organic Arnica Montana Flower Extract	1
Certified Organic Blueberry Fruit Extract	1
Certified Organic Butyrospermum Parki	2
Certified Organic Butyrospermum Parkii	2
Certified Organic Butyrospermum Parkii Butter	2
Certified Organic Calendula Extract	1
Certified Organic Camellia Sinensis Extract	1
Certified Organic Camellia Sinensis Leaf Extract	1
Certified Organic Caprylic/Capric/Myristic/ Stearic Triglyceride	1
Certified Organic Carthamus Tinctorius Seed Oil	2
Certified Organic Chamomile Extract	2
Certified Organic CITRUS Reticulata Fruit Extract	1
Certified Organic Coconut Oil	1
Certified Organic Cocos Nucifera Oil	4
Certified Organic Cold Pressed Virgin Coconut Oil	1
Certified Organic Cold-Pressed Extra Virgin Olive Oil	1
Certified Organic Cucumis Melo Seed Extract	7
Certified Organic Extra Virgin Olive Oil	2
Certified Organic Glycerin	5
Certified Organic Glycine Soja Oil	1
Certified Organic Glycyrrhiza Glabra Root Extract	10
Certified Organic Green TEA Extract	1
Certified Organic Hamamelis Virginiana Leaf Extract	1
Certified Organic Helianthus Annuus Seed Oil	11
Certified Organic Ilex Paraguariensis Leaf Extract	1
Certified Organic Jojoba Oil	8
Certified Organic Jojoba Seed Oil	2
Certified Organic Lavender Extract	1
Certified Organic Lecithin	1
Certified Organic Neem Extract	1
Certified Organic Oats	1
Certified Organic Olea Europaea Fruit Oil	1
Certified Organic Olive Oil	3
Certified Organic Persea Americana Oil	1
Certified Organic Pimpinella Anisum Seed Oil	2
Certified Organic Prunus Amygdalus Dulcis Oil	1
Certified Organic Prunus Armeniaca Kernel Oil	2
Certified Organic Raw Apple CIDER Vinegar	1
Certified Organic Rose Fragrance	1
Certified Organic Rosehip Oil	4
Certified Organic Safflower Oil	1
Certified Organic Shea Butter	3
Certified Organic Simmondsia Chinensis Seed Oil	1
Certified Organic Sunflower Oil	7
Certified Organic Virgin Olive Oil	1
Certified Organic Vitis Vinifera Seed Oil	2
Certified Organic White TEA Extract	1
Certified Organic Witch Hazel Distillate	6
Certified Organic Witch Hazel Ext Blend Hamamelis Virginiana Extract	1
Certified Organic Witch Hazel Extract Blend Hamamelis Virginiana Bark/Leaf/Twig Extract	3
Certified Palm Oil	1
Cestrum Latifolium Leaf Extract	3
Cestrum Nocturnum Flower Extract	1
Cetanol	5
Cetearamidoethyldiethonium Succinoyl Hydrolyzed Pea Protein	1
Ceteardimonium Chloride	2
Ceteareth 10	1
Ceteareth 12	11
Ceteareth 20	62
Ceteareth 25	7
Ceteareth 3	1
Ceteareth Alcohol	2
Ceteareth-10	2
Ceteareth-10 Phosphate	1
Ceteareth-12	241
Ceteareth-14	3
Ceteareth-15	3
Ceteareth-2	17
Ceteareth-20	2377
Ceteareth-20 And Cetearyl Alcohol	1
Ceteareth-22	4
Ceteareth-23	1
Ceteareth-25	250
Ceteareth-29	2
Ceteareth-3	6
Ceteareth-30	40
Ceteareth-33	104
Ceteareth-35	1
Ceteareth-6	53
Ceteareth-6 Olivate	18
Ceteareth-6-Olivate	1
Ceteareth-60	1
Ceteareth-60 Myristyl Glycol	27
Ceteareth20	2
Cetearly Alcohol	2
Cetearth-20	2
Ceteary Alcohol	23
Ceteary! Glucoside	1
Cetearyl Alc	1
Cetearyl Alcohol	9732
Cetearyl Alcohol Nf	2
Cetearyl Alcohol**	1
Cetearyl Alcohol/Ceteareth-20	1
Cetearyl Alcohol/Cetearyl Glucoside	1
Cetearyl Alcohol/Coco Gluconate	2
Cetearyl Behenate	1
Cetearyl Candelillate	2
Cetearyl Dimethicone	6
Cetearyl Dimethicone Crosspolymer	26
Cetearyl Dimethicone/Vinyl Dimethicone Crosspolymer	1
Cetearyl Ehtylhexanoate	2
Cetearyl Esters	1
Cetearyl Ethylhexanoate	332
Cetearyl Glucoside	1778
Cetearyl Glucoside*	1
Cetearyl Isononanoate	332
Cetearyl Methicone	29
Cetearyl Nonanoate	4
Cetearyl Octanoate	4
Cetearyl Olivate	1490
Cetearyl Phosphate	22
Cetearyl Polyglucose	1
Cetearyl Stearate	3
Cetearyl Sulfate	1
Cetearyl Wheat Straw Glycosides	30
Cetearylalcohol	15
Cetearylglucoside	5
Ceterayl Alcohol	2
Cetereath-20	3
Cetereath-25	1
Cetery Alcochol	1
Ceteryl Alcohol	5
Ceteth 10 Phosphate	2
Ceteth 20	4
Ceteth-10	29
Ceteth-10 Phosphate	73
Ceteth-13	3
Ceteth-15	4
Ceteth-16	3
Ceteth-2	26
Ceteth-20	291
Ceteth-20 Phosphate	24
Ceteth-24	51
Ceteth-25	8
Ceteth-3	16
Ceteth-5	17
Cetethyl Morpholinium Ethosulfate	2
Cetl Alcohol	7
Ceto Stearyl Alcohol	2
Cetomacrogol 1000	7
Cetomacrogol Emulsifying Wax	1
Cetomacrogol Emulsifying Wax Bp	4
Cetostearyl Alcohol	73
Cetraria Islandica Extract	20
Cetraria Islandica Extract*	4
Cetraria Islandica Thallus Extract	2
Cetrimonium Bromide	74
Cetrimonium Chloride	294
Cetrimonium Methosulfate	2
Cety Alchol	1
Cety Alcohol	17
Cety! Alcohol	1
Cetyl 2-Ethylhexanoate	1
Cetyl Acetate	171
Cetyl Alchol	3
Cetyl Alcohol	8781
Cetyl Alcohol Nf	3
Cetyl Alcohol*	4
Cetyl Babassuate	3
Cetyl Behenate	7
Cetyl Betaine	52
Cetyl Caprylate	6
Cetyl Diglyceryl Tris Silylethyl Dimethicone	2
Cetyl Diglyceryl Trissilyethyl Dimethicone	8
Cetyl Diglyceryl Trissilylethyl Dimethicone	6
Cetyl Dimethicone	108
Cetyl Dimethicone Copolyol	1
Cetyl Dimethicone/Bis-Vinyl Dimethicone Crosspolymer	1
Cetyl Dimethicone/Bis-Vinyldimethicone Crosspolymer	3
Cetyl Dimethylbutyl Ether	1
Cetyl Esters	401
Cetyl Esters Wax	3
Cetyl Ether	1
Cetyl Ethylhexanoate	726
Cetyl Glyceryl Ether	5
Cetyl Hexacosyl Dimethicone	1
Cetyl Hydoxyethylcellulose	1
Cetyl Hydroxy Ethylcellulose	1
Cetyl Hydroxyethlcellulose	1
Cetyl Hydroxyethyl Cellulose	2
Cetyl Hydroxyethylcellulose	175
Cetyl Hydroxyproline Palmitate	1
Cetyl Isononanoate	1
Cetyl Lactate	74
Cetyl Latate	1
Cetyl Myristoleate	2
Cetyl Octanoate	2
Cetyl Palmitate	860
Cetyl Pamitate	1
Cetyl PEG	1
Cetyl PEG-PPG-10 / 1 Dimethicone	1
Cetyl PEG/ PPG-10/1 Dimethicone	1
Cetyl PEG/PPG 10/1 Dimethicone	4
Cetyl PEG/PPG-10/1	2
Cetyl PEG/PPG-10/1 Dimethicone	379
Cetyl PEG/PPG-10/1DIMETHICONE	1
Cetyl PEG/PPG-15/15 Butyl Ether Dimethicone	1
Cetyl Pg Hydroxyethyl Palmitamide	1
Cetyl Phosphate	113
Cetyl Ricinoleate	96
Cetyl Stearate	27
Cetyl Stearyl Alcohol	11
Cetyl Stearylic Alcohol	1
Cetyl Tranexamate Hcl	1
Cetyl Tranexamate Mesylate	11
Cetyl Triethylmonium Dimethicone PEG-8 Succinate	16
Cetyl Tripeptide-30 CITRULLINE	1
Cetyl-2 Ethylhexanoate	1
Cetyl-Pg Hydroxyethyl Palmitamide	46
Cetyl/Peg/Ppg 10/1 Dimethicone	1
Cetyl/Stearyl Alcohol	3
Cetyl/Stearyl Isononanoate	1
Cetylhydroxyethylcellulose	2
Cetylhydroxyproline Palmitamide	50
Cetylpyridinium Chloride	55
Cha Momilla Recutita Flower Extract	1
Chaenomeles Sinensis Fruit Extract	23
Chaga Mushroom Extract	2
Chamaecyparis Obtusa Leaf Extract	81
Chamaecyparis Obtusa Oil	2
Chamaecyparis Obtusa Water	28
Chamaecyparis Obtusa Wood Oil	5
Chamaem Elum Nobile Flower Oil	1
Chamaemelum Nobile Extract	1
Chamamilla Recutita Flower Extract	3
Chamoilla Recutita Flower Extract	1
Chamomila Recuita Flower Extract	1
Chamomila Recutita Flower Extract	15
Chamomila Recutita Flower Extract*	1
Chamomila Recutita Flower Oil	1
Chamomila Recutita Flower Water	1
Chamomile	16
Chamomile Blue Oil	4
Chamomile Essential Oil	3
Chamomile Extract	47
Chamomile Flower	4
Chamomile Flower Extract	13
Chamomile Flower Extracts	3
Chamomile Flowers	3
Chamomile Hydrolate	3
Chamomile Hydrosol	1
Chamomile Leaf Extract	3
Chamomile Oil	10
Chamomile Powder	1
Chamomile Reculta Flower Extract	1
Chamomile Recutita	4
Chamomile Recutita Extract	1
Chamomile Recutita Flower Extract	15
Chamomile TEA	1
Chamomile Water	1
Chamomilla Extract	2
Chamomilla Flower Extract	1
Chamomilla Matricaria Extract	2
Chamomilla Recuitita Flower Extract	1
Chamomilla Recutita	26
Chamomilla Recutita Co2 Flower Extract	1
Chamomilla Recutita Extract	144
Chamomilla Recutita Extract / Matricaria Flower Extract	3
Chamomilla Recutita Extract/Matricaria Flower Extract	1
Chamomilla Recutita Flower	15
Chamomilla Recutita Flower Extact	3
Chamomilla Recutita Flower Extract	3166
Chamomilla Recutita Flower Extract / Matricaria Flower Extract	11
Chamomilla Recutita Flower Extract/ Chamomilla Recutita Flower Extract	1
Chamomilla Recutita Flower Extract/Chamomilla Recutita Flower Extract	4
Chamomilla Recutita Flower Extract/Matricaria Flower Extract	8
Chamomilla Recutita Flower Oil	72
Chamomilla Recutita Flower Oil/Matricaria Flower Oil	5
Chamomilla Recutita Flower Powder	1
Chamomilla Recutita Flower Water	35
Chamomilla Recutita Flower/Leaf Extract	35
Chamomilla Recutita Flower/Leaf/Stem Extract	1
Chamomilla Recutita Fower Extract	1
Chamomilla Recutita Infusion*	1
Chamomilla Recutita Is Flower Oil	1
Chamomilla Recutita Leaf Extract	14
Chamomilla Recutita Matricaria Extract	2
Chamomilla Recutita Matricaria Flower Extract	13
Chamomilla Recutita Matricaria Flower Oil	3
Chamomilla Recutita Oil	11
Chamomilla Recutita TEA	1
Chamomillarecutita Flower Extract	3
Chamomille	3
Chamomille Recutita Flower Extract	2
Chaparral Extract	2
Chapparel Extract	1
Charcoal	27
Charcoal Extract	12
Charcoal Filtered Water	1
Charcoal Powder	567
Chelidonium Majus Extract	6
Chenopodium Album Flower Extract	5
Chenopodium Quinoa Seed	3
Chenopodium Quinoa Seed Extract	132
Chenopodium Quinoa Seed Extract*	5
Chenopodium Quinoa Seed Oil	6
Chenopodium Quinoa Seed Oil Ethyl Esters	3
Cherry Bark	2
Cherry Blossom Extract	1
Cherry Concentrate	1
Cherry Flavor	3
Cherry Pit Oil	1
Cherry Seed Extract	1
Cherry Vanilla Flavor	2
Chestnut Inner Shell Extract	1
Chia Seed Oil	3
Chickpea Powder	1
Chickweed	6
Chickweed Aerial Parts	1
Chickweed Extract	2
Chickweed Leaf	5
Chicory Root Oligosaccharides	2
Chilean Rosa Rubiginosa Seed Oil	1
Chinensis Seed Oil	2
Chinese Rhubarb Root Extract	3
Chiorphenesin	6
Chiorphenesit	1
Chitin	2
Chitosan	52
Chitosan Ascorbate	3
Chitosan Glycolate	1
Chitosan Pca	5
Chitosan Succinamide	2
Chlamydocapsa Extract	3
Chlamydomonas Acidophila Extract	4
Chlamydomonas Extract	4
Chlamydomonas Reinhardtii Extract	3
Chloesterol	1
Chlor Phenesin	2
Chlorella	2
Chlorella Emersonii Extract	2
Chlorella Extract	1
Chlorella Ferment	14
Chlorella Minutissima Extract	7
Chlorella Protothecoides	2
Chlorella Protothecoides Extract	1
Chlorella Protothecoides Oil	14
Chlorella Pyrenoidosa	8
Chlorella Pyrenoidosa Extract	21
Chlorella Sorokiniana Extract	4
Chlorella Vularis Extract	3
Chlorella Vulgaris	2
Chlorella Vulgaris / Lupinus Albus Protein Ferment	1
Chlorella Vulgaris Extract	334
Chlorella Vulgaris Extract S	1
Chlorella Vulgaris Extracts	2
Chlorella Vulgaris Powder	4
Chlorella Vulgaris/Lupinus Albus Protein Ferment	20
Chloresteryl Isostearate	1
Chlorhexidine Diacetate	1
Chlorhexidine Digluconat	1
Chlorhexidine Digluconate	257
Chlorhexidine Dihydrochloride	3
Chlorhexidine Gluconate	15
Chloroacetamide	2
Chloroacetic Acid	6
Chlorobutanol	1
Chlorocresol	9
Chlorogenic Acids	9
Chloromethyl-Isothiazolinone	1
Chlorophenesin	50
Chlorophyl	2
Chlorophyll	64
Chlorophyllin	6
Chlorophyllin Copper Complex	9
Chlorophyllin Copper Complex Sodium	1
Chlorophyllin-Copper Complex	77
Chlorophyllinum Cupreum	2
Chlorophyta Extract	1
Chloroxylenol	60
Chloroxylenol 0.3%	3
Chloroxylenol 0.30%	1
Chloroxylenol 0.5%	2
Chlorphenesin	3989
Chlorphensin	7
Choji Yu	1
Cholecalciferol	135
Cholecalciferol/Yeast Polypeptide	1
Cholesterol	1910
Cholesterol/Potassium Sulfate	1
Cholesteryl	1
Cholesteryl Chloride	11
Cholesteryl Hydroxystearate	8
Cholesteryl Isostearate	6
Cholesteryl Nonanoate	23
Cholesteryl Oleyl Carbonate	12
Cholesteryl Stearate	6
Cholesteryl/Behenyl/Octyldodecyl Lauroyl Glutamate	1
Cholesteryl/Octyldodecyl Lauroyl Glutamate	1
Choleth-15	2
Choleth-24	56
Cholic Acid	2
Chon-Drus Crispus Extract	2
Chondroitin Sulfate	2
Chondrus Chrispus	1
Chondrus Chrispus Extract	2
Chondrus Crispus	144
Chondrus Crispus Extract	509
Chondrus Crispus Powder	263
Chondrus Crispus Powder/Carrageenan	3
Chondrus Elatus/Saccharina Angustata/Monostroma Nitidum Thallus Extract	1
Chorella Powder	1
Chouji Yu	1
Chromium Camphora/Camphor Leaf Extract	1
Chromium Hydroxide Green	64
Chromium Oxide	7
Chromium Oxide Green	32
Chromium Oxide Green Powder	1
Chromium Oxide Greens	92
Chromium Oxide Greens CI 77288	4
Chromium Oxides Green	2
Chromium Oxides Greens	2
Chromiumoxide Greens	1
Chrondrus Crispus Extract	4
Chrondus Crispus Extract	2
Chrondus Crispus Powder	1
Chrysanthellum Indicum Extract	70
Chrysanthemium Parthenium Extract	1
Chrysanthemum Extract	2
Chrysanthemum Flower	1
Chrysanthemum Indicum Extract	5
Chrysanthemum Indicum Flower Extract	7
Chrysanthemum Morifolium Flower Extract	15
Chrysanthemum Parthenium Extract	161
Chrysanthemum Parthenium Flower Extract	5
Chrysanthemum Parthenium Flower/Leaf/Stem Juice	27
Chrysanthemum Parthenium Flower/Stem Juice	1
Chrysanthemum Zawadskii Extract	7
Chrysantheumum Parthenum Extract	1
Chrysarobinum	1
Chrysin	215
Chrysophyllum Cainito Fruit Extract	2
Chrysopogon Zizanioides	2
Chrysopogon Zizanioides Essential Oil	1
Chyrsan	1
CI 10316	1
CI 11680	11
CI 12010	1
CI 12085	17
CI 12490	15
CI 14700	207
CI 14700 / Red 4	41
CI 14700/ Red 4	1
CI 14700/Red 4	66
CI 14720	12
CI 15510	17
CI 15510 / Orange 4	4
CI 15510/Orange 4	7
CI 15850	147
CI 15850 / Red 6	5
CI 15850 / Red 7	8
CI 15850 / Red 7 Lake	12
CI 15850 Red 6	6
CI 15850 Red 7 Lake	1
CI 15850/Red 6	5
CI 15850/Red 6 Lake	1
CI 15850/Red 7	3
CI 15850/Red 7 Lake	6
CI 15850:1	4
CI 15880	1
CI 15985	236
CI 15985 / Yellow 6	20
CI 15985 / Yellow 6 Lake	4
CI 15985/Yellow 6	28
CI 15985/Yellow 6 Lake	2
CI 16035	116
CI 16035 / Red 40	9
CI 16035 Red 40 Lake	1
CI 16035/Red 40	11
CI 16185	8
CI 16255	41
CI 16305	1
CI 17200	225
CI 17200 / Red 33	25
CI 17200 / Red 33 Lake	3
CI 17200/Red 33	28
CI 17200/Red 33 Lake	2
CI 177891	1
CI 18050	1
CI 18965	1
CI 19140	500
CI 19140 / Yellow 5	53
CI 19140 / Yellow 5 Lake	22
CI 19140 /Acid Yellow 23	4
CI 19140 Fd&C Yellow No. 5	4
CI 19140 Yellow 5	4
CI 19140/ Yellow 5	4
CI 19140/Yellow 5	80
CI 19140/Yellow 5 Lake	11
CI 19140:1/Yellow 5 Lake	1
CI 20285	1
CI 26100	8
CI 28440	1
CI 40800	4
CI 42051	7
CI 42053	8
CI 42053 / Green 3	5
CI 42090	362
CI 42090 / Blue 1	22
CI 42090 / Blue 1 Lake	3
CI 42090 Fd&C Blue No. 1	1
CI 42090/Blue 1	51
CI 42090/Blue 1 Lake	5
CI 42090/Fd&C Blue 1	1
CI 42640	1
CI 45100	6
CI 45350	4
CI 45380	23
CI 45380 / Red 21	3
CI 45380 / Red 22 Lake	3
CI 45380/Red 21	7
CI 45380/Red 22 Lake	3
CI 45410	79
CI 45410 / Red 28 Lake	6
CI 45410 Red 27	3
CI 45410/Red 27	1
CI 45410/Red 27/Red 28 Lake	1
CI 45410/Red 28 Lake	10
CI 45410:1	1
CI 45430	1
CI 47000	5
CI 47005	45
CI 47005 Yellow	1
CI 47005/Yellow 10	3
CI 47005/Yellow 10 Lake	1
CI 60725	25
CI 60725 / Violet 2	1
CI 60725/Violet 2	5
CI 60730	36
CI 60730 / Ext. Violet 2	8
CI 60730/Acid Violet 43	4
CI 60730/Ext. Violet 2	5
CI 61565	12
CI 61565 / Green 6	1
CI 61565/Green 6	3
CI 61570	20
CI 61570 / Green 5	1
CI 71105	1
CI 73360	67
CI 73360 / Red 30	1
CI 73360/Red 30	6
CI 73360/Red 30 Lake	1
CI 74160	12
CI 74260	4
CI 7499	1
CI 75120	2
CI 75120 / Annatto	1
CI 75130 / Beta-Carotene	2
CI 75130/Beta-Carotene	4
CI 75470	49
CI 75470 / Carmine	5
CI 75470/Carmine	6
CI 75810	27
CI 75815	2
CI 77000	1
CI 77000/Aluminum	3
CI 77002	1
CI 77007	63
CI 77007 / Ultramarines	15
CI 77007 Ultramarines	1
CI 77007/ Ultramarines	1
CI 77007/Ultramarines	12
CI 77019	33
CI 77019/Mica	3
CI 77120	5
CI 77120/Barium Sulfate	3
CI 77163	32
CI 77163 / Bismuth Oxychloride	13
CI 77163/Bismuth Oxychloride	13
CI 77266	4
CI 77288	31
CI 77288 / Chromium Oxide Greens	4
CI 77288/ Chromium Oxide Greens	4
CI 77288/Chromium Oxide Greens	10
CI 77289	18
CI 77289 / Chromium Hydroxide Green	1
CI 77289/Chromium Hydroxide Green	1
CI 77400	3
CI 77480	2
CI 77489	6
CI 77491	350
CI 77491 / Iron Oxides	14
CI 77491,77492,77499	1
CI 77491/77492	1
CI 77491/77492/77499	1
CI 77491/Ci 77492/Ci 77499	3
CI 77491/Ci 77499	1
CI 77491/Iron Oxide Red	3
CI 77491/Iron Oxides	19
CI 77492	386
CI 77492 / Iron Oxides	11
CI 77492 CI 77491	1
CI 77492/Iron Oxides	14
CI 77499	271
CI 77499 / Iron Oxides	36
CI 77499 /Iron Oxides	1
CI 77499 Black	1
CI 77499 Iron Oxides	5
CI 77499/ Iron Oxides	1
CI 77499/Iron Oxide Black	2
CI 77499/Iron Oxides	18
CI 77510	20
CI 77510 / Ferric Ferrocyanide	1
CI 77742	34
CI 77742 / Manganese Violet	2
CI 77742/Manganese Violet	3
CI 77820	2
CI 77861	19
CI 77861 Tin Oxide	1
CI 77891	925
CI 77891 / Titanium Dioxide	157
CI 77891 / Titaniumdioxide	2
CI 77891 / Zinc Oxide	1
CI 77891 /Titanium Dioxide	8
CI 77891 Titanium Dioxide	8
CI 77891 White	2
CI 77891/ Titanium Dioxide	10
CI 77891/Titanium Dioxide	163
CI 77894	1
CI 77947	15
CI14700/RED 4	6
CI17200	5
CI17200 / Red 33	1
CI17200/RED 33	2
CI19140	1
CI19140 / Yellow 5 Lake	1
CI2-14 Isoparaffin	1
CI77491	5
CI77492	2
CI77499	2
CI77742	4
CI77861	1
CI77871/TITAMIUM Dioxide	1
CI77891	6
CI77891 Titanium Dioxide	1
CI77891/TITANIUM Dioxide	4
CICA	1
CICER Arietinum Flour	4
CICER Arietinum Seed Extract	1
CICER Arietinum Seed Powder	2
CICHORIUM Intybus Leaf Extract	16
CICHORIUM Intybus Root Extract	82
CICHORIUM Intybus Root Extract / Chicory Root Extract	11
CICHORIUM Intybus Root Oligosaccharides	22
CICLOPIROX Olamine	1
CILANTRO Extract	1
CILANTRO Oil	1
CIMICIFUGA Dahurica Root Extract	7
CIMICIFUGA Racemosa Root Extract	56
CINCHONA Succirubra Bark Extract	3
CINEOLE Average	2
CINNAMAL	268
CINNAMAL Alcohol	1
CINNAMALDEHYDE	4
CINNAMAYL Alcohol	3
CINNAMIC Acid	34
CINNAMIDO Benzylpiperidinyl Ethoxypropylbenzamide	1
CINNAMIDOPROPYLTRIMONIUM Chloride	3
CINNAMOMOUM Zeylanicum Bark Extract	13
CINNAMOMUM Camphora	20
CINNAMOMUM Camphora Bark Oil	48
CINNAMOMUM Camphora L. Leaf Oil	1
CINNAMOMUM Camphora Leaf Extract	6
CINNAMOMUM Camphora Leaf Oil	10
CINNAMOMUM Camphora Linalloliferum Leaf Oil	5
CINNAMOMUM Camphora Linalooliferum	2
CINNAMOMUM Camphora Linalooliferum Leaf Oil	2
CINNAMOMUM Camphora Linalooliferum Oil	1
CINNAMOMUM Camphora Linalooliferum Wood Extract	6
CINNAMOMUM Camphora Linalooliferum Wood Oil	9
CINNAMOMUM Camphora Oil	7
CINNAMOMUM Camphora Pure Essential Oils	5
CINNAMOMUM Camphora Wood Oil	8
CINNAMOMUM Cassia	1
CINNAMOMUM Cassia Bark Extract	105
CINNAMOMUM Cassia Bark Oil	3
CINNAMOMUM Cassia Bark Water	1
CINNAMOMUM Cassia Bark/Syzgium	1
CINNAMOMUM Cassia Extract	2
CINNAMOMUM Cassia Leaf Oil	32
CINNAMOMUM Cassia Oil	4
CINNAMOMUM Verum Bark	3
CINNAMOMUM Verum Essential Oil	1
CINNAMOMUM Verum Leaf Oil	1
CINNAMOMUM Zeyanicum Bark Extract	1
CINNAMOMUM Zeylancium Bark Extract	4
CINNAMOMUM Zeylancum Bark Extract	4
CINNAMOMUM Zeylanicum Bark	2
CINNAMOMUM Zeylanicum Bark Extract	44
CINNAMOMUM Zeylanicum Bark Oil	18
CINNAMOMUM Zeylanicum Bark Powder	2
CINNAMOMUM Zeylanicum Leaf Oil	41
CINNAMOMUM Zeylanicum Oil	1
CINNAMON	9
CINNAMON Bark Extract	2
CINNAMON Bark Oil	4
CINNAMON Cassia Oil	1
CINNAMON Essential Oil	4
CINNAMON Extract	1
CINNAMON Leaf Oil	3
CINNAMON Oil	2
CINNAMONITRILE	1
CINNAMONIUM Camphora Oil	1
CINNAMONIUM Zeylanicum Leaf Oil	1
CINNAMONUM Cassia Leaf	1
CINNAMYL Alcohol	281
CIRONELLOL	3
CIRSUM Eriophorum Callus Extract	1
CIS-2-METHYL-4-PROPYL-1,3-OXATHIANE	2
CIS-3-HEXENOL	1
CIS-3-HEXENYL Salicylate	4
CIS-BETA-OCIMENE	2
CIS-HEX-3-EN-1-YL Methyl Carbonate	1
CISTANCHE Deserticola Extract	1
CISTUS Incanus Flower/Leaf/Stem Extract	14
CISTUS Ladaniferus Absolute	1
CISTUS Ladaniferus Leaf Oil	2
CISTUS Ladaniferus Leaf/Stem Extract	9
CISTUS Ladaniferus Oil	10
CISTUS Ladaniferus Resin	9
CISTUS Monspeliensis Extract	19
CISTUS Monspeliensis Flower/Leaf/Stem Extract	3
CITIC Acid	4
CITIRIC Acid	2
CITRAL	3008
CITRAL*	11
CITRAL¬≤	1
CITRATE	12
CITRATE Buffer	2
CITRIC Acetate	1
CITRIC Acid	15560
CITRIC Acid Anhydrous	7
CITRIC Acid Monohydrate	14
CITRIC Acid Powder	1
CITRIC Acid Usp	1
CITRIC Acid*	9
CITRIC Acid**	2
CITRIC Acid/Acide CITRIQUE	4
CITRICACID	20
CITRICIDAL	1
CITRILLUS Lanatus Seed Oil	6
CITRINE	1
CITRINE Extract	5
CITRIS Aurantium Dulcis Extract	4
CITRIS Limonum/Lemon Peel Extract	1
CITRON Essential Oil	1
CITRONELIOL	3
CITRONELL	3
CITRONELLA	5
CITRONELLA Oil	1
CITRONELLAL	21
CITRONELLO	2
CITRONELLOI	2
CITRONELLOL	4235
CITRONELLOL*	13
CITRONELLOL¬≤	1
CITRONELLYL Acetate	2
CITRONELLYL Methylcrotonate	11
CITRONNELLOL	12
CITRULLINE	39
CITRULLUS Colocynthis Oil	1
CITRULLUS Lanatas Extract	1
CITRULLUS Lanatus Extract	8
CITRULLUS Lanatus Fruit	8
CITRULLUS Lanatus Fruit Extract	450
CITRULLUS Lanatus Fruit Extract/ Watermelon Fruit Extract	1
CITRULLUS Lanatus Fruit Extract/Citrullus Lanatus Fruit Extract	3
CITRULLUS Lanatus Fruit Juice	4
CITRULLUS Lanatus Fruit Water	2
CITRULLUS Lanatus Seed Extract	26
CITRULLUS Lanatus Seed Oil	127
CITRULLUS Vulgaris Extract	2
CITRULLUS Vulgaris Fruit Extract	69
CITRULLUS Vulgaris Seed Oil	14
CITRULUS Vulgaris Fruit Extract	1
CITRUS	2
CITRUS Acid	1
CITRUS Amara/Bitter Orange Flower Extract	4
CITRUS Angustifolia Peel Oil	1
CITRUS Auran Tium Dulcis Oil	1
CITRUS Auranitium Bergamia Fruit Oil	1
CITRUS Auranitum Bergamia Fruit Extract	5
CITRUS Auranium Dulcis Fruit Extract	1
CITRUS Aurantifolia	4
CITRUS Aurantifolia Essential Oil	8
CITRUS Aurantifolia Extract	21
CITRUS Aurantifolia Flowers	1
CITRUS Aurantifolia Fruit Extract	81
CITRUS Aurantifolia Fruit Juice	1
CITRUS Aurantifolia Fruit Oil	3
CITRUS Aurantifolia Fruit Pulp	1
CITRUS Aurantifolia Hydrosol	1
CITRUS Aurantifolia Juice	18
CITRUS Aurantifolia Leaf Oil	5
CITRUS Aurantifolia Oil	242
CITRUS Aurantifolia Peel Essential Oil	1
CITRUS Aurantifolia Peel Extract	103
CITRUS Aurantifolia Peel Oil	27
CITRUS Aurantifolia Peel Powder	5
CITRUS Aurantifolia Seed Oil	3
CITRUS Aurantifolia Swingle Oil	1
CITRUS Aurantium	11
CITRUS Aurantium Amara	5
CITRUS Aurantium Amara Distillate	2
CITRUS Aurantium Amara Essential Oil	3
CITRUS Aurantium Amara Essential Oil*	4
CITRUS Aurantium Amara Extract	22
CITRUS Aurantium Amara Flower	1
CITRUS Aurantium Amara Flower Extract	60
CITRUS Aurantium Amara Flower Oil	110
CITRUS Aurantium Amara Flower Oil*	4
CITRUS Aurantium Amara Flower Oil/Bitter Orange Flower Oil	10
CITRUS Aurantium Amara Flower Water	85
CITRUS Aurantium Amara Flower Water Extract	1
CITRUS Aurantium Amara Flower Water*	4
CITRUS Aurantium Amara Flower Wax	18
CITRUS Aurantium Amara Flower/Leaf Oil	1
CITRUS Aurantium Amara Fruit Extract	20
CITRUS Aurantium Amara Leaf Oil	15
CITRUS Aurantium Amara Leaf/ Twig Oil	3
CITRUS Aurantium Amara Leaf/Twig Extract	10
CITRUS Aurantium Amara Leaf/Twig Oil	45
CITRUS Aurantium Amara Neroli Flower Oil	2
CITRUS Aurantium Amara Oil	29
CITRUS Aurantium Amara Peel	2
CITRUS Aurantium Amara Peel Extract	24
CITRUS Aurantium Amara Peel Oil	47
CITRUS Aurantium Amara Peel Powder	1
CITRUS Aurantium Aroma Flower Oil	1
CITRUS Aurantium Bergama Bergamot Fruit Oil	1
CITRUS Aurantium Bergama Fruit Extract	2
CITRUS Aurantium Bergamia	8
CITRUS Aurantium Bergamia Essential Oil	1
CITRUS Aurantium Bergamia Extract	4
CITRUS Aurantium Bergamia Flower Oil	25
CITRUS Aurantium Bergamia Fruit Aromatic Extract	1
CITRUS Aurantium Bergamia Fruit Extract	51
CITRUS Aurantium Bergamia Fruit Oil	650
CITRUS Aurantium Bergamia Fruit Oil*	13
CITRUS Aurantium Bergamia Fruit Peel Oil	1
CITRUS Aurantium Bergamia Fruit Water	9
CITRUS Aurantium Bergamia Leaf Extract	7
CITRUS Aurantium Bergamia Leaf Oil	8
CITRUS Aurantium Bergamia Oil	5
CITRUS Aurantium Bergamia Oil*	2
CITRUS Aurantium Bergamia Peel Oil	73
CITRUS Aurantium Bergamia Peel Water	2
CITRUS Aurantium Bergamla Peel Oil	1
CITRUS Aurantium Distillate	2
CITRUS Aurantium Dulcis	35
CITRUS Aurantium Dulcis *	1
CITRUS Aurantium Dulcis Callus Culture Extract	30
CITRUS Aurantium Dulcis Extract	35
CITRUS Aurantium Dulcis Extract / Orange Fruit Extract	1
CITRUS Aurantium Dulcis Flower	1
CITRUS Aurantium Dulcis Flower Extract	71
CITRUS Aurantium Dulcis Flower Oil	57
CITRUS Aurantium Dulcis Flower Oil**	1
CITRUS Aurantium Dulcis Flower Water	16
CITRUS Aurantium Dulcis Flower Wax	1
CITRUS Aurantium Dulcis Fragrance	1
CITRUS Aurantium Dulcis Fruit	1
CITRUS Aurantium Dulcis Fruit Essential Oil	1
CITRUS Aurantium Dulcis Fruit Extract	641
CITRUS Aurantium Dulcis Fruit Extract/Orange Fruit Extract	6
CITRUS Aurantium Dulcis Fruit Juice/Citrus Aurantium Dulcis Juice	1
CITRUS Aurantium Dulcis Fruit Oil	2
CITRUS Aurantium Dulcis Fruit Peel Oil	4
CITRUS Aurantium Dulcis Fruit Water	34
CITRUS Aurantium Dulcis Fruit Water / Orange Fruit Water	6
CITRUS Aurantium Dulcis Fruit Water/Orange Fruit Water	5
CITRUS Aurantium Dulcis Fruitwater	1
CITRUS Aurantium Dulcis Juice	13
CITRUS Aurantium Dulcis Juice / Orange Juice	4
CITRUS Aurantium Dulcis Juice/Orange Juice	4
CITRUS Aurantium Dulcis Leaf Extract	6
CITRUS Aurantium Dulcis Oil	594
CITRUS Aurantium Dulcis Oil / Orange Peel Oil	7
CITRUS Aurantium Dulcis Oil*	1
CITRUS Aurantium Dulcis Oil/Orange Peel Oil	4
CITRUS Aurantium Dulcis Orange Peel Oil	1
CITRUS Aurantium Dulcis Peel	4
CITRUS Aurantium Dulcis Peel Cera	2
CITRUS Aurantium Dulcis Peel Cera/Wax	8
CITRUS Aurantium Dulcis Peel Essential Oil	1
CITRUS Aurantium Dulcis Peel Extract	231
CITRUS Aurantium Dulcis Peel Oi	2
CITRUS Aurantium Dulcis Peel Oil	907
CITRUS Aurantium Dulcis Peel Oil / Orange Peel Oil	2
CITRUS Aurantium Dulcis Peel Oil Expressed	9
CITRUS Aurantium Dulcis Peel Oil/Orange Peel Oil	5
CITRUS Aurantium Dulcis Peel Powder	7
CITRUS Aurantium Dulcis Peel Powder/Orange Peel Powder	1
CITRUS Aurantium Dulcis Peel Wax	47
CITRUS Aurantium Dulcis Seed Oil	4
CITRUS Aurantium Essential Oil	4
CITRUS Aurantium Extract	1
CITRUS Aurantium Flower Distillate	1
CITRUS Aurantium Flower Essential Oil	2
CITRUS Aurantium Flower Oil	54
CITRUS Aurantium Flower Oil*	1
CITRUS Aurantium Flower Water	1
CITRUS Aurantium Fruit Oil	1
CITRUS Aurantium Fruit Oil*	1
CITRUS Aurantium Leaf Oil	1
CITRUS Aurantium Leaf/Bud Oil	3
CITRUS Aurantium Oil	29
CITRUS Aurantium Peel Extract	1
CITRUS Aurantium Peel Oil	52
CITRUS Aurantium Peel Oil Expressed	1
CITRUS Aurantium Peel Wax	2
CITRUS Aurantium Peel*	1
CITRUS Aurantium Petitgrain Bigarade Leaf/Bud Oil	1
CITRUS Aurantium Pure Essential Oils	2
CITRUS Aurantium Sinensis Fiber	1
CITRUS Aurantium Sinensis Oil	1
CITRUS Aurantium Sinensis Peel Extract	7
CITRUS Aurantium Ssp. Amara Oil	2
CITRUS Aurantium Tachibana Peel Extract	10
CITRUS Aurantium/Tachibana Peel Extract	1
CITRUS Aurantum Dulcis	1
CITRUS Aurentium Dulcis Peel Extract	1
CITRUS Australasica Fruit Extract	8
CITRUS Bergamia	2
CITRUS Bergamia Bergamot Fruit Oil	1
CITRUS Bergamia Essential Oil	6
CITRUS Bergamia Fruit Essential Oil	2
CITRUS Bergamia Fruit Oil	4
CITRUS Bergamia Leaf Oil	4
CITRUS Bergamia Oil	15
CITRUS Bergamia Peel Oil	10
CITRUS Bergamia Peel Oil Expressed	4
CITRUS Bigaradia Extract	1
CITRUS Bioflavonoid Complex	2
CITRUS Bioflavonoid Extract	1
CITRUS Clementina Extract	2
CITRUS Clementina Fruit Extract	8
CITRUS Clementina Fruit Extract*	1
CITRUS Clementina Oil	1
CITRUS Clementina Peel Oil	1
CITRUS Depressa Peel Extract	4
CITRUS Dulcis Peel Oil	3
CITRUS Essential Oil	2
CITRUS Essential Oil Blend	1
CITRUS Essential Oils Blend	1
CITRUS Extract	5
CITRUS Floral Fragrance	1
CITRUS Glauca Extract	3
CITRUS Glauca Fruit Extract	19
CITRUS Grande Peel Oil	1
CITRUS Grandis	4
CITRUS Grandis Essential Oil	1
CITRUS Grandis Extract	24
CITRUS Grandis Extract / Grapefruit Fruit Extract	3
CITRUS Grandis Extract/Grapefruit Fruit Extract	2
CITRUS Grandis Fruit	1
CITRUS Grandis Fruit Extract	265
CITRUS Grandis Fruit Extract/Grapefruit Fruit Extract	7
CITRUS Grandis Fruit Water	16
CITRUS Grandis Juice	7
CITRUS Grandis Oil	9
CITRUS Grandis Oil/Grapefruit Peel Oil	1
CITRUS Grandis Peel	2
CITRUS Grandis Peel Essential Oil	1
CITRUS Grandis Peel Extract	66
CITRUS Grandis Peel Oil	400
CITRUS Grandis Peel Oil / Grapefruit Peel Oil	3
CITRUS Grandis Peel Oil**	11
CITRUS Grandis Peel Oil/Citrus Grandis	1
CITRUS Grandis Seed Extract	203
CITRUS Grandis Seed Oil	12
CITRUS Grandis Water	3
CITRUS Hunos Fruit Extract	1
CITRUS Hystrix	1
CITRUS Hystrix Extract	1
CITRUS Hystrix Leaf Extract	5
CITRUS Jabara Peel Extract	4
CITRUS Japonica Fruit Extract	7
CITRUS Junos Extract	10
CITRUS Junos Fruit Extract	105
CITRUS Junos Fruit Oil	3
CITRUS Junos Fruit Water	3
CITRUS Junos Peel	1
CITRUS Junos Peel Extract	14
CITRUS Junos Peel Oil	13
CITRUS Junos Seed Extract	21
CITRUS Junos Seed Oil	8
CITRUS Latifolia Oil	1
CITRUS Latifolia Peel Oil	14
CITRUS Lemon Extract	2
CITRUS Lemon Fruit Extract	1
CITRUS Lemon Peel Oil	7
CITRUS Limon	21
CITRUS Limon Extract	8
CITRUS Limon Flower/Leaf/Stem Extract	2
CITRUS Limon Fruit Extract	564
CITRUS Limon Fruit Extract / Lemon Fruit Extract	9
CITRUS Limon Fruit Extract/ Lemon Fruit Extract	1
CITRUS Limon Fruit Extract/Lemon Fruit Extract	18
CITRUS Limon Fruit Oil	28
CITRUS Limon Fruit Powder	1
CITRUS Limon Fruit Water	10
CITRUS Limon Juice	24
CITRUS Limon Juice / Lemon Juice	5
CITRUS Limon Leaf Extract	3
CITRUS Limon Leaf Oil	1
CITRUS Limon Lemon	1
CITRUS Limon Oil	16
CITRUS Limon Peel	3
CITRUS Limon Peel Extract	156
CITRUS Limon Peel Extract/Citrus Limon	2
CITRUS Limon Peel Oi	1
CITRUS Limon Peel Oil	528
CITRUS Limon Peel Oil / Lemon Peel Oil	12
CITRUS Limon Peel Oil/Citrus Limon Peel Oil	11
CITRUS Limon Peel Oil/Citrus Medica Limonum Peel Oil	1
CITRUS Limon Peel Oil/Lemon Peel Oil	12
CITRUS Limon Peel Oil¬Π	7
CITRUS Limon Peel Powder	12
CITRUS Limon Peel Powder / Lemon Peel Powder	2
CITRUS Limon Seed Oil	9
CITRUS Limonium	4
CITRUS Limonium Oil	3
CITRUS Limonum	4
CITRUS Limonum Extract	573
CITRUS Limonum Fruit Water	1
CITRUS Limonum Oil	3
CITRUS Limonum Peel Oil	9
CITRUS Media Limonum Extract	1
CITRUS Medica Acida Peel Extract	1
CITRUS Medica Fruit Juice Extract	1
CITRUS Medica Limonium Extract/Lemon Fruit Extract	1
CITRUS Medica Limonium Fruit Extract	1
CITRUS Medica Limonium Peel Extract	1
CITRUS Medica Limonum	7
CITRUS Medica Limonum Extract	22
CITRUS Medica Limonum Extract/Lemon Fruit Extract	3
CITRUS Medica Limonum Fruit Extract	58
CITRUS Medica Limonum Fruit Oil	2
CITRUS Medica Limonum Fruit Water	4
CITRUS Medica Limonum Juice	7
CITRUS Medica Limonum Leaf Cell Extract	7
CITRUS Medica Limonum Leaf Extract	3
CITRUS Medica Limonum Leaf Oil	1
CITRUS Medica Limonum Oil	7
CITRUS Medica Limonum Peel	1
CITRUS Medica Limonum Peel Extract	34
CITRUS Medica Limonum Peel Extract / Lemon Peel Extract	1
CITRUS Medica Limonum Peel Oil	78
CITRUS Medica Limonum Peel Oil / Lemon Peel Oil	2
CITRUS Medica Limonum Peel Oil*	6
CITRUS Medica Limonum Seed Oil	1
CITRUS Medica Sarcodactylis Fruit Extract	1
CITRUS Medica Vulgaris Fruit Extract	3
CITRUS Medica Vulgaris Peel Oil	5
CITRUS Mix Of Lemon	1
CITRUS Monspellensis Extract	1
CITRUS Natsudaidai Peel Oil	1
CITRUS Nobilis	6
CITRUS Nobilis Extract	3
CITRUS Nobilis Fruit Extract	54
CITRUS Nobilis Fruit Extract/Citrus Nobilis Fruit Extract	2
CITRUS Nobilis Fruit Oil	1
CITRUS Nobilis Oil	52
CITRUS Nobilis Peel Essential Oil	1
CITRUS Nobilis Peel Extract	27
CITRUS Nobilis Peel Oil	345
CITRUS Nobilis Peel Oil / Mandarin Orange Peel Oil	5
CITRUS Nobilis Peel Oil*	5
CITRUS Oil	3
CITRUS Orange Fruit Water	1
CITRUS Paradise	2
CITRUS Paradisi	7
CITRUS Paradisi Essential Oil	8
CITRUS Paradisi Extract	9
CITRUS Paradisi Extract*	1
CITRUS Paradisi Fruit	1
CITRUS Paradisi Fruit Extract	207
CITRUS Paradisi Fruit Extract / Grapefruit Fruit Extract	1
CITRUS Paradisi Fruit Oil	1
CITRUS Paradisi Grapefruit Oil	1
CITRUS Paradisi Juice	7
CITRUS Paradisi M. Peel Oil Expressed	1
CITRUS Paradisi Macfad Essential Oil	1
CITRUS Paradisi Oil	47
CITRUS Paradisi Peel Extract	24
CITRUS Paradisi Peel Oil	306
CITRUS Paradisi Peel Oil/Grapefruit Peel Oil	2
CITRUS Paradisi Seed Extract	53
CITRUS Paradisi Seed Oil	25
CITRUS Paradisii Oil	1
CITRUS Paradsi Peel Oil	1
CITRUS Pectin	8
CITRUS Peel Oil	1
CITRUS Prides Fruit Extract	1
CITRUS Racemosa Peel Oil	2
CITRUS Reticulata	12
CITRUS Reticulata Blanco	2
CITRUS Reticulata Blanco Essential Oil	1
CITRUS Reticulata Blanco Var Tangerina	1
CITRUS Reticulata Essential Oil	3
CITRUS Reticulata Extract	1
CITRUS Reticulata Fruit Extract	44
CITRUS Reticulata Fruit Extract*	1
CITRUS Reticulata Leaf Oil	48
CITRUS Reticulata Oil	18
CITRUS Reticulata Peel Essential Oil	1
CITRUS Reticulata Peel Extract	48
CITRUS Reticulata Peel Oil	103
CITRUS Reticulata Peel Oil/Citrus Reticulata Peel Oil	1
CITRUS Reticulate	1
CITRUS Reticulate Essential Oil	1
CITRUS Reticulate Fruit Extract	1
CITRUS Sinensis	7
CITRUS Sinensis Essential Oil	21
CITRUS Sinensis Extract	1
CITRUS Sinensis Fruit Extract	28
CITRUS Sinensis Fruit Extract*	1
CITRUS Sinensis Fruit Water	2
CITRUS Sinensis Hydrosol	1
CITRUS Sinensis Oil	64
CITRUS Sinensis Peel	1
CITRUS Sinensis Peel Extract	11
CITRUS Sinensis Peel Oil	62
CITRUS Sinensis Peel Oil Expressed	24
CITRUS Sinensis Peel Oil Expressed/Citrus Sinensis Peel Extract	1
CITRUS Sinensis Peel Oil*	2
CITRUS Sinensis Peel Powder	1
CITRUS Sinensis Var. Sanguina Oil	1
CITRUS Sinesis Oil	3
CITRUS Species Peel Extract	4
CITRUS Stem Cell Culture	1
CITRUS Sudachi Fruit Extract	1
CITRUS Tachibana / CITRUS Aurantium Tachibana Peel Extract	1
CITRUS Tangerina	1
CITRUS Tangerina Extract	21
CITRUS Tangerina Oil	8
CITRUS Tangerina Peel	5
CITRUS Tangerina Peel Extract	26
CITRUS Tangerina Peel Oil	109
CITRUS Tangerina Peel Oil**	1
CITRUS Tangerine Extract	1
CITRUS Tangerine Peel Extract	1
CITRUS Terpenes	3
CITRUS Unshiu Fruit Extract	4
CITRUS Unshiu Fruit Oil	1
CITRUS Unshiu Peel Extract	83
CITRUS Unshiun Oil	1
CITRUS Unshui Extract	2
CITRUSTEM	1
Cl 12490	1
Cl 14700	2
Cl 14700/Red 4	3
Cl 15850 / Red 6 Lake	1
Cl 15985	4
Cl 15985/Yellow 6	4
Cl 16035	3
Cl 17200	4
Cl 19140	6
Cl 19140/Yellow 5	2
Cl 19140/Yellow 5 Lake	1
Cl 42053	1
Cl 42090	8
Cl 42090/Blue 1	1
Cl 43090/Blue 1 Lake	2
Cl 47005	7
Cl 60730	2
Cl 73385	1
Cl 74570 Carmine	1
Cl 75470/Carmine	1
Cl 77007/Ultramarines	1
Cl 77288	1
Cl 77289	1
Cl 77491	5
Cl 77491/Cl 77492/Cl 77499/Iron Oxids	1
Cl 77492	25
Cl 77492 / Iron Oxides	1
Cl 77499	20
Cl 77499/Iron Oxides	1
Cl 77510	1
Cl 77742 / Manganese Violet	1
Cl 77891	22
Cl 77891 / Titanium Dioxide	1
Cl 77891/ Titanium Dioxide	1
Cl 77891/Titanium Dioxide	6
Cl 77947	1
Cl77491	20
Cladonia Rangiferina Extract	2
Cladonia Stellaris Extract	7
Cladosiphon Novae-Caledoniae Extract	1
Cladosiphon Novae-Caledoniae Polysaccharide	1
Cladosiphon Okamuranus Extract	96
Clary Extract	2
Clary Oil	3
Clary Sage	6
Clary Sage Distillate	1
Clary Sage Essential Oil	10
Clary Sage Essential Oil In A Pomegranate Oil Base	1
Clary Sage Oil	6
Clary Sage*	1
Clay	26
Clay Mineral Oxides	2
Clear Emu Oil	1
Clear Quartz	1
Clematis Vitalba Leaf Extract	2
Clementine	1
Clementine Peel Oil	3
Cleome Gynandra Leaf Extract	1
Climbazole	8
Clitorea Ternatea Flower Extract	2
Clitoria Ternatea Certified Organic Powder	1
Clitoria Ternatea Extract	2
Clitoria Ternatea Flower Extact	6
Clitoria Ternatea Flower Extract	4
Cloprostenol Ethyl Amide	1
Clotrimazole	1
Cloudberry Extract	1
Cloudberry Seed Extract	1
Cloudberry Seed Oil	5
Clove	3
Clove Bud	1
Clove Bud Extract	1
Clove Bud Oil	2
Clove Essential Oil	2
Clove Extract	1
Clove Flower Extract	1
Clove Lilly Pilly	1
Clove Oil	14
Clover	1
Clover Extract	1
Clover Flower Extract	5
Clover Sprout Extract	2
Cloves And Star Anise Decoction Eugenia Caryophyllus Bud Extract	2
Clycereth-7 Cocoate	1
Clycerin	3
Cmellia Japonica Leaf Extract	4
Cnidium Monnieri Fruit Extract	1
Cnidium Officinale Root Extract	37
Cnnamyl Alcohol	1
Co Q-10	1
Co-Enzyme Q10	1
Co2 Extracted Hemp Oil	1
Coal Tar	2
Coamidopropyl Betaine	2
Coarse Sea Salt	1
Cobalamin	2
Cobalt Aluminum Oxide	3
Cobra Saffron	2
Cocam Dopropyl Betaine	1
Cocamide	2
Cocamide DEA	62
Cocamide Dipa	13
Cocamide MEA	617
Cocamide Methyl MEA	38
Cocamide Mipa	100
Cocamido Propyl Betaine	4
Cocamido-Propyl Betaine	4
Cocamidopopyl Betaine	1
Cocamidopropy Betaine	9
Cocamidopropyi Betaine	2
Cocamidopropyl	8
Cocamidopropyl Betain	5
Cocamidopropyl Betainamide MEA Chloride	5
Cocamidopropyl Betainamide MEA Chloride*	3
Cocamidopropyl Betaine	3476
Cocamidopropyl Betamide	5
Cocamidopropyl Betane	6
Cocamidopropyl Dimethylamine	77
Cocamidopropyl Hydrosultaine	4
Cocamidopropyl Hydroxy Sulfobetaine	2
Cocamidopropyl Hydroxysulfate	1
Cocamidopropyl Hydroxysultaine	1076
Cocamidopropyl Hydroxysultaine*	1
Cocamidopropyl Pg Dimonium Chloride	1
Cocamidopropyl Pg Dimonium Chloride Phosphate	4
Cocamidopropyl Pg-Dimonium Chloride	9
Cocamidopropyl Pg-Dimonium Chloride Phosphate	230
Cocamidopropyl Pgdimonium Chloride Phosphate	4
Cocamidopropylamine	1
Cocamidopropylamine Oxide	50
Cocamidopropylbetaine	3
Cocamidoproyl Betaine	1
Cocamine	1
Cocamine Oxide	11
Coccina Indica Fruit Extract	4
Coccinia Indica Fruit Extract	316
Coccinia Indica Leaf Extract	1
Coccoloba Uvifera Fruit Extract	1
Coceth-20	2
Coceth-3	1
Coceth-7	21
Cochlearia Armoracia Root Extract	9
Cochlearia Officinalis Flower/Leaf/Stalk Extract	1
Cochlospernmum Angolense Bark Extract	1
Coco Betaine	20
Coco Caprylate	16
Coco Caprylate Caprate	2
Coco Caprylate/Caprate	42
Coco Diisopropanolamide	1
Coco Glucoside	132
Coco Glycerides	2
Coco Nucifera Nut Shell Powder	1
Coco Nucifera Oil	6
Coco-Betaine	426
Coco-Caprylate	303
Coco-Caprylate / Caprate	4
Coco-Caprylate Caprate	10
Coco-Caprylate-Caprate	6
Coco-Caprylate/ Caprate	27
Coco-Caprylate/ Caprate**	6
Coco-Caprylate/Caprate	1379
Coco-Caprylate/Caprate*	1
Coco-Caprylate/Caprate**	1
Coco-Caprylate/Carprate	2
Coco-Glucoside	1197
Coco-Glucosides	14
Coco-Sulfate	2
Coco/Sunfloweramidopropyl Betaine	2
Cocoa	2
Cocoa Butter	129
Cocoa Butter Glyceryl Esters	1
Cocoa Extract	6
Cocoa Nucifera Oil*	1
Cocoa Pod Ash	6
Cocoa Pod Powder	3
Cocoa Pods	2
Cocoa Powder	2
Cocoa Seed Butter	44
Cocoa Seed Extract	2
Cocoabutter	1
Cocoamide MEA	1
Cocoamido Propyl Amine Oxide	1
Cocoamidopropyl Betaine	739
Cocoamidopropyl Hydroxysultaine	9
Cocoamidopropylbetaine	1
Cocoamidorpopyl Betaine	1
Cocoamphodiacetate	2
Cocobetaine	3
Cococaprylate	6
Cococaprylate/ Caprate	7
Cococaprylate/Caprate	24
Cocodiethanolamide	1
Cocodimonium Hydroxypropyl Hydrolyzed Keratin	2
Cocodimonium Hydroxypropyl Hydrolyzed Rice Protein	9
Cocodimonium Hydroxypropyl Hydrolyzed Wheat Protein	1
Cocodimonium Hydroxypropyl Silk Amino Acids	4
Cocoglucoside	18
Cocoglucosides Hydroxypropyltrimonium Chloride	1
Cocoglycerides	199
Cocoglycerides*	4
Cocoina Indica Fruit Extract	1
Cocomide MEA	1
Cocomidopropyl Betaine	7
Cocomonoethanolamide	1
Coconut	29
Coconut Acid	467
Coconut Acid C-110	1
Coconut Acid*	1
Coconut Acids	1
Coconut Alcohol	73
Coconut Alkanes	406
Coconut And Papaya Fragrance	1
Coconut Aroma	1
Coconut Based Emulsifier Cetyl Alcohol	1
Coconut Butter	1
Coconut Charcoal Powder	2
Coconut Cream Scent	1
Coconut Diethanolamide	50
Coconut Emulsifier	1
Coconut Essence	1
Coconut Essential Oil	1
Coconut Extract	11
Coconut Extracts*	1
Coconut Fatty Acid	11
Coconut Fatty Acids	1
Coconut Flakes	1
Coconut Flavor	4
Coconut Flavor Extract	1
Coconut Flower Sugar	1
Coconut Fragrance Blend	1
Coconut Fragrance Oil	2
Coconut Fruit Extract	25
Coconut Fruit Juice	2
Coconut Fruit Powder	1
Coconut Milk	12
Coconut Milk Extract	1
Coconut Milk Powder	1
Coconut Oil	751
Coconut Oil Aminoethoxyethanol Amides	2
Coconut Oil Extract	1
Coconut Oil Glycereth-8 Esters	2
Coconut Oil Infused With Calendula Flower	1
Coconut Oil Polyglyceryl-6 Esters	2
Coconut Oil Soap	1
Coconut Oil*	8
Coconut Oil-Cocos Nucifera	1
Coconut Oils	1
Coconut Saponified Oil	14
Coconut Shell Powder	2
Coconut Shreds	2
Coconut Water	38
Coconut Wax	6
Coconuts	1
Cocopolyglucose CITRATE	2
Cocopolyglucoside Tartrate	1
Cocos Nucfera Oil	3
Cocos Nucifera	623
Cocos Nucifera *	1
Cocos Nucifera Alcohol	4
Cocos Nucifera Butter	2
Cocos Nucifera Coconut Oil/Huile De Noix De Coco	5
Cocos Nucifera Extract	41
Cocos Nucifera Fruit	6
Cocos Nucifera Fruit Extract	523
Cocos Nucifera Fruit Extract Ferment	2
Cocos Nucifera Fruit Extract*	1
Cocos Nucifera Fruit Extract/Coconut Fruit Extract	3
Cocos Nucifera Fruit Extract/Cocos Nucifera Fruit Extract	3
Cocos Nucifera Fruit Juice	141
Cocos Nucifera Fruit Juice / Coconut Fruit Juice	1
Cocos Nucifera Fruit Juice Extract	2
Cocos Nucifera Fruit Juice/Coconut Fruit Juice	2
Cocos Nucifera Fruit Juice/Cocos Nucifera Fruit Juice	1
Cocos Nucifera Fruit Oil	6
Cocos Nucifera Fruit Powder	28
Cocos Nucifera Fruit Water	10
Cocos Nucifera Kernel Oil	6
Cocos Nucifera Liquid Endosperm	35
Cocos Nucifera Milk	20
Cocos Nucifera Milk Extract	1
Cocos Nucifera Milk Powder	7
Cocos Nucifera Milk/Lait	1
Cocos Nucifera O	1
Cocos Nucifera Oil	3177
Cocos Nucifera Oil / Coconut Oil	8
Cocos Nucifera Oil Powder	1
Cocos Nucifera Oil*	40
Cocos Nucifera Oil-Organic	1
Cocos Nucifera Oil/Coconut Oil	8
Cocos Nucifera Oil/Cocos Nucifera Oil	9
Cocos Nucifera Oll	4
Cocos Nucifera Pulp Extract	1
Cocos Nucifera Seed Butter	1
Cocos Nucifera Seed Oil	2
Cocos Nucifera Shell Powder	39
Cocos Nucifera Water	215
Cocos Nucifera Water/Cocos Nucifera Liquid Endosperm	2
Cocos Nucifera Water/Cocos Nucifera Water	1
Cocos Nuofera Fruit Juice	1
Cocos-Nucifera Oil/Coconut Oil	1
Cocosnucifera Oil	2
Cocotrimonium Chloride	1
Cocoyl Arginine Amide	3
Cocoyl Glutamic Acid	2
Cocoyl Hydrolyzed Collagen	38
Cocoyl Hydrolyzed Elastin	1
Cocoyl Hydrolyzed Keratin	1
Cocoyl Hydrolyzed Soy Protein	1
Cocoyl Hydroxyethyl Imidazoline	2
Cocoyl Isethionate	1
Cocoyl Methyl Glucamide	12
Cocoyl Proline	18
Cocoyl Sarcosine	4
Cocoyl Taurate	1
Cocus Nucifera Fruit Extract	1
Cocyl Hydrolyzed Collagen	1
Cocyl Hydrolyzed Elastin	1
Cocyl Hydrolyzed Keratin	1
Cod Liver Oil	1
Codium Fragile Extract	17
Codium Tomentosum Extract	31
Codium Tomentosum Extracts	1
Codonopis Lanceolata Root Extract	1
Codonopsis Lanceolata Root Extract	1
Coelastrella Vacuolata Oil	3
Coenochloris	2
Coenochloris Signiensis Extract	9
Coenzyme A	27
Coenzyme Q-10	2
Coenzyme Q10	48
Coffea Arabica	2
Coffea Arabica Bean	1
Coffea Arabica Bean Extract	2
Coffea Arabica Bean Powder	1
Coffea Arabica Berry Aqueous Extract	1
Coffea Arabica Extract	13
Coffea Arabica Fruit Extract	10
Coffea Arabica L Oil	2
Coffea Arabica Leaf Cell Extract	5
Coffea Arabica Leaf/Seed Extract	22
Coffea Arabica Oil	4
Coffea Arabica Powder	1
Coffea Arabica Seed	4
Coffea Arabica Seed Extract	263
Coffea Arabica Seed Extract*	1
Coffea Arabica Seed Oil	72
Coffea Arabica Seed Powder	18
Coffea Arabica Seedcake Extract	5
Coffea Canephora Seed Extract	1
Coffea Robusta Aqueous Extract	2
Coffea Robusta Seed Extract	24
Coffea Robusta Seed Extract*	1
Coffea Robusta Seed Powder	7
Coffea Sp. Aqueous Extract	1
Coffee	1
Coffee Arabica Bean	2
Coffee Arabica Extract	1
Coffee Arabica Leaf Cell Extract	1
Coffee Arabica Seed Extract	10
Coffee Arabica Seed Oil	2
Coffee Bean	2
Coffee Bean Grounds	1
Coffee Extract	6
Coffee Grounds	1
Coffee Infusion	2
Coffee Seed Extract	8
Cognac Oil	1
Cogon Grass Extract	1
Coix Lacryma-Jobi Ma-Yuen Seed Extract	38
Coix Lacryma-Jobi Ma-Yuen Seed Powder	2
Coix Lacryma-Jobi Seed Extract	5
Coix Lacryma-Jobi Seed Oil	1
Cola Acuminata Extract	2
Cola Acuminata Seed Extra	1
Cola Acuminata Seed Extract	44
Cola Nitida Extract / Cola Nitida Seed Extract	1
Cola Nitida Nut Extract	1
Cola Nitida Seed Extract	3
Cola Seed Extract	1
Cold Pressed	1
Cold Pressed Apricot	1
Cold Pressed Argan Oil	1
Cold Pressed Castor Oil	4
Cold Pressed Cocos Nucifera Oil	1
Cold Pressed Egyptian Carrot Seed Oil	1
Cold Pressed Extra Virgin Olive Oil	1
Cold Pressed Extra-Virgin Olive Oil	1
Cold Pressed Macadamia	1
Cold Pressed Organic Almond Oil	1
Cold Pressed Organic Avocado Oil	2
Cold Pressed Organic Evening Primrose Oil	1
Cold Pressed Organic Jojoba Oil	3
Cold Pressed Organic Wheatgerm Oil	2
Cold Processed Castor Oil	2
Cold-Pressed Coconut Oil	1
Cold-Pressed Macadamia Nut Oil	1
Cold-Pressed Olea Europaea Seed Oil	1
Cold-Pressed Ricinus Communis Seed Oil	1
Cold-Pressed Rosehip Oil	1
Coleonema Album Oil	1
Coleus Barbatus Extract	18
Coleus Barbatus Root Extract	4
Coleus Forskohlii Callus Extract	2
Coleus Forskohlii Oil	1
Coleus Forskohlii Root Extract	13
Coleus Forskohlii Root Oil	3
Collagen	296
Collagen 2%	1
Collagen Amino Acids	158
Collagen Extract	78
Collagen Hydrolysate	1
Collagen Peptides	2
Collagen Protein	2
Collagen Protein Concentrate	1
Collagen Water	5
Collagen/Collag√®Ne	1
Collinsonia Canadensis Extract	1
Collodial Oatmeal	2
Collodial Silicon Dioxide	1
Collodial Sulfur	1
Colloidal Anhydrous Silica	1
Colloidal Avena Sativa	1
Colloidal Gold	70
Colloidal Minerals	3
Colloidal Oat Flour	1
Colloidal Oatmeal	336
Colloidal Oatmeal 0.5%	2
Colloidal Oatmeal 0.50%	3
Colloidal Oatmeal 2%	1
Colloidal Oatmeal Extract	1
Colloidal Oats	5
Colloidal Palladium	1
Colloidal Platinum	11
Colloidal Silicon Dioxide	1
Colloidal Silver	25
Colloidal Sulfur	22
Colloidal Trace Minerals	1
Colocasia Antiquorum Root Extract	5
Colophonium	6
Colophonium / Rosin / Colophane	2
Color	6
Colorado Clover Honey	2
Colorant	18
Colorants	1
Colostrum	37
Colostrum Co-Q 10	1
Colour	2
Colour 42090	1
Colour 77947	1
Coltsfoot	2
Coltsfoot Extract	5
Combava Leaf Oil	1
Combretum Farinosum Flower Nectar	2
Combretum Micranthum Leaf Extract	1
Comfrey	19
Comfrey Burdock Root	1
Comfrey Extract	17
Comfrey Leaf	11
Comfrey Leaf Extract	11
Comfrey Leaf Powder	1
Comfrey Root	3
Comfrey Root Extract	7
Comfrey*	1
Commiphora Abyssinica Resin Extract	11
Commiphora Confusa Resin Oil	2
Commiphora Confusa Resin Oil*	2
Commiphora Guidotti	1
Commiphora Guidottii Essential Oils	1
Commiphora Muku Resin Entraxct	1
Commiphora Mukul Resin Extract	43
Commiphora Myrrha	7
Commiphora Myrrha Essential Oil	3
Commiphora Myrrha Extract	9
Commiphora Myrrha Leaf Cell Extract	5
Commiphora Myrrha Oil	51
Commiphora Myrrha Resin	2
Commiphora Myrrha Resin Extract	45
Commiphora Myrrha Resin Extract*	2
Commiphora Wightii Resin Extract	1
Common Marigold Extract	1
Common Purslane Extract	2
Communis Ricinus Bean Oil	1
Comptonia Peregrina Plant Water	1
Concentrated Inland Seawater	1
Concentrated TEA Blend Extract	3
Conchiolin Powder	3
Coneflower Extract	2
Conjugated Linoleic Acid	2
Conobea Scoparioides Leaf Oil	2
Containing Certified Organic Alcohol	1
Convallaria Majalis Bulb/Root Extract	1
Cool Tankard Extract	1
Copaiba Balsam Essential Oil	1
Copaiba Officinalis/Balsam Copaiba Resin	1
Copaiba Oil	1
Copaifera Coriacea Resin Oil	1
Copaifera Officinalis Oil	7
Copaifera Officinalis Resin	53
Copaifera Officinalis Resin Oil	11
Copaifera Reticulata Balsam Oil	4
Copaifera Reticulata Resin Oil	6
Copaifera Retuiculata	1
Copaifera Species Resin Oil	1
Copaifera Species Resin Oils	1
Copaifera Spp	1
Copemicia Wax/Copemicia Cerifera Cera	3
Copernica Cerifera Wax	9
Copernica Cerifera Wax/Cera Carnauba/Cire De Carnauba	4
Copernicia Cerifera	6
Copernicia Cerifera Carnauba Waxcire De Carnauba	1
Copernicia Cerifera Cera	35
Copernicia Cerifera Cera / Carnauba Wax	1
Copernicia Cerifera Cera / Carnauba Wax / CIRE De Carnauba	3
Copernicia Cerifera Cera Wax	1
Copernicia Cerifera Cera/Carnauba Wax	1
Copernicia Cerifera Cera/Copernicia Cerifera Wax	2
Copernicia Cerifera Cera/Copernicia Cerifera Wax/Cire De Carnauba	10
Copernicia Cerifera Wax	346
Copernicia Cerifera Wax / Cera Carnauba / CIRE De Carnauba	1
Copernicia Cerifera Wax / Copernicia Cerifera Cera / CIRE De Carnauba	32
Copernicia Cerifera Wax*	1
Copernicia Cerifera Wax/ Copernicia Cerifera Cera / CIRE De Carnauba	8
Copernicia Cerifera Wax/Cera Carnauba/Cire De Carnauba	6
Copernicia Cerifera Wax/Cire De Carnauba	62
Copernicia Cerifera Wax/Copernicia Cerifera Cera	5
Copernicia Cerifera Wax/Copernicia Cerifera Cera / CIRE De Carnauba	1
Copernicia Cerifera Wax/Copernicia Cerifera Cera/Cire De Carnauba	13
Copernicia Cerifera Wax\ Copernicia Cerifera Cera \Cire De Carnauba	10
Copernicia Cerifera Wax\Copernicia Cerifera Cera\Cire De Carnauba	1
Copernicia Prunifera Wax	2
Coples Japonica Root Extract	1
Copper	6
Copper Amino Acid Chelate	4
Copper Carbonate Hydroxide	7
Copper Chlorophyll	3
Copper Chlorophyllin Complex	1
Copper Chloropyll	1
Copper CITRATE	1
Copper Complex	2
Copper Complex Gluconate	2
Copper Gluconate	416
Copper Gluconate4	1
Copper Heptapeptide-14 Pantothenate	4
Copper Lysinate Complex	1
Copper Lysinate/Prolinate	61
Copper Palmitoyl Heptapeptide-14	42
Copper Pca	125
Copper Powder	33
Copper Saccharomyces Ferment	1
Copper Sulfate	36
Copper Tripeptide	1
Copper Tripeptide Complex	1
Copper Tripeptide Hgf Growth Factor	1
Copper Tripeptide-1	299
Copper Tripeptide-1 Palmitamide	1
Copper Tripeptide-34	2
Copper/Magnesium Clorophyllin	1
Coptis Chinensis Root Extract	31
Coptis Japonica Extract	22
Coptis Japonica Root Extract	103
Copulandrone	4
Copuline-Alike	4
Coq 10	1
Coq10	17
Coral Powder	7
Corallina O CINALIS Extract	2
Corallina Officianalis Extract	4
Corallina Officinalis	2
Corallina Officinalis Extract	439
Corallina Officinalis Powder	1
Coralline Officinalis Extract	1
Corallocarpus Epigaeus	1
Corchorus Olitorius Leaf Extract	15
Cordifolia Callus Culture Extract	1
Cordyceps Militaris	1
Cordyceps Militaris Extract	6
Cordyceps Militaris Mycelium Extract	2
Cordyceps Sinensis Extract	45
Coriander Extract	1
Coriander Fruit Oil	1
Coriander Seed Oil	7
Coriandrum Sativum	2
Coriandrum Sativum Extract	6
Coriandrum Sativum Fruit Oil	41
Coriandrum Sativum Fruit Oil / Coriander Fruit Oil	2
Coriandrum Sativum Fruit √Ïil	2
Coriandrum Sativum Fruit/Leaf Extract	15
Coriandrum Sativum L. Essential Oil	1
Coriandrum Sativum Leaf Extract	2
Coriandrum Sativum Oil	5
Coriandrum Sativum Oil/Coriander Seed Oil	3
Coriandrum Sativum Seed Essential Oil	1
Coriandrum Sativum Seed Extract	5
Coriandrum Sativum Seed Oil	21
Coriandrum Sativum Seed Oil / Coriander Seed Oil	6
Coriandrum Sativum Seed Oil/Coriander Seed Oil	2
Corn	1
Corn Germ Extract	1
Corn Germ Oil	12
Corn Gluten Amino Acids	15
Corn Kernel Extract	2
Corn Oil	27
Corn Oil Corn MEAL	1
Corn Silk Extract	2
Corn Starch	26
Corn Starch Modifed	2
Corn Starch Modified	88
Corn-Derived Methyl Glucose Esquistearate	1
Corn-Derived Methyl Glucose Sesquistearate	20
Corn-Derived Propanediol	4
Cornflour	1
Cornmint Oil	2
Cornstarch	1
Cornstarch Powder	1
Cornus Officinalis Fruit Extract	18
Cornus Officinalis Frult Extract	1
Cortex Phellodendri Chinensis	1
Corthellus Shiitake	1
Corthellus Shiitake Extract	2
Corundum	1
Corydalis Ochotensis Extract	2
Corydalis Turtschaninovii Root Extract	1
Corylus Americana Oil	2
Corylus Americana Seed Oil	4
Corylus Avellana Bud Extract	4
Corylus Avellana Leaf Extract	1
Corylus Avellana Nut Oil	1
Corylus Avellana Oil	5
Corylus Avellana Seed Oil	86
Cosmetic Grade Beeswax	1
Cosmos Bipinnantus Callus Culture Extract	2
Costus	2
Cotton	1
Cotton Fruit Water	1
Cotton Seed Oil	1
Cottonseed Oil	7
Coumarim	1
Coumarin	2342
Coumarin*	2
Courmarin	1
Cournarin	1
Crambe Abyssinian Seed Oil	1
Crambe Abyssinica Oil	3
Crambe Abyssinica Seed Oil	178
Crambe Abyssinica Seed Oil Phytosterol Esters	8
Crambe Maritima Extract	6
Crambe Maritima Leaf Extract	11
Cranberry	1
Cranberry Butter	1
Cranberry Extract	5
Cranberry Fruit Extract	6
Cranberry Oil	1
Cranberry Powder	1
Cranberry Seed Oil	18
Cranberry Seed Powder	1
Cranberry Vaccinium Macrocarpon Extract	1
Crataegus Cuneata Fruit Extract	12
Crataegus Monogina Flower Extract	2
Crataegus Monogina Fruit Extract	8
Crataegus Monogyna Berry Extract	2
Crataegus Monogyna Berry Juice	1
Crataegus Monogyna Flower Extract	53
Crataegus Oxyacantha Fruit Extract	2
Crataegus Oxyacantha Stem Extract	3
Cream Of Tartar	1
Creatine	112
Creatine Monohydrate	1
Cresylic Acid	1
Crithmum Maritimum	5
Crithmum Maritimum Callus Culture Filtrate	8
Crithmum Maritimum Extract	188
Crithmum Maritmum Extract	3
Crocus Chrysanthus Bulb Extract	28
Crocus Sativa Flower Oil	1
Crocus Sativus Flower Extract	46
Crocus Sativus Leaf Cell Culture Extract	6
Crocus Sativus Meristem Cell Extract	2
Crocus Sativus Stigma Extract	4
Crotamiton Usp	1
Croton Cajucara Flower Oil	1
Croton Cajucara Leaf Oil	2
Croton Lechleri Resin Extract	25
Croton Lechleri Resin Powder	2
Croton Lechlerl Resin Extract	1
Crownwood Fern Extract	1
Crude Coal Tar	1
Crude Degummed Shea Butter	1
Crushed Almonds	1
Crushed Vanilla Vine	1
Crylamide/Sodium Acryloyldimethyltaurate Copolymer	2
Crypthecodinium Cohnii Extract	1
Cryptimera Japonica Bud Extract	1
Cryptomeria Japonica Branch/Leaf Extract	1
Cryptomeria Japonica Bud Extract	7
Cryptomeria Japonica Leaf Extract	14
Crysanthemum Parthenium Extract	2
Crystalline Silica	2
Ctronellol	1
Cucumber	7
Cucumber Aldehyde	1
Cucumber Extract	61
Cucumber Fruit	2
Cucumber Fruit Extract	37
Cucumber Hydrosol	1
Cucumber Juice	4
Cucumber Oil	2
Cucumber Sativus Distillate	1
Cucumber Sativus Fruit Extract	1
Cucumber Seed	2
Cucumber Seed Dil	1
Cucumber Water	1
Cucumis Melo	2
Cucumis Melo Cantalupensis Callus Extract	1
Cucumis Melo Cantalupensis Fruit Extract	32
Cucumis Melo Extract	3
Cucumis Melo Fruit Extract	151
Cucumis Melo Fruit Extract/ Cucumis Melo Fruit Extract	2
Cucumis Melo Seed Extract	17
Cucumis Melon Fruit Extract	1
Cucumis Sativa	1
Cucumis Sativa Extract	4
Cucumis Sativa Fruit Extract	41
Cucumis Sativas Fruit Extract	1
Cucumis Sativius Fruit Extract	1
Cucumis Sativus	14
Cucumis Sativus *	1
Cucumis Sativus Cucumber Fruit Extract	2
Cucumis Sativus Distillate	1
Cucumis Sativus Distillate Water	1
Cucumis Sativus Extract	105
Cucumis Sativus Extract *	1
Cucumis Sativus Extract/Cucumber Fruit Extract	1
Cucumis Sativus Fruit Distillate	3
Cucumis Sativus Fruit Extract	1558
Cucumis Sativus Fruit Extract / Cucumber Fruit Extract	10
Cucumis Sativus Fruit Extract/Cucumber Fruit Extract	9
Cucumis Sativus Fruit Extract/Cucumis Sativus	3
Cucumis Sativus Fruit Extract/Cucumis Sativus Fruit Extract	4
Cucumis Sativus Fruit Oil	2
Cucumis Sativus Fruit Water	99
Cucumis Sativus Fruitextract	2
Cucumis Sativus Hydrosol	1
Cucumis Sativus Juice	21
Cucumis Sativus Oil	27
Cucumis Sativus Seed Extract	40
Cucumis Sativus Seed Oil	54
Cucumis Sativus Water	2
Cucumis Satvus Fruit Extract	1
Cucums Sativus Extract	4
Cucums Sativus Fruit Extract	2
Cucurbita Maxima Fruit Extract	4
Cucurbita Maxima Oil	1
Cucurbita Pepe Seed Oil	1
Cucurbita Pepo	21
Cucurbita Pepo Fruit Extract	52
Cucurbita Pepo Juice	2
Cucurbita Pepo Oil*	2
Cucurbita Pepo Powder	3
Cucurbita Pepo Pulp	1
Cucurbita Pepo Pumpkin Seed Extract	5
Cucurbita Pepo Puree	1
Cucurbita Pepo Seed	1
Cucurbita Pepo Seed Extract	56
Cucurbita Pepo Seed MEAL	1
Cucurbita Pepo Seed Oil	111
Cucurbita Pepo Seed Oil*	3
Cultured Milk Serum	2
Cultured Skim Milk	1
Cuminum Cyminum	2
Cuminum Cyminum Seed Oil	2
Cupressus Funebris Wood Oil	7
Cupressus Sempervirens Bark Extract	1
Cupressus Sempervirens Branch/Leaf Oil	2
Cupressus Sempervirens Cypress Leaf Oil	1
Cupressus Sempervirens Leaf Extract	1
Cupressus Sempervirens Leaf Oil	9
Cupressus Sempervirens Leaf/Nut/ Stem Oil	1
Cupressus Sempervirens Leaf/Nut/Stem Oil	28
Cupressus Sempervirens Leaf/Stem Extract	26
Cupressus Sempervirens Leaf/Stem Oil	9
Cupressus Sempervirens Oil	66
Cupressus Sempervirens Oil*	3
Cupressus Sempervirens Seed Extract	10
Cupressus Sempervirens Seed Oil	2
Cupressus Sempervirens/Leaf/Nut/Stem Oil	2
Cupressus Sempervires Oil	1
Cupric Carbonate	2
Cupric Carbonate Hydroxide	3
Cupric Chloride	2
Cupuacu Butter	12
Cupuacu Butter Glycerides	1
Curcubita Pepo Seed Oil	4
Curculigo Orchioides Root Extract	4
Curcuma Amada Rhizome Extract	1
Curcuma Aromatica Root Oil	1
Curcuma Long Extract	2
Curcuma Long Extract/Tumeric Root Extract	2
Curcuma Longa	6
Curcuma Longa & Ethanol	1
Curcuma Longa Aqueous Extract	1
Curcuma Longa Callus Conditioned Media	2
Curcuma Longa Callus Extract	1
Curcuma Longa Callus Lysate	1
Curcuma Longa Essential Oil	1
Curcuma Longa Extract	21
Curcuma Longa Extract / Turmeric Root Extract	9
Curcuma Longa Extract/Tumeric Root Extract	2
Curcuma Longa Leaf Extract	20
Curcuma Longa Oil	3
Curcuma Longa Powder	3
Curcuma Longa Rhizome Extract	15
Curcuma Longa Rhizomes Oil	4
Curcuma Longa Root	5
Curcuma Longa Root Extract	774
Curcuma Longa Root Extract/Turmeric Root Extract	7
Curcuma Longa Root Oil	19
Curcuma Longa Root Powder	26
Curcuma Wenyujin/Curcuma Kwangsiensis Rhizome Extract	2
Curcuma Xanthorrhiza	1
Curcuma Xanthorrhiza Root Extract	2
Curcuma Zedoaria	1
Curcuma Zedoaria Leaf Extract	2
Curcuma Zedoaria Root Oil	2
Curcumin	14
Curcumin CI 75300	1
Curd/Yogurt	1
Curoxidant Blend	3
Currant	1
Currant Fruit Extract	1
Cutaneous Lysate	14
Cutibacterium Acnes	1
Cutibacterium Acnes Ferment Filtrate	1
Cutibacterium Granulosum Ferment Extract Filtrate	7
Cvo Pentasiloxane	1
Cw Hemp Oil Co2 Extract	2
Cyamocobalamin	1
Cyamopsis	1
Cyamopsis Tetragonoloba	14
Cyamopsis Tetragonoloba Guar Gum	2
Cyamopsis Tetragonoloba Gum	169
Cyamopsis Tetragonoloba Gum*	3
Cyamopsis Tetragonolobus Gum	8
Cyanocobalamin	205
Cyanopsis Tetragonoloba Gum	2
Cyathea Cumingi Leaf Extract	1
Cyathea Cumingii Leaf Extract	12
Cyathea Medullaris Extract	3
Cyathea Medullaris Leaf Extract	23
Cyclamen Aldehyde	5
Cyclic Lysophosphatidic Acid	5
Cyclo Methicone	1
Cycloastragenol	1
Cyclodextrin	243
Cyclohexane	4
Cyclohexasiloxane	839
Cyclohexylamine	1
Cyclomethicone	339
Cyclomethicone 5	1
Cyclomethicone And Dimethicone Crosspolymer	1
Cyclomethicone Copolyol	1
Cyclomethicone Polysilicone-11	1
Cyclopen-Tasiloxane	2
Cyclopensiloxane	1
Cyclopenta-Siloxane	2
Cyclopentadecanolide	2
Cyclopentasi-Loxane	1
Cyclopentasibxane	1
Cyclopentasilaxane	2
Cyclopentasiloane	1
Cyclopentasilokane	1
Cyclopentasiloxane	2613
Cyclopentasiloxane/Dimethicone Crosspolymer	1
Cyclopeptide-5	3
Cyclopia Genistoides	1
Cyclopia Genistoides Leaf Extract	5
Cyclopia Intermedia Extract	1
Cyclopia Intermedia Leaf Extract	3
Cyclopia Intermedia Leaf Oil	1
Cyclopia Maculata Leaf/Stem Extract	1
Cyclopia Subternata Leaf/Stem Extract	1
Cyclopia-Intermedia	1
Cyclotetrapeptide-24 Aminocyclohexane Carboxylate	15
Cyclotetrasiloxane	55
Cyclovinylmethicone	1
Cycnoches Cooperi Extract	3
Cycnoches Cooperi Flower/Leaf Extract	1
Cydomethicone	1
Cydonia Oblonga Leaf Extract	17
Cydonia Seed Extract	1
Cydopentasiloxane	2
Cylcotetrasiloxane	2
Cylindrotheca Fusiformis Extract	5
Cylindrotheca Fustiformis Extract	1
Cymbidium Grandiflorum Flower Extract	8
Cymbidium Kanran Extract	3
Cymbopogon CITRATUS	2
Cymbopogon CITRATUS Aqueous Extract	2
Cymbopogon CITRATUS Extract	13
Cymbopogon CITRATUS Leaf Oil	29
Cymbopogon CITRATUS Leaf Powder	1
Cymbopogon CITRATUS Leaf/Stem Oil	7
Cymbopogon CITRATUS Oil	40
Cymbopogon Flexuosus Essential Oil	4
Cymbopogon Flexuosus Herb Extract	1
Cymbopogon Flexuosus Herb Oil	3
Cymbopogon Flexuosus Leaf Oil	5
Cymbopogon Flexuosus Leaf Powder	1
Cymbopogon Flexuosus Oil	48
Cymbopogon Flexuosus Oil**	5
Cymbopogon Flexuous Oil	1
Cymbopogon Martin Oil	2
Cymbopogon Martini Essential Oil	1
Cymbopogon Martini Extract	3
Cymbopogon Martini Herb Oil	2
Cymbopogon Martini Leaf Oil	4
Cymbopogon Martini Motia Herb Oil	4
Cymbopogon Martini Oil	197
Cymbopogon Martini Oil*	1
Cymbopogon Martini V. Motia Leaf Oil	1
Cymbopogon Martinii Essential Oil	4
Cymbopogon Martinii Leaf Oil	8
Cymbopogon Martinii Oil	6
Cymbopogon Martinii V. Motia Leaf Oil	2
Cymbopogon Martinii Var. Motia Leaf Oil	2
Cymbopogon Nardus Essential Oil	1
Cymbopogon Nardus Oil	25
Cymbopogon Schoeanthus	1
Cymbopogon Schoeanthus Oil	1
Cymbopogon Schoenanthus	1
Cymbopogon Schoenanthus Extract	43
Cymbopogon Schoenanthus Leaf Extract	5
Cymbopogon Schoenanthus Leaf/Stem Extract	2
Cymbopogon Schoenanthus Oil	160
Cymbopogon Schoenanthus Water	2
Cymbopogon Winterianus Herb Oil	3
Cymopsis Tetragonoloba Gum	1
Cynanchum Atratum Extract	50
Cynara Cardunculus Subs	1
Cynara Cardunculus Subsp	2
Cynara Scolymus Bud Extract	1
Cynara Scolymus Extract	1
Cynara Scolymus Leaf Extract	49
Cynoglossum Virginianum Leaf	1
Cyperus Esculentus Root Oil	4
Cyperus Papyrus Leaf Cell Extract	2
Cyperus Rotundus Rhizome Extract	2
Cyperus Rotundus Root Extract	18
Cyperus Scariosus Root Oil	1
Cypress	3
Cypress Essential Oil	1
Cypress Extract	1
Cypress Leaf Infusion	3
Cypress Oil	10
Cypripedium Pubescens Extract	15
Cysteamine Hcl	2
Cysteamine Hydrochloride	2
Cysteic Acid	1
Cysteine	86
Cystine	27
Cystine Bis-Pg-Propyl Silanetriol	5
Cystoseira Amentacea/Caespitosa Branchycarpa Extract	2
Cystoseira Compressa Extract	2
Cystoseira Humilis Extract	3
Cystoseira Tamariscifolia Extract	29
Cytosine	2
C√≠3-14 Isoparaffin	1
D & C Red 6 Ba Lake	1
D & C Red No. 7 Calcium Lake	1
D & C Violet No. 2	1
D & C Yellow No.10	1
D Limonene	3
D Panthenol	3
D&C Blue No.1	1
D&C Green	1
D&C Green 5	4
D&C Green 6	1
D&C Green 8	1
D&C Green No. 5	8
D&C Green No. 6	2
D&C Green No. 8	4
D&C Orange 4	3
D&C Orange No. 4	4
D&C Red #33	1
D&C Red 17	1
D&C Red 27	1
D&C Red 27 Al Lake	1
D&C Red 28	4
D&C Red 33	28
D&C Red 6	1
D&C Red 6 Ba	1
D&C Red 6 Ba. Lake	1
D&C Red 6 Barium Lake	2
D&C Red 6 Lake	3
D&C Red 6 Na. Salt	2
D&C Red 7	1
D&C Red 7 Ca Lake	2
D&C Red 7 Ca. Lake	1
D&C Red 7 Calcium	1
D&C Red 7 Calcium Lake	1
D&C Red 7 Lake	6
D&C Red No 33	6
D&C Red No 7	1
D&C Red No. 17	1
D&C Red No. 21	1
D&C Red No. 27 Aluminum Lake	3
D&C Red No. 27 Lake	1
D&C Red No. 28	2
D&C Red No. 28 Aluminum Lake	1
D&C Red No. 30	2
D&C Red No. 33	83
D&C Red No. 33 Aluminum Lake	1
D&C Red No. 6	6
D&C Red No. 6 Barium Lake	2
D&C Red No. 7	1
D&C Red No. 7 Lake	1
D&C Red No.17	2
D&C Red No.27	1
D&C Red No.28	1
D&C Red No.3	1
D&C Red No.33	30
D&C Red No.6	2
D&C Red No.6 Lake	1
D&C Red No.7	3
D&C Red No.7 Ca Lake	1
D&C Violet #2	1
D&C Violet 2	5
D&C Violet No. 2	3
D&C Violet No.2	2
D&C Yellow #10	1
D&C Yellow 10	8
D&C Yellow 11	5
D&C Yellow No. 10	9
D&C Yellow No. 10 Aluminum Lake	1
D&C Yellow No. 11	1
D&C Yellow No. 5	1
D&C Yellow No. 6	2
D&C Yellow No. 6 Al Lake	1
D&C Yellow No. 7	1
D&C Yellow No.10	4
D&C Yellow No.5 Al Lake	1
D'Limonene	1
D-Alpha Tocopherol	12
D-Alpha Tocopherol Acetate	80
D-Alpha Tocopheryl Acetate	19
D-Alpha-Tocopherol	4
D-Alpha-Tocopheryl Acetate	5
D-Arginyl Tyrosinyl Ornithinyl Phenylalanine	3
D-Beta Tocopherol	1
D-Beta-Carotene	1
D-Calcium Pantothenate	3
D-Cholic Acid	1
D-Gamma Tocopherol	1
D-Glucitol	6
D-Glucono-1,5-Lactone	2
D-Gluconolactone	1
D-Limonene	128
D-Panthenol	47
D-Pantolactone	1
D-Tocopherol	3
D-Tocopheryl Acetate	1
Daemonorops Draco Extract	3
Daidzein	1
Daikon Radish Oil	2
Daisy Extract	1
Damask Rose Flower Oil	1
Damask Rose Flower Water	1
Dancus Carota Sativa	4
Dandelion	7
Dandelion Extract	23
Dandelion Extract Infused In Water	1
Dandelion Leaf Extract	1
Dandelion Leaf Juice	1
Dandelion Root	3
Dandelion Root Extract	12
Daphne Odora Callus Extract	15
Daruhaldi	1
Daruhaldi Extract	1
Darutoside	101
Dasiphora Fruticosa Extract	2
Date Syrup	1
Datem	4
Daucus Carota	3
Daucus Carota Essential Oil	1
Daucus Carota Extract	8
Daucus Carota Flower Essence	1
Daucus Carota Juice	1
Daucus Carota Leaf Extract	1
Daucus Carota Oil	8
Daucus Carota Root Co2 Extract	1
Daucus Carota Root Extract	2
Daucus Carota Root Oil	2
Daucus Carota Sativa	38
Daucus Carota Sativa *	3
Daucus Carota Sativa Extract	24
Daucus Carota Sativa Extract*	2
Daucus Carota Sativa Juice	8
Daucus Carota Sativa Oil	5
Daucus Carota Sativa Root	5
Daucus Carota Sativa Root Cell Culture Lysate	1
Daucus Carota Sativa Root Extract	312
Daucus Carota Sativa Root Extract*	4
Daucus Carota Sativa Root Extract/Carrot Root Extract	5
Daucus Carota Sativa Root Powder	1
Daucus Carota Sativa Root Protoplasts	1
Daucus Carota Sativa Root Water	8
Daucus Carota Sativa Rot Extract	2
Daucus Carota Sativa Seed	1
Daucus Carota Sativa Seed Extract	2
Daucus Carota Sativa Seed Oil	257
Daucus Carota Sativa Seed Oil*	2
Daucus Carota Sativa Seed Oil**	1
Daucus Carota Sativa Seed Water	3
Daucus Carota Seed Oil	16
Daucus Carota Seed Oil¬Π	2
Daucus Sativa Seed Oil	1
Davidsonia Jerseyana Fruit Extract	14
Davidsonia Jerseyanan Fruit Extract	2
Davidsonia Pruriens Fruit Extract	6
Dc Green 6	1
DEA Cetyl Phosphate	1
DEA-CETYL Phosphate	8
DEA-OLETH-3 Phosphate	1
DEAD Sea Minerals	4
DEAD Sea Mud	19
DEAD Sea Salt	17
DEAD Sea Water	6
Dec-9-En-2-One	3
Decafluoropentane	1
Decamethylcyclopentasiloxane	1
Decamethyltetrasiloxane	1
Decanal	11
Decapeptide-21	4
Decapeptide-22	8
Decapeptide-4	3
Decapeptide-52	9
Decarboxy Carnosine Hcl	48
Deceth-6	1
Deceth-8	3
Declustered Water	3
Declustered Water \Aqua\Eau De-Structuree	3
Decolorized Aloe Barbadensis Leaf Extract	1
Decolorized Aloe Barbadensis Leaf Juice	4
Decolorized Aloe Vera Gel	7
Decyl Alcohol	10
Decyl Cocoate	43
Decyl Glucose	5
Decyl Glucoside	1886
Decyl Glycoside	3
Decyl Gucoside	2
Decyl Isostearate	23
Decyl Oleate	221
Decyl Polyglucose	5
Decyl Polyglucoside	5
Decyl/Undecyl Glucoside	1
Decylene Glycol	167
Decyloxazolidinone	16
Deep Sea Water	2
Deer Bone Collagen	1
Deer Tallowate	1
Defatted Rice Bran	1
Defatted Rice Bran Extract	1
Dehydracetic Acid	1
Dehydrated Alcohol	3
Dehydrated Coconut Milk	1
Dehydroacetate Acid	4
Dehydroacetic Acid	1494
Dehydrolatanoprost	1
Dehydroxanthan Gum	103
Dehydroxyanthan Gum	1
Dehyroxanthan Gum	1
Deionised Water	3
Deionized Aqua	6
Deionized Extra Virgin Coconut Oil	1
Deionized Herbal Infusion	1
Deionized Water	128
Delesseria Sanguinea Extract	2
Delta Decalactone	1
Delta-9 Tetrahydrocannabinol	1
Delta-Decalactone	4
Delta-Dodecalactone	1
Demineralised Water	1
Demineralized Water	8
Denatonium Benzoate	103
Denatured Alcohol	9
Dendranthema Lavandulifolium	1
Dendritic Salt	1
Dendrobium Candidum Extract	2
Dendrobium Candidum Stem Extract	3
Dendrobium Nobile Extract	5
Dendrobium Officinale Stem Extract	2
Deodorized Mineral Spirits	1
Deoxyarbutin	1
Deoxyribonuclease	3
Deoxythymidine	1
Dermasoft 1388 Eco	1
Dermosoft¬Æ 1388 Eco	1
Desamido Collagen	8
Desert Date Oil	1
Desmodium Gangeticum Root Extract	1
Deuterium Oxide	7
Dexapanthenol	1
Dexpanthenol	14
Dextran	300
Dextran Sulfate	3
Dextrin	675
Dextrin Isostearate	1
Dextrin Myristate	7
Dextrin Palmitate	141
Dextrin Palmitate/Ethylhexanoate	14
Dextrin Palmitate/Hexyldecanoate	1
Dextrose	4
Dhea	1
Di C12-15 Alkyl Fumarate	1
Di Sodium Edta	4
Di Water	16
Di-And Tri	11
Di-C12-13 Alkyl Malate	21
Di-C12-15 Alkyl Fumarate	50
Di-C12-18 Alkyl Dimonium Chloride	29
Di-C20-40 Alkyl Dimer Dilinoleate	1
Di-Hema Trimethylhexyl Dicarbamate	1
Di-Ppg-2 Myreth-10 Adipate	41
Di-Ppg-3 Myristyl Ether Adipate	8
Di-Ppg-3 Myrsitylether Adipate	1
Di-Steareth 100 Ipdi	1
Di-Steareth-75 Ipdi	1
Di-Tocopheryl Acetate	1
Diacetyl Boldine	28
Diacetyl Natural	3
Diaminobutyroyl Benzylamide Diacetate	1
Diaminohydroxybutyrate	1
Diaminopropionoyl Tripeptide-33	2
Diammonium CITRATE	4
Diammonium Copper Edta	1
Diamond Dust	2
Diamond Powder	96
Dianthus Caryophyllus Flower Extract	2
Dianthus Chinensis Extract	1
Diatomaceous Earth	81
Diatomaceous Earth/Solum Diatomeae/Terre De Diatomees	3
Diazoldinyl Urea	5
Diazolidiniyl Urea	1
Diazolidinyl	4
Diazolidinyl Urea	1353
Diazolidnyl Urea	11
Dibenzyl Ether	1
Dibutyl Adipate	79
Dibutyl Ethylhexanoyl Glutamide	54
Dibutyl Hydroxy Toluene	1
Dibutyl Lauroyl Glutamide	56
Dicalcium Phosphate	56
Dicalcium Phosphate Dihydrate	1
Dicalcium Sodium Borosilicate	1
Dicalcum Phosphate	2
Dicapryl Adipate	4
Dicapryl Carbonate	7
Dicapryl Succinate	3
Dicaprylate Carbonate	1
Dicaprylate Dicaprate	1
Dicaprylate/Dicaprate	27
Dicaprylyl Carbonate	983
Dicaprylyl Carbonate*	1
Dicaprylyl Ether	717
Dicaprylyl Ether*	1
Dicaprylyl Maleate	18
Dicaprylylcarbonate	1
Dicettldimonium Chloride	1
Dicetyl Phosphate	103
Dicetyldimonium Chloride	9
Dichloroacetic Acid	5
Dichlorobenzyl Alcohol	34
Dicocodimonium Chloride	7
Dicrateria Rotunda Oil	3
Dictamnus Dasycarpus Extract	1
Dictamnus Dasycarpus Root Bark	1
Dictyopteris Membranacea Extract	9
Dictyopteris Polypodioides Extract	12
Didazolidinyl Urea	2
Didecydimonium Chloride	1
Didecyl Dimethyl Ammonium Chloride	2
Didecyldimethylammonium Chloride	1
Didecyldimonium Chloride	23
Diethanolamine	5
Diethoxyethyl Succinate	50
Diethyanolamine Cetyl Phosphate	2
Diethyl Ascorbic Acid	1
Diethyl Hexyl Adipate	2
Diethylamino Hydroxybenzoyl Hexyl Benzoate	88
Diethylene Glycol	3
Diethylene Glycol Monoethyl Ether	2
Diethylhexyl 2 6 Naphthalate	2
Diethylhexyl 2,6 Naphthalate	5
Diethylhexyl 2,6-Naphthalate	39
Diethylhexyl Adipate	25
Diethylhexyl Butamido Triazone	30
Diethylhexyl Carbonate	46
Diethylhexyl Malate	1
Diethylhexyl Maleate	5
Diethylhexyl Sebacate	10
Diethylhexyl Sodium Sulfosuccinate	58
Diethylhexyl Succinate	58
Diethylhexyl Syringylidenemalonate	187
Diethylhexyl Syringylidenemalonate/Caprylic/Capric Triglyceride	2
Diethylhexylcyclohexane	1
Diethyllutidinate	1
Digenea Simplex Extract	1
Diglucosyl Gallic Acid	64
Diglycerin	337
Diglycerine	1
Diglycerol	1
Diglyceryl Adipate/Caprate/Caprylate/Hydroxystearate/Isostearate/Stearate	3
Diglyceryl Sebacate/Isopalmitate	1
Diheptyl Succinate	260
Diheptyl Succinate And Capryloyl Glycerin/Sebacic Acid Copolymer	4
Dihydroavenanthramide D	1
Dihydrocholeth-30	2
Dihydromyricetin	5
Dihydroxacetone	1
Dihydroxy Methylchromone	20
Dihydroxyacetone	95
Dihydroxyethyl Cocamine Oxide	1
Dihydroxyethyl Stearyl Glycinate	2
Dihydroxyisopropyl Capryloylcaprylamide	3
Dihydroxymethylchromone	2
Dihydroxymethylimidazolidinyl Urea	2
Dihydroxypropyl Arginine Hcl	5
Dihydroxypropyl PEG-5 Linoleammonium Chloride	5
Dihydroxypropyltrimonium Chloride	13
Diilsopropanolamine	1
Diimidazolidinyl Urea	1
Diiostearyl Malate	7
Diisobutyl Adipate	22
Diisodecyl Adipate	3
Diisooctyl Succinate	8
Diisopropanolamine	3
Diisopropyl Adipate	98
Diisopropyl Debacate	31
Diisopropyl Dimer Dilinoleate	40
Diisopropyl Sebacate	101
Diisostearoyl Polyglyceryl-3 Dimer Dilinoleate	28
Diisostearyl Adipate	1
Diisostearyl Dimer Dilinoleate	8
Diisostearyl Malate	647
Dilauryl CITRATE	6
Dilauryl Thiodipropionate	29
Dilinoleic Acid/Butanediol Copolymer	71
Dilinoleic Acid/Propanediol Copolymer	31
Dilinoleic Acid/Propanediol/Pdi Crosspolymer	3
Dilsea Carnosa Extract	1
Dim	3
Dimer Dilinoleate	3
Dimer Dilinoleyl Dimer Dilinoleate	72
Dimer Tripeptide-43	1
Dimethicol	1
Dimethiconal	6
Dimethicone	11787
Dimethicone / PEG-10 / 15 Crosspolymer	1
Dimethicone / PEG-10/15 Crosspolymer	2
Dimethicone / Vinyl Dimethicone Crosspolymer	10
Dimethicone 1%	8
Dimethicone 1.2%	10
Dimethicone 1.3%	7
Dimethicone 1.5%	4
Dimethicone 2%	2
Dimethicone 2.0%	2
Dimethicone 2.0% W/W	3
Dimethicone 20%	1
Dimethicone 200	1
Dimethicone 360	1
Dimethicone 5.0%	3
Dimethicone Copolymer	2
Dimethicone Copolymer Emulsion	1
Dimethicone Copolyol	25
Dimethicone Cross Polymer	7
Dimethicone Crosspolymer	1055
Dimethicone Crosspolymer-3	42
Dimethicone PEG-10/15 Crosspolymer	4
Dimethicone PEG-7 Cocoate	3
Dimethicone PEG-7 Isostearate	2
Dimethicone PEG-7 Phosphate	12
Dimethicone PEG-8 Beeswax	1
Dimethicone PEG-8 Laurate	1
Dimethicone PEG-8 MEADOWFOAMATE	13
Dimethicone PEG-8 Polyacrylate	2
Dimethicone PEG8 MEADOWFOAMATE	1
Dimethicone Propyl Pg-Betaine	13
Dimethicone Silylate	9
Dimethicone Vinyl Dimethicone Crosspolymer	7
Dimethicone/ Divinyldimethicone/Silsesquioxane Crosspolymer	1
Dimethicone/ PEG-10/15 Crosspolymer	5
Dimethicone/ Vinyl Dimethicone Crosspolymer	11
Dimethicone/ Vinyltrimethylsiloxysilicate Crosspolymer	3
Dimethicone/Bis-Isobutyl PPG 20 Crosspolymer	1
Dimethicone/Bis-Isobutyl PPG-20 Crosspolymer	24
Dimethicone/Divinyldimethicone/Silsesquioxane Crosspolymer	6
Dimethicone/Peg 10/15 Crosspolymer	2
Dimethicone/Peg-10/15 Cross Polymer	1
Dimethicone/Peg-10/15 Crosspolymer	259
Dimethicone/Peg-10/15Crosspolymer	1
Dimethicone/Phenyl Vinyl Dimethicone Crosspolymer	33
Dimethicone/Polyglycerin 3 Crosspolymer	1
Dimethicone/Polyglycerin-3 Crosspolymer	32
Dimethicone/Silsesquioxane Copolymer	2
Dimethicone/Vinal Dimethicone Crosspolymer	1
Dimethicone/Vinyl	2
Dimethicone/Vinyl Di-Methicone Crosspolymer	2
Dimethicone/Vinyl Dimenticone Crosspolymer	1
Dimethicone/Vinyl Dimethicone	2
Dimethicone/Vinyl Dimethicone Copolymer	1
Dimethicone/Vinyl Dimethicone Crosspolymer	753
Dimethicone/Vinyl Dimethicone Crosspoylmer	2
Dimethicone/Vinyl Dimethiconecrosspolymer	1
Dimethicone/Vinyldimethicone Crosspolymer	4
Dimethicone/Vinyltrimethylsiloxysilicate Crosspolymer	17
Dimethiconol	1769
Dimethiconol Beeswax	1
Dimethiconol Behenate	1
Dimethiconol Crosspolymer	5
Dimethiconol Cysteine	1
Dimethiconol Panthenol	1
Dimethiconol Stearate	2
Dimethiconol/Caprylyl Silsesquioxane/Silicate Crosspolymer	1
Dimethiconol/Propylsilsesquioxane/Silicate Crosspolymer	4
Dimethinconol	2
Dimethocone	1
Dimethoxytolyl Propylresorcinol	20
Dimethyl Capramide	12
Dimethyl Ether	3
Dimethyl Heptenal	13
Dimethyl Isosorbide	455
Dimethyl Lauramide Oleat	1
Dimethyl Lauramide/Myristamide	6
Dimethyl Lauramine	86
Dimethyl Lsosorbide	1
Dimethyl MEA	109
Dimethyl Myristamine	65
Dimethyl Oxobenzo Dioxasilane	4
Dimethyl Palmitamine	3
Dimethyl Phenethyl Acetate	17
Dimethyl Phenylbutanol	1
Dimethyl Silylate	5
Dimethyl Stearamine	7
Dimethyl Sulfone	126
Dimethyl Sulfoxide Usp	1
Dimethyl-Dibenzylidene Sorbitol	1
Dimethyl-Methoxy Chromanol	1
Dimethylacrylamide/Acrylic Acid/Polystyrene Ethyl Methacrylate	1
Dimethylacrylamide/Acrylic Acid/Polystyrene Ethyl Methacrylate Copolymer	6
Dimethylacrylamide/Sodium Acryloyldimethyltaurate Crosspolymer	16
Dimethylaminoethanol	9
Dimethylaminoethanol Bitartrate	8
Dimethylaminoethanol Tartrate	28
Dimethylaminopropylamine	1
Dimethylcyclosiloxane	1
Dimethyldibenzylidene Sorbitol	7
Dimethylethanolamine	1
Dimethylhydroxy Furanone	12
Dimethylimidazolidinone Rice Starch	10
Dimethylisosorbide	6
Dimethylmethoxy Chromanol	114
Dimethylmethoxy Chromanyl Palmitate	24
Dimethylpolysiloxane	2
Dimethylsilanol	2
Dimethylsilanol Hyaluronate	36
Dimethylsiloxane	1
Dimethyltolylamine	1
Dimeticone	6
Dimorpholinopyridazinone	1
Dioctyl Adipate	5
Dioctyl Dimethyl Ammonium Chloride	1
Dioctyl Sodium Sulfosuccinate	8
Dioctyl Succinate	4
Dioctyldodecanol Lauroyl Glutamate	2
Dioctyldodeceth-5 Lauroyl Glutamate	1
Dioctyldodecyl Dimer Dilinoleate	1
Dioctyldodecyl Fluoroheptyl CITRATE	3
Dioleyl Tocopheryl Methylsilanol	4
Dioscorea Batatas Extract	2
Dioscorea Batatas Root Extract	4
Dioscorea Composita Root Extract	1
Dioscorea Japonica Root Extract	62
Dioscorea Opposita Root Extract	5
Dioscorea Villas Root Extract	1
Dioscorea Villosa Extract / Wild Yam Root Extract	5
Dioscorea Villosa Extract/Wild Yam Root Extract	3
Dioscorea Villosa Root Extract	66
Dioscorea Villosa Root Extract / Wild Yam Root Extract	1
Dioscorea Villosa Root Extract*	3
Dioscorea Villosa Root Extract/Wild Yam Root Extract	2
Diosmin	1
Diosmine	1
Diospyros Kaki Calyx Extract	6
Diospyros Kaki Fruit Extract	9
Diospyros Kaki Leaf Extract	50
Diospyros Mespiliformis Leaf Extract	10
Dipalmitoyl Hydroxy-Proline	1
Dipalmitoyl Hydroxyproline	217
Dipalmitoylethyl Dimonium Chloride	1
Dipalmitoylethyl Hydroxyethylmonium Methosulfate	1
Dipascus Sylvestris Extract	1
Dipenaerythrityl Hexa C5-9 Acid Esters	1
Dipentaerythrity Tetrahydroxystearate/Tetraisostearate	1
Dipentaerythrityl Hexa C5-60 Acid Esters	1
Dipentaerythrityl Hexa C5-9 Acid Esters	37
Dipentaerythrityl Hexacapayl√Åtemexacaprate	1
Dipentaerythrityl Hexacaprylate	1
Dipentaerythrityl Hexacaprylate/ Hexacaprate	5
Dipentaerythrityl Hexacaprylate/Hexacaprate	64
Dipentaerythrityl Hexacaprylate/Hexacaprylate	1
Dipentaerythrityl Hexahydroxystearate	37
Dipentaerythrityl Hexahydroxystearate / Hexastearate / Hexarosinate	1
Dipentaerythrityl Hexahydroxystearate/ Hexastearate/Hexarosinate	2
Dipentaerythrityl Hexahydroxystearate/Hexastearate/Hexarosinate	29
Dipentaerythrityl Hexahydroxystearate/Stearate/Rosinate	2
Dipentaerythrityl Pentaisononanoate	11
Dipentaerythrityl Tetrabehenate/Polyhydroxystearate	5
Dipentaerythrityl Tetrahydroxystearate/Tetraisostearate	34
Dipentaerythrityl Tri-Polyhydroxystearate	32
Dipentaerythritylhexacaprylate/Hexacaprate	1
Dipentene	3
Dipentyaerythrityl Hexahydroxystearate/Hexastearate/Hexarosinate	1
Dipeptide	1
Dipeptide Diaminobutylroyl Benzylamide Diacetate	1
Dipeptide Diaminobutyroyl Benzylamide Diacetate	172
Dipeptide-10	1
Dipeptide-15	9
Dipeptide-2	175
Dipeptide-4	3
Dipeptide-58 D-Phenylalanyl Arginyl D-Tryptophyl Tetrapeptide-90 Amide	1
Dipeptide-6	1
Dipeptide-70 Hydroxyprolyl Tetrapeptide-106 Amidoethoxy Ethoxyacetic Acid	1
Diperyx Odorata Extract	1
Diphenyl Dimethicone	52
Diphenyl Dimethicone/Vinyl Diphenyl Dimethicone/Silsesquioxane Crosspolymer	1
Diphenylsiloxy Phenyl Trimethicone	117
Diphenylsiloxyphenyl Trimethicone	1
Diphetyl Succinate	1
Dipostassium Glycyrrhizate	1
Dipotassium Dihydrogen Phosphate	1
Dipotassium Edta	20
Dipotassium Glycrrhizate	1
Dipotassium Glycyrhizate	4
Dipotassium Glycyrrhizate	1568
Dipotassium Glycyrrhizinate	33
Dipotassium Glycyrrhizinate Extract	1
Dipotassium Hydrogen Phosphate	1
Dipotassium Phosphate	269
Dipropylen Glycol	1
Dipropylene Glycol	2558
Dipropylene Glycol Dibenzoate	15
Dipropylene Glycol Dicaprylate-Caprate	1
Dipropyleneglycol	8
Dipropylheptyl Carbonate	3
Diproylene Glycol	1
Dipsacus Sylvestris Extract	20
Dipterocarpus Turbinatus Balm Extract	1
Dipterocarpus Turbinatus Balsam Oil	2
Dipteryx Odorata Bean Extract	11
Dipteryx Odorata Seed Extract	25
Dipteryx Odorata Seed Oil	2
Direct Blue	1
Disdodium Phosphate	1
Disiloxane	65
Disodiium Edta	1
Disodium 2 Sulfolaurate	3
Disodium 2-Sulfolaurate	178
Disodium Acetyl Glucosamine Phosphate	46
Disodium Adenosine Triphosphate	30
Disodium Adenosine Tripsosphate	1
Disodium Ascorbyl Sulfate	1
Disodium Azelate	1
Disodium Bta	1
Disodium C12-14 Pareth-3 Sulfosuccinate	2
Disodium Capryloamphodiacetate	1
Disodium Capryloyl Glutamate	3
Disodium Carboxyethyl Siliconate	7
Disodium Cetearyl Sulfosuccinate	11
Disodium Chloride	1
Disodium CITRATE	1
Disodium Cocamido MEA-SULFOSUCCINATE	1
Disodium Cocamido Mipa Sulfosuccinate	1
Disodium Cocamido Mipa-Sulfosuccinate	3
Disodium Cocamphodiacetate	10
Disodium Coco-Glucoside CITRATE	31
Disodium Cocoamphoacetate	1
Disodium Cocoamphodiacetate	605
Disodium Cocoamphodipionate	2
Disodium Cocoamphodipropionate	24
Disodium Cococamphodiacetate	1
Disodium Cocoglucoside CITRATE	2
Disodium Cocomphodiacetate	1
Disodium Cocoyl Glutamate	258
Disodium Deceth-6 Sulfosuccinate	1
Disodium Dilinoleate	1
Disodium Distyrylbiphenyl Disulfonate	13
Disodium Ed Ta	2
Disodium Edetate	13
Disodium Edta	13686
Disodium Edta Copper	3
Disodium Edta Dihydrate	1
Disodium Edta-Copper	17
Disodium Etda	4
Disodium Ethylene Dicocamide PEG-15 Bisulfate	1
Disodium Ethylene Dicocamide PEG-15 Disulfate	25
Disodium Etidronate	1
Disodium Flavine Adenine Dinucleotide	1
Disodium Glycyrrhizate	1
Disodium Guanylate	1
Disodium Hydrogen Phosphate	1
Disodium Inosinate	1
Disodium Laurate Sulfosuccinate	1
Disodium Laureth Sulfosuccinate	919
Disodium Laureth Sulphosuccinate	1
Disodium Lauriminodipropionate	2
Disodium Lauriminodipropionate Tocopheryl Phosphate	2
Disodium Lauriminodipropionate Tocopheryl Phosphates	36
Disodium Lauroamphodiacetate	66
Disodium Lauroyl Sarcosinate	4
Disodium Lauryl Iminodiacetate	2
Disodium Lauryl Sulfosuccinate	124
Disodium Laurylglucosides Hydroxypropyl CITRATE	1
Disodium N-Cocoyl Glutamate	1
Disodium Nadh	7
Disodium Oleamido MEA Sulfosuccinate	1
Disodium Oleamido MEA-SULFOSUCCINATE	11
Disodium Oleamido Mipa-Sulfosuccinate	2
Disodium PEG-12 Dimethicone Sulfosuccinate	4
Disodium PEG-5 Laurylcitrate Sulfosuccinate	5
Disodium Phenyl Dibenzimidazole Tetrasulfonate	3
Disodium Phosphate	574
Disodium Ricinoleamido MEA-SULFOSUCCINATE	2
Disodium Rutinyl Disulfate	6
Disodium S-Phytyl Diglycoloylcysteine	3
Disodium Sebacoyl Bis-Lauramidolysine	3
Disodium Stearoyl Glutamate	99
Disodium Succinate	34
Disodium Tetramethylhexadecenyl Succinyl Cysteine	7
Disodium Tetrapropenyl Succinate	6
Disodium Uridine Phosphate	4
Disodiumedta	8
Disodiumstearoyl Glutamate	1
Disoidum Edta	2
Disopropyl Adipate	2
Disopropyl Dimer Dilinoleate	3
Disosium Edta	1
Disostearoyl Polyglyceryl-3 Dimer Dilinoleate	3
Disostearyl Malate	27
Disosteayl Malate	1
Disoyamine	1
Dispacus Sylvestris Extract	2
Distarch Phosphate	143
Distearate-75 Ipdi	1
Disteardimonium Hectorite	607
Disteardimoniumhectorite	2
Disteareth 75 Ipdi	1
Disteareth-100 Ipdi	7
Disteareth-75 Ipda	1
Disteareth-75 Ipdi	58
Distearoylethyl Dimonium Chloride	4
Distearoylphosphatidylcholine	2
Distearyl Ether	8
Distearyl Phthalic Acid Amide	13
Distearyldimodium Chloride	3
Distearyldimonium Chloride	397
Distilled	1
Distilled Alcohol	1
Distilled Aqua	2
Distilled Certified Organic Extract Of Witch Hazel	3
Distilled Monoglyceride	2
Distilled Thermal Water	1
Distilled Water	114
Distilled Witch Hazel	3
Dithiaoctanediol	2
Diutan Gum	10
Divinyldimethicone	1
Divinyldimethicone/ Dimethicone Copolymer	4
Divinyldimethicone/Dimethicone Copolymer	26
Divinyldimethicone/Dimethicone Crosspolymer	7
Divinyldimethicone/Dimethicone/Phenylsilsesquioxane Crosspolymer	3
Dl Panthenol	8
Dl-Alpha Tocopherol	3
Dl-Alpha Tocopheryl Acetate	17
Dl-Alpha-Tocopherol	5
Dl-Alpha-Tocopheryl Acetate	2
Dl-Hexane-1, 2-Diol	1
Dl-Panthenol	26
Dl-Panthenol ‚Äì Provitamin B5	1
Dlive Oil	1
Dm Hydantoin	2
Dm Water	3
Dmae	11
Dmae Bitartrate	11
Dmdm	2
Dmdm Hydantoin	963
Dmdm Hydrantoin	2
Dmethicone	1
Dmom Hydantoin	2
Dmso	1
Dna	15
Docosahexaenoic Acid	13
Docosanol	1
Docusate Sodium	1
Dodecahydro-Tetramethylnaphthofuran	2
Dodecane	46
Dodecane Alkanes	1
Dodecene	3
Dodecyl Gallate	2
Dodecylbenzene Sulfonic Acid	1
Dodecylbenzyltrimonium Chloride	5
Dodecylhexadecanol	1
Dodonaea Viscosa Flower Extract	1
Dog Rosa Canina Oil	2
Dog Rose Hips Extract	1
Dolichos Biflorus Callus Extract	1
Dolichos Biflorus Leaf Cell Culture Extract	1
Dong Quai	1
Donkey Milk	10
Draba Nemorosa Extract	2
Dracaena Cambodiana Leaf Extract	1
Dragocalm	1
Dragon Blood Extract	1
Dragon Fruit Powder	1
Dragon'S Blood	1
Dried Calendula Flower	1
Dried Sweet Milk	1
Drometrizole Trisiloxane	26
Dromiceius Oil	1
Dromiceius/Huile D'Emeu/Emu Oil	1
Dryopteris Crassirhizoma Extract	1
Dulse Extract	2
Dunaliella Salina Extract	180
Dunaliella Salince Extract	2
Dunaliella Viridis	1
Durio Zibethinus Fruit Extract	2
Durvillaea Antarctica Extract	1
Durvillaea Potatorum Extract	1
Dye	6
E + Z-Oxacyclohexadec-12-En-2-One	5
Ecamsule	1
Echinacea	6
Echinacea Angustifolia Cell Culture Extract	1
Echinacea Angustifolia Extract	83
Echinacea Angustifolia Extract*	2
Echinacea Angustifolia Extract+	1
Echinacea Angustifolia Herb Extract	1
Echinacea Angustifolia Infusion*	1
Echinacea Angustifolia Leaf & Flower Oil	1
Echinacea Angustifolia Leaf Extract	6
Echinacea Angustifolia Meristem Cell Culture	7
Echinacea Angustifolia Meristem Cell Culture Extract	1
Echinacea Angustifolia Root Cell Cul Ture Extract	1
Echinacea Angustifolia Root Extract	17
Echinacea Angustifolia Stem Cell Culture	1
Echinacea Extract	2
Echinacea Flower Oil	1
Echinacea Leaf Extract	3
Echinacea Pallida Extract	2
Echinacea Pupurea Extract	1
Echinacea Purpurae Extract	1
Echinacea Purpurea	2
Echinacea Purpurea Extract	136
Echinacea Purpurea Flower Extract	2
Echinacea Purpurea Flower/Leaf/Stem Extract	5
Echinacea Purpurea Herb Powder	1
Echinacea Purpurea Root Extract	36
Echinacea Root	2
Echinacea Stem Cell Culture	6
Echinacea Stem Cell Extract	2
Echinacia Purpurea Extract	1
Echium Lycopsis Fruit Oil	2
Echium Lypcosis Fruit Oil	2
Echium Plantagineum Extract	1
Echium Plantagineum Seed Oil	66
Ecklonia Cava Extract	31
Eclipta Prostrata	6
Eclipta Prostrata Extract	186
Eclipta Prostrata Leaf Extract	34
Eco Harvest Melaleuca Alternifolia Leaf Oil	9
Eco-Harvest¬Æ Melaleuca Alternifolia Leaf Oil	2
Ectoin	276
Ectoine	1
Edelweiss Extract	2
Edelweiss Meristem Cell Culture	1
Edelweiss Stem Cells	2
Edetate Disodium	31
Edetate Disodium Dihydrate	1
Edetate Disodium Usp	5
Edetate Sodium	1
Edetate Tetrasodium	1
Edible Coconut Oil	2
Edipta Prostrate Extract	1
Edta	223
Edta Disodium	7
Edta-2Na	4
Egf	13
Egg Oil	2
Egg Shell Membrane Extract	4
Egg Yolk Extract	9
Eggplant Extract	2
Eggplant Fruit Extract	4
Egyptian Myrrh Essential Oil	1
Ehtylhexylglycerin	9
Eicosane	1
Eicosapentaenoic Acid	6
Eisenia Arborea Extract	3
Elaeagnus Angustifolia Oil	1
Elaeis Guineenis Oil	4
Elaeis Guineensis	3
Elaeis Guineensis Acid	2
Elaeis Guineensis Butter	9
Elaeis Guineensis Fruit Oil	7
Elaeis Guineensis Kernal Oil	5
Elaeis Guineensis Kernel Oil	60
Elaeis Guineensis Oil	309
Elaeis Guineensis Oil / Palm Oil	5
Elaeis Guineensis Oil*	4
Elaeis Guineensis Oil/Elaeis Guineensis Oil	1
Elaeis Guineensis Oil/Palm Oil	1
Elaeis Guineensis Palm Kernel Oil	1
Elaeis Guineensis Saponified Oil	2
Elaeis Guneensis Oil	1
Elaesis Guineensis Kernel Oil	1
Elaesis Guineensis Oil	2
Elaesis Guineensis Oil*	1
Elastin	38
Elastin Amino Acids	3
Elastomer	4
Elder Flower	6
Elder Flower Extract	7
Elder Flowers	2
Elderberry Extract	3
Elderberry Flower Extract	4
Elderberry Fruit Extract	2
Elderflower Extract	1
Eleais Guineensis Oil	2
Electrolyzed Water	11
Elemi Oil	2
Elettaria Cardamomum	2
Elettaria Cardamomum Extract	1
Elettaria Cardamomum Miniscula Seed	1
Elettaria Cardamomum Oil	4
Elettaria Cardamomum Seed	4
Elettaria Cardamomum Seed Extract	47
Elettaria Cardamomum Seed Oil	62
Eleuthercoccus Senticosus Root Extract	2
Eleutherococcus Senticosus Root Extract	1
Eleutherococcus Senticosus Root Extract*	1
Ellagic Acid	14
Embelia Concinna Leaf Extract	1
Emblica Officinalis	20
Emblica Officinalis Extract	10
Emblica Officinalis Fruit	1
Emblica Officinalis Fruit Extract	58
Emblica Officinalis Fruit Oil	1
Emblica Officinalis Fruit Powder	7
Emblica Officinalis Oil	2
Emblica Officinalis Seed Extract	1
Emblica Officinalis Seed Oil	1
Emollient Oatmeal	1
Empetrum Nigrum Fruit Juice	4
Emu Oil	49
Emu Oil/Dromiceuis/Huile D'Emu	1
Emulsifying Wax	205
Emulsifying Wax Bp	1
Emulsifying Wax Nf	121
Emulthix	1
Enantia Chlorantha Bark Extract	48
Endonuclease	1
Engelhardtia Chrysolepis Leaf Extract	18
English Lavender Extract	1
English Lavender Oil	1
Enidermal Growth Factor	1
Ensulizole	26
Entada Phaseoloides Bark/Seed Extract	3
Enteromorpha Compressa Extract	41
Enzyme Lactoperoxidase	3
Enzymes	3
Eo Aromatherapy Blend Lavandula Angustifolia Oil	3
Eo Essential Oil Blend	16
Eo Essential Oil Blend CITRUS Aurantium Dulcis Peel Oil	1
Eo Essential Oil Blend CITRUS Medica Limonum Peel Oil	2
Eo Essential Oil Blend Lavandula Angustifolia Oil/Lavandula Hybrida Oil	2
Eo Organic Herb Blend	1
Eo Organic Herbal Blend	8
Eo Organic Herbal Blend Organic Aloe Barbadensis Leaf	2
Eo Organic Herbal Blend Organic Aloe Barbadensis Leaf Juice	13
Eperua Falcata Bark Extract	17
Epidermal Growth Factor	1
Epidermidibacterium Keratini Ferment Filtrate	3
Epigallocatechin Gallate	93
Epigallocatechin Gallate Extract	1
Epigallocatechin Gallatyl Glucoside	54
Epilobium Angustifolium Extract	48
Epilobium Angustifolium Extract-Epilobium Angustifolium Flower/Leaf/Stem Extract	5
Epilobium Angustifolium Flow-Er/Leaf/Stem Extract	1
Epilobium Angustifolium Flower/Leaf/Stem Extract	182
Epilobium Angustifolium Flower/Leal/Stem Extract	1
Epilobium Angustifolium Flower\Leaf\Stem Extract	10
Epilobium Angustifolium Leaf Extract	1
Epilobium Angustioflium Flower/Leaf/Stem Extract	1
Epilobium Fleischeri Extract	23
Epilobium Fleischeri Flower/Leaf/Stem Extract	15
Epimedium Sagittatum Leaf/Stem Extract	5
Epimedium Sagittatum Leaf/Stemextract	1
Epsom Salt	5
Equisetum	1
Equisetum Arvense	4
Equisetum Arvense Extract	277
Equisetum Arvense Leaf Extract	41
Equisetum Arvense Leaf Extract*	3
Equisetum Arvense Powder	2
Equisetum Extract	2
Equisetum Fluviatile	1
Equisetum Giganteum Extract	7
Equisetum Hiemale Extract	17
Equisetum Hyemale Extract	4
Equol	1
Eremophilia Longifolia Leaf Extract	1
Ergocalciferol	48
Ergocaliferol	5
Ergosterol	4
Ergothioneine	229
Eriobotrya Japonica Extract	6
Eriobotrya Japonica Leaf Extract	32
Eriobotyra Japonica Leaf Extract	1
Eriocephalus Punctualatus Oil	2
Eriocephalus Punctulatus Flower Oil	2
Eriocephalus Punctulatus Oil	3
Eriodictyon Californicum Flower/Leaf/Stem Extract	1
Eriodictyon Crassifolium Leaf Extract	1
Eriophorum Spissum Flower/Stem Extract	8
Eruca Sativa Leaf Extract	13
Eryngium Alpinum Flower Extract	22
Eryngium Maritimum Callus Culture Filtrate	15
Eryngium Maritimum Extract	15
Erythorbic Acid	14
Erythritol	272
Erythritol*	2
Erythrobic Acid	1
Erythrulose	53
Eschscholtzia Californica Leaf Cell Extract	9
Eschscholzia Californica Leaf Cell Extract	6
Escin	110
Esculin	2
Essence	5
Essence Of Jasmine	1
Essence Of Oatmeal	2
Essence Of Papaya	1
Essential Lemon Oil	1
Essential Minerals	2
Essential Oil	33
Essential Oil Blend	59
Essential Oil Fragrance Blend	8
Essential Oil Mentha Piperita Oil	1
Essential Oil Of Frankincense	3
Essential Oil Of Lavender	1
Essential Oil Of Lime	2
Essential Oil Of Neroli	2
Essential Oil Of Rose Otto	1
Essential Oil/Huile Essentielle	1
Essential Oils	141
Essential Oils / Natural Oils	1
Essential Oils Fragrance	1
Essential Oils Of Betula Lenta	1
Essential Oils Of CITRUS Sinenis	1
Essential Oils Of Geranium Rose	1
Essential Oils Of Lavender	4
Essential Oils Of Lemon	1
Essential Oils Of Lemongrass	1
Essential Oils Of Lime	1
Essential Oils Of Peppermint	4
Essential Oils Of Rose Indian	1
Essential Oils Of Sage	1
Essential Oils Of Spearmint	1
Essential Oils-Lavandin	2
Ester-C	2
Estradiol	2
Estriol	6
Ethanol	67
Ethanol 35%	1
Ethanol 62%	3
Ethanol*	1
Ethanolamine	29
Ethanone	1
Ether	1
Ethlhexylglycerin	5
Ethoxydiglycol	524
Ethoxydiglycol Oleate	1
Ethoxylate	1
Ethoxylated	1
Ethoxylated Phosphate Ester	1
Ethoxylated Sorbitan Ester	19
Ethoydiglycol	1
Ethyhexyl Glycerin	1
Ethyhexyl Methocycrylene	1
Ethyhexyl Methoxycinnamate	2
Ethyhexyl Methoxycrylene	2
Ethyhexyl Palmitate	2
Ethyhexyl Stearate	1
Ethyhexylglycerin	34
Ethyl 2,2-Dimethylhydrocinnamal	2
Ethyl 2-Methyl-1,3-Dioxolane-2-Acetate	1
Ethyl 2-Methylbutyrate	8
Ethyl Acetate	23
Ethyl Acetate Natural	2
Ethyl Acetoacetate	3
Ethyl Alcohol	46
Ethyl Alcohol Denat	1
Ethyl Ascorbic Acid	30
Ethyl Ascorbyl Ether	6
Ethyl Butyrate	8
Ethyl Cellulose	1
Ethyl CINNAMATE	3
Ethyl Cyanoacrylate	1
Ethyl Cyclohexyl Propionate	1
Ethyl Ester Of Pvm/Ma Copolymer	1
Ethyl Ferulate	46
Ethyl Glucoside	1
Ethyl Hempate	1
Ethyl Hexanediol	133
Ethyl Hexanoate	6
Ethyl Hexyl Glycerin	38
Ethyl Hexyl Glycerol	8
Ethyl Hexyl Palmitate	7
Ethyl Hexyl Stearate	1
Ethyl Hexylglycerin	12
Ethyl Hydroxypyrone	3
Ethyl Isovalerate	1
Ethyl Lactate	5
Ethyl Lactyl Retinoate	12
Ethyl Lauroyl Arginate Hci	3
Ethyl Lauroyl Arginate Hcl	31
Ethyl Linalool	16
Ethyl Linoleate	101
Ethyl Linolenate	22
Ethyl Macadamiate	106
Ethyl Menthane Carboxamide	29
Ethyl Methicone	1
Ethyl Methylphenylglycidate	2
Ethyl Oleate	54
Ethyl Olivate	15
Ethyl Palmate	15
Ethyl Palmate*	1
Ethyl Palmitate	15
Ethyl Paraben	4
Ethyl Perfluorobutyl Ether	4
Ethyl Perfluoroisobutyl Ether	2
Ethyl Phenylacetate	2
Ethyl Propionate	3
Ethyl Pyrrolidone	1
Ethyl Stearate	14
Ethyl Tafluprostamide	1
Ethyl Trimethylcyclopentene Butenol	2
Ethyl Trisiloxane	1
Ethyl Undecylenate	1
Ethyl Vanillin	41
Ethyl-Hexylglycerin	4
Ethylbisiminomethylguaiacol Manganese Chloride	39
Ethylbisminomethylgluaiacol Manganese Chloride	2
Ethylcellulose	79
Ethylehexyl Methoxycinnamate	1
Ethylene / Propylene / Styrene Copolymer	4
Ethylene Brassylate	133
Ethylene Distearamide	1
Ethylene Dodecanedioate	1
Ethylene Glycol	1
Ethylene Glycol Distearate	2
Ethylene Glycol Stearate	1
Ethylene Propylene Copolymer	1
Ethylene Propylene/Styrene Copolymer	3
Ethylene Va Copolymer	2
Ethylene/ Acrylic Acid Copolymer	4
Ethylene/ Propylene/ Styrene Copolymer	3
Ethylene/ Propylene/Styrene Copolymer	10
Ethylene/Acrylic Acid Copolymer	82
Ethylene/Methacrylate Copolymer	7
Ethylene/Propylene Copolymer	47
Ethylene/Propylene/ Styrene Copolymer	7
Ethylene/Propylene/Styrene Copolymer	349
Ethylene/Va Copolymer	45
Ethylenediamine	1
Ethylenediamine Disuccinate	3
Ethylenediamine Tetraacetate Tetrahydrate	1
Ethylenediamine/Hydrogenated Dimer Dilinoleate Copolymer Bis-Di-C14-18 Alkyl Amide	2
Ethylenediamine/Stearyl Dimer Dilinoleate Copolymer	2
Ethylenediaminetetraacetic Acid	3
Ethylexylglycerin	5
Ethylhe Xylglycerin	5
Ethylhexl Glycerin	2
Ethylhexlglycerin	11
Ethylhexlyglycerin	376
Ethylhexy Palmitate	2
Ethylhexyglycerin	61
Ethylhexyl Benzoate	1
Ethylhexyl Cocoate	76
Ethylhexyl Cyclohexyl Urea	2
Ethylhexyl Dimethyl Paba	2
Ethylhexyl Dodecanol	3
Ethylhexyl Glycerin	138
Ethylhexyl Glycerine	3
Ethylhexyl Hydroxystearate	104
Ethylhexyl Isononanoate	176
Ethylhexyl Isopalmitate	2
Ethylhexyl Isopalmitate 8%	1
Ethylhexyl Isostearate	2
Ethylhexyl Methoxicinnamate	1
Ethylhexyl Methoxycinnamate	438
Ethylhexyl Methoxycinnamate 7.5%	1
Ethylhexyl Methoxycinnamate/Octinoxate	9
Ethylhexyl Methoxycrylene	62
Ethylhexyl Oleate	1
Ethylhexyl Olivate	137
Ethylhexyl P-Methoxycinnamate	1
Ethylhexyl Paimitate	1
Ethylhexyl Palmitate	1899
Ethylhexyl Pelargonate	7
Ethylhexyl Perlargonate	2
Ethylhexyl Polyhydroxystearate	23
Ethylhexyl Salicylate	251
Ethylhexyl Stearate	341
Ethylhexyl Traizone	1
Ethylhexyl Triazone	105
Ethylhexyl-Glycerin	3
Ethylhexylglyceri	2
Ethylhexylglycerin	12862
Ethylhexylglycerine	8
Ethylhexylglycern	3
Ethylhexylglycerol	2
Ethylhexylglyercin	1
Ethylhexylglyerin	3
Ethylhexylgylcerin	6
Ethylhexylhydroxystearate	2
Ethylhexylmethoxycinnamate	6
Ethylhexyloxyglycerin	2
Ethylhexylpalmitate	2
Ethylhexylyglycerin	1
Ethylheyxlglycerin	2
Ethylheyxylglycerin	1
Ethylparaben	872
Ethylsilanol/Silicate Crosspolymer	1
Ethylxeylglycerin	1
Ethyoxdiglycol	1
Ethythexylglycerin	4
Etidronic Acid	101
Etlingera Elatior Flower Extract	7
Eucalyptol	16
Eucalyptus	5
Eucalyptus Alba Leaf Extract	1
Eucalyptus CITRIODORA Leaf Extract	1
Eucalyptus CITRIODORA Oil	12
Eucalyptus Dives Leaf Oil	2
Eucalyptus Dives Oil	1
Eucalyptus Essential Oil	21
Eucalyptus Essential Oils	1
Eucalyptus Extract	2
Eucalyptus Globules Leaf Oil	1
Eucalyptus Globulous Essential Oil	1
Eucalyptus Globulous Leaf Oil	1
Eucalyptus Globulus	15
Eucalyptus Globulus Essential Oil	2
Eucalyptus Globulus Extract	2
Eucalyptus Globulus Leaf	6
Eucalyptus Globulus Leaf Extract	162
Eucalyptus Globulus Leaf Oil	601
Eucalyptus Globulus Leaf Oil*	15
Eucalyptus Globulus Leaf Powder	8
Eucalyptus Globulus Leaf Water	2
Eucalyptus Globulus Leaf/Twig Oil	5
Eucalyptus Globulus Oil	55
Eucalyptus Globulus Oil / Eucalyptus Globulus Leaf Oil	2
Eucalyptus Globulus/ Eucalyptus Globulus Leaf Oil	2
Eucalyptus Globus Leaf Oil	2
Eucalyptus Globus Oil	1
Eucalyptus Leaf Extract	2
Eucalyptus Leaf Oil	6
Eucalyptus Oil	45
Eucalyptus Olida Leaf Extract	2
Eucalyptus Radiata Flower/Leaf/Stem Oil	1
Eucalyptus Radiata Leaf Oil	1
Eucalyptus Radiata Leaf Oil*	1
Eucalyptus Radiata Oil	1
Eucalyptus Staigeriana Branch/Leaf Oil	1
Eucalyptus Staigeriana Oil	1
Eucheuma Serra/Grateloupia Sparsa/Saccharina Angustata/Ulva Linza/Undaria Pinnatifida Extract	8
Eucheuma Spinosum Extract	2
Eucommia Ulmoides Leaf Extract	2
Eugena Caryophyllus Leaf Oil	2
Eugenia Caryophyllata Bud Oil	2
Eugenia Caryophyllata Essential Oil	7
Eugenia Caryophyllata Flower Oil	1
Eugenia Caryophyllus	2
Eugenia Caryophyllus Bud	1
Eugenia Caryophyllus Bud & Leaf Powder	1
Eugenia Caryophyllus Bud Extract	2
Eugenia Caryophyllus Bud Oil	41
Eugenia Caryophyllus Bud Powder	1
Eugenia Caryophyllus Flower	3
Eugenia Caryophyllus Flower Extract	98
Eugenia Caryophyllus Flower Oil	37
Eugenia Caryophyllus Flower Powder	2
Eugenia Caryophyllus Leaf Oil	132
Eugenia Caryophyllus Leaf/Flower Oil	1
Eugenia Caryophyllus Oil	7
Eugenia Caryphyllus Flower Oil	1
Eugenia Cumini Leaf Extract	1
Eugenia Uniflora Leaf Extract	1
Eugenol	1077
Eugenol*	4
Eugenyl Acetate	1
Euglena Gracilis Extract	13
Euglena Gracilis Polysaccharide	16
Eupatorium Rebaudiana Bertoni Leaf Extract	10
Eupatorium Rebaudianum Bertoni	5
Euphora Cerifera Wax	2
Euphorbia Antisphllitica Wax	2
Euphorbia Antisyphilitica Wax	2
Euphorbia Antisyphillitica Wax	2
Euphorbia Cenifera Wax	1
Euphorbia Cerifera	5
Euphorbia Cerifera *	1
Euphorbia Cerifera Cera	72
Euphorbia Cerifera Cera Wax	3
Euphorbia Cerifera Cera/Euphorbia Cerifera Wax	6
Euphorbia Cerifera Wax	355
Euphorbia Cerifera Wax / Euphorbia Cerifera Cera / CIRE De Candelilla	17
Euphorbia Cerifera Wax Candelilla Cera	3
Euphorbia Cerifera Wax/ Candelilla Cera/ CIRE De Candelilla	1
Euphorbia Cerifera Wax/Candelilla Cera	3
Euphorbia Cerifera Wax/Candelilla Cera Hydrocarbons/ CIRE De Candelilla	1
Euphorbia Cerifera Wax/Candelilla Cera Hydrocarbons/Cire De	4
Euphorbia Cerifera Wax/Candelilla Cera Hydrocarbons/Cire De Candelilla	4
Euphorbia Cerifera Wax/Candelilla Cera/Cire De Candelilla	24
Euphorbia Cerifera Wax/Cire De Candelilla	14
Euphorbia Cerifera Wax/Euphorbia Cerifera Cera	2
Euphorbia Cerifera Wax/Euphorbia Cerifera Cera/Cire De Candelilla	7
Euphorbia Cerifera Wax\Candelilla Cera	1
Euphorbia Cerifera Wax\Candelilla Cera\Cire De Candelilla	17
Euphoriae Extract	2
Euphrasia Extract	1
Euphrasia Officinalis	1
Euphrasia Officinalis Extract	98
Euphrasia Officinalis Extract*	1
Euphrasia Officinalis Extract¬≥	1
Euphrasia Officinalis Leaf And Stem Extract	1
Euphrasis Officinalis Extract	2
Euterpe Oleracea	9
Euterpe Oleracea Berry	14
Euterpe Oleracea Berry Juice	1
Euterpe Oleracea Extract	20
Euterpe Oleracea Fruit	3
Euterpe Oleracea Fruit Extract	354
Euterpe Oleracea Fruit Extract*	6
Euterpe Oleracea Fruit Oil	122
Euterpe Oleracea Fruit Oil*	1
Euterpe Oleracea Oil	4
Euterpe Oleracea Powder	3
Euterpe Oleracea Pulp Oil	17
Euterpe Oleracea Pulp Powder	7
Euterpe Oleracea Sterols	47
Eutrochium Purpureum	1
Euxyl Pe 9010	1
Evening Primrose	4
Evening Primrose Extract	4
Evening Primrose Oil	70
Evening Primrose Oil/Palm Oil Aminopropanediol Esters	10
Evening Primrose Seeds	2
Everlasting Extract	1
Everlasting Flower Absolute	2
Evernia Furfuacea Extract	1
Evernia Furfuracea Extract	10
Evernia Prunastri	3
Evernia Prunastri Extract	21
Evodia Rutaecarpa Extract	1
Evodia Rutaecarpa Fruit Extract	53
Expeller Pressed Apricot Kernel Oil	6
Expeller Pressed Refined Grapeseed Oil	1
Ext D&C Violet 2	7
Ext D&C Violet No.2	1
Ext Violet 2	34
Ext. D&C Violet 2	4
Ext. D&C Violet No. 2	9
Ext. D&C Violet No. 2 CI 60730	1
Ext. Viole 2	1
Ext. Violet 2	537
Ext. Yellow 7	2
Ext.Violet 2	2
External Violet 2	16
Extra Virgin Coconut Oil	16
Extra Virgin Cocos Nucifera Oil	1
Extra Virgin Olea Europaea Fruit Oil	3
Extra Virgin Olea Europaea Oil	2
Extra Virgin Olive Cold Pressed Oil	1
Extra Virgin Olive Fruit Oil	1
Extra Virgin Olive Oil	16
Extra Virgin Organic Coconut Oil	1
Extra-Virgin Olea Europaea Oil	1
Extract Of Arnica	2
Extract Of Orange	1
Extract Of Pellitory	1
Extract Of Sambucus	1
Extract Of Sugar Maple	1
Extract Of Sugarcane	1
Extracts Lonicera Caprifolium Flower	3
Extracts Of Arnica Montana Flower	2
Extracts Of Calendula	1
Extracts Of Calendula Officinalis Flower	1
Extracts Of Chamomile	1
Extracts Of Cucumber	1
Extracts Of Fragaria Vesca Fruit	2
Extracts Of Frankincense And Myrrh	5
Extracts Of Organic Rosmarinus Officinalis Leaf	1
Extracts Of Pumpkin	1
Extracts Of Punica Granatum	1
Extracts Of Rosemary	1
Extracts Of Rosmarinus Officinalis Leaf	2
Extracts Of Sambucus Nigra	1
Extracts Of Thymus Vulgaris Flower/Leaf	1
Exythyhexyl Glcerin	1
Eye Bright	1
Eyebright	2
Eyebright Extract	7
Eyeliss	1
Eyeseryl Solution B	1
Eysenhardtia Polystachya Wood Extract	3
F&Dc Yellow 5	2
Faex	54
Faex / Yeast Extract / Extrait De Levure	5
Faex Extract	22
Faex Extract / Yeast Extract	24
Faex Extract / Yeast Extract / Extrait De Levure	14
Faex Extract/Yeast Extract	17
Faex Extract/Yeast Extract/Extrait De Lavure	1
Faex Extract/Yeast Extract/Extrait De Levure	19
Faex/Yeast Extract/Extrait De Levure	14
Fagus Sylvatica Bud Extract	55
Fagus Sylvatica Extract	2
Fagus Sylvatica Extract/Fagus Sylvatica Bud Extract	3
Fair Trade Certified Theobroma Cacao Seed Butter	3
Fair Trade Cocoa Butter	3
Fair Trade Olive Oil	1
Fair Trade Organic Aloe Vera Gel	1
Fair Trade Organic Cocoa Butter	16
Fair Trade Organic Vanilla Pod Infusion	1
Fair Trade Palm	1
Fair Trade Palm Wax	6
Fair Trade Shea Butter	15
Farnesol	496
Farnesol*	7
Farnesyl Acetate	4
Fatty Acid Esters	6
Fatty Acid Ethoxylate	2
Fatty Acids	2
Fatty Acids C12-18	1
Fatty Acids Methyl Esters Ethoxylates	1
Fatty Alcohol Ethoxylates	1
Fd & C Blue # 1	1
Fd & C Blue No. 1	2
Fd & C Green No. 3	1
Fd & C Green No.3	1
Fd & C Red No 40	2
Fd & C Yellow # 5	1
Fd&C Blue #1	7
Fd&C Blue #1 Lake	1
Fd&C Blue 1	46
Fd&C Blue 1 Lake	5
Fd&C Blue N0.1	1
Fd&C Blue No 1	7
Fd&C Blue No 1 Aluminum Lake	1
Fd&C Blue No. 1	74
Fd&C Blue No. 1 CI 42090	5
Fd&C Blue No. 1 Lake	1
Fd&C Blue No.1	42
Fd&C Blue No.1 Al Lake	1
Fd&C Blue No.1 Aluminum Lake	1
Fd&C Colors	1
Fd&C Green 3	2
Fd&C Green N0.3	1
Fd&C Green No. 3	9
Fd&C Orange 4	3
Fd&C Red #40	4
Fd&C Red 21 Lake	2
Fd&C Red 33	10
Fd&C Red 4	19
Fd&C Red 40	41
Fd&C Red No 4	3
Fd&C Red No. 33	5
Fd&C Red No. 4	39
Fd&C Red No. 4 CI 14700	1
Fd&C Red No. 40	9
Fd&C Red No. 40 Aluminum Lake	1
Fd&C Red No. 40/Ci 16035	2
Fd&C Red No.4	46
Fd&C Red No.40	6
Fd&C Red No.40 Al Lake	2
Fd&C Red No.40 Lake	1
Fd&C Violet No. 4	1
Fd&C Yellow #5	8
Fd&C Yellow #6	5
Fd&C Yellow 10	3
Fd&C Yellow 5	32
Fd&C Yellow 5 Al Lake	2
Fd&C Yellow 5 Al. Lake	1
Fd&C Yellow 5 Aluminum Lake	3
Fd&C Yellow 5 CI 19140	1
Fd&C Yellow 6	5
Fd&C Yellow 6 Al Lake	1
Fd&C Yellow 6 Aluminum Lake	3
Fd&C Yellow No 5	1
Fd&C Yellow No 6	3
Fd&C Yellow No. 10	1
Fd&C Yellow No. 3	1
Fd&C Yellow No. 5	83
Fd&C Yellow No. 5 Aluminum Lake	4
Fd&C Yellow No. 5/Ci 19140	2
Fd&C Yellow No. 6	8
Fd&C Yellow No.5	66
Fd&C Yellow No.6	5
Fennel	4
Fennel Extract	2
Fennel Oil	2
Fennel Seed	1
Fennel Seed Extract	2
Fenugreek	4
Fenugreek Extract	1
Fenugreek Seed Powder	1
Ferbula Galbaniflua Resin Oil	1
Fermented Bamboo Water	1
Fermented Resveratrol Extract	3
Fermented Rice Water	1
Fermented Soy Extract	1
Fermented Soy Milk Liquid	1
Fermented Sugar	1
Ferocactus Wislizenii Extract	1
Ferric Ammonium Ferrocyanide	15
Ferric Chloride	1
Ferric CITRATE	1
Ferric Ferrocyanide	33
Ferric Ferrocyanide/Ci 77510	1
Ferric Hexapeptide-35	7
Ferrous Gluconate	1
Ferukic Acid	1
Ferula Assa Foetida Root Extract	4
Ferula Foetida Root Extract	1
Ferula Galbaniflua Resin Oil	58
Ferula Galbaniflua Resin Oil*	1
Ferulic Acid	387
Fetrolatum	1
Feverfew Extract	2
Fevillea Trilobata Seed Oil	1
Ffpa	1
Fhf Amaranth Extract	1
Fibroblast Growth Factor	1
Fibroin	1
Fibronectins	3
Ficin	6
Ficus Benghalensis Extract	1
Ficus Carcia Fruit Extract	2
Ficus Carica Extract	6
Ficus Carica Fruit Extract	123
Ficus Carica Fruit Extract/Ficus Carica Fruit Extract	2
Ficus Carica Fruit Powder	1
Ficus Carica Fruit/Leaf Extract	6
Ficus Lacor	1
Fig Fruit Extract	3
Filipendula Ulmaria Flower Extract	1
Filipendula Ulnaria Extract	2
Filtered Aqua	2
Filtered Spring Water	1
Filtered Water	25
Fine Grain Cane Sugar	1
Fine Pumice	1
Fine Sea Salt	4
Finger Lime Extract	1
Fir Leaf Oil	1
Fir Needle Oil	1
Fir Oil	1
Fir Oils	2
Fish Collagen	4
Fish Glycerides	1
Fish Oil	1
Fish Plasma Protein	1
Flame Of The Forest	1
Flavesone	1
Flavor	773
Flavor / Aroma	8
Flavor Oil	3
Flavor*	1
Flavor/Aroma	84
Flavor/Aromas	4
Flavoring	1
Flavors	51
Flavour	14
Flavour/Aroma	2
Flavours	1
Flax Seed Oil	18
Flaxseed	1
Floral Fragrance	1
Flower Essences	4
Flower Leaf Stem Extract	2
Flower Of Saggara Essential Oil	1
Fluorescent Brightener	1
Fluorphlogopite	13
Foaming Silk	1
Foeniculum Vulgare	2
Foeniculum Vulgare Dulce Oil	3
Foeniculum Vulgare Dulcis Oil	1
Foeniculum Vulgare Extract	8
Foeniculum Vulgare Fruit Extract	23
Foeniculum Vulgare Leaf	3
Foeniculum Vulgare Leaf Extract	3
Foeniculum Vulgare Oil	46
Foeniculum Vulgare Seed	1
Foeniculum Vulgare Seed Extract	35
Foeniculum Vulgare Var. Dulce Seed Oil	1
Folic Acid	128
Fomes Officinalis Extract	58
Food Grade Color	1
Food Grade Lard	5
Food Red 7	1
Formic Acid	9
Forms Of CIALIS	1
Forsythia Suspensa Fruit Extract	6
Fortunella Margarita Fruit Extract	2
Fossil Powder	1
Fouquieria Splendens Stem Extract	2
Fractionated Coconut Oil	44
Fragance	22
Fragaria Ananassa	2
Fragaria Ananassa Fruit Extract	40
Fragaria Ananassa Fruit Juice	12
Fragaria Ananassa Fruit Powder	2
Fragaria Ananassa Leaf Extract	1
Fragaria Ananassa Seed Extract	6
Fragaria Ananassa Seed Oil	41
Fragaria Ananassa Seed Oil/Fragaria Ananassa Seed Oil	2
Fragaria Chiloensis Ananassa Extract	2
Fragaria Chiloensis Fruit Extract	113
Fragaria Chiloensis Fruit Juice	5
Fragaria Chiloensis Juice	1
Fragaria Chiloensis Seed Oil	7
Fragaria Extract	1
Fragaria Veaca Fruit Extract	1
Fragaria Vesca	1
Fragaria Vesca Fruit	3
Fragaria Vesca Fruit Extract	123
Fragaria Vesca Fruit Extract*	2
Fragaria Vesca Fruit Extracts	2
Fragaria Vesca Juice	4
Fragaria Vesca Juice/Strawberry Juice	2
Fragaria Vesca Leaf Extract	8
Fragaria Vesca Seed	3
Fragaria Vesca Seed Oil	7
Fragaria Vesca Strawberry Fruit Extract	3
Fragranc	2
Fragrance	12517
Fragrance *	9
Fragrance / Parfum	253
Fragrance /Parfum	11
Fragrance Blend	2
Fragrance Blend With Plant Extracts	4
Fragrance Blend With Plant Extracts And/Or Essential Oils	11
Fragrance Farfum	1
Fragrance Fragrance	1
Fragrance Gardenia Extract	1
Fragrance Oil	36
Fragrance Oil Blend	3
Fragrance Oils	1
Fragrance Parfum	29
Fragrance Ranum	1
Fragrance*	3
Fragrance**	1
Fragrance+	4
Fragrance/ Parfum	44
Fragrance/Fragancia	3
Fragrance/Parfum	981
Fragrance/Parfum Oil	1
Fragrance/Parfum*	2
Fragrance/Parfume	3
Fragrance/Parrum	1
Fragrance/Perfume	4
Fragrance/Starch/Polyol	1
Fragrances	8
Fragrant Oil	2
Fragrant Oils	1
Fragrnce/Parfum	1
Frangipani Absolute	1
Frangipani Extract	4
Frangrance	3
Frangula Alnus Bark Extract	1
Frankincense	12
Frankincense & Myrrh Extract	1
Frankincense And Myrrh Extracts	1
Frankincense Essential Oil	26
Frankincense Gum Oil	3
Frankincense Oil	20
Frankincense Resin	2
Frapunica Granatum Seed Oil	1
Fraxinus Excelsior Bark Extract	25
Fraxinus Excelsior Wood Extract	1
Fraxinus Rhynchophylla Extract	2
Freesia Alba Flower Extract	5
Freesia Leaf Extracts	1
Freesia Refracta Extract	38
Freeze Dried Kelp	1
French Green Clay	7
French Pink Clay	5
French Red Clay	1
Fresh Aloe Gel	4
Fresh Coconut Infusion	1
Fresh Dove Orchid Extract	1
Fresh Goat Milk	2
Fresh Goat'S Milk	2
Fresh Grape Juice	1
Fresh Grapefruit Infusion	2
Fresh Iris Extract	3
Fresh Lemon Juice	1
Fresh Mango Juice	1
Fresh Orange Juice	4
Fresh Orange Peel Infusion	1
Fresh Organic Avocado	1
Fresh Organic Bananas	1
Fresh Organic Fair Trade Bananas	1
Fresh Organic Free Range Eggs	1
Fresh Organic Lemon Infusion	1
Fresh Organic Lemon Juice	4
Fresh Organic Lime Extracted In Vodka	1
Fresh Papaya Juice	2
Fresh Papaya Pulp	1
Fresh Pineapple Juice	7
Fresh Raspberry Juice	1
Fresh Rose Petals	1
Fresh Rose Petals Infusion	1
Fresh Tomato Pulp	1
Fresh Wheatgrass	2
Fresh Wheatgrass Juice	2
Freshwater Pearl Powder	1
Frgrance	3
Fridericia Chica Arrabidea Chica Extract	2
Fructan	31
Fructooligosaccharides	248
Fructose	386
Fructose Oligosaccharides	1
Fructosyl Cocoate/Olivate	3
Fruit Extract	1
Fruit Extracts	1
Fruit Stem Cells	42
Ft Olive Oil	1
Fucoidan	1
Fucose	7
Fucoxanthin	2
Fucus Algae Extract	1
Fucus Serratus Extract	10
Fucus Spiralis Extract	4
Fucus Spp Extract	1
Fucus Vesiculosis Extract	15
Fucus Vesiculosus	7
Fucus Vesiculosus Extract	290
Fucus Vesiculosus Powder	3
Fucus Vesiculous Extract	1
Full Spectrum Cannabis Sativa Seed Oil	3
Full Spectrum Hemp Extract	6
Full Spectrum Vitamin E	1
Fuller Earth/Solum Fullonum	1
Fuller'S Earth	1
Fullerenes	18
Fullers Earth	1
Fullersomes	1
Fuller‚Äôs Earth Clay	2
Fulvic Acid	13
Fulvic And Colloidal Mineral Solution	1
Fulvic Minerals	2
Fumaria Officinalis Extract	2
Fumaria Officinalis Flower/Leaf/Stem Extract	14
Fumaric Acid	23
Furcellaria Lumbricalis Extract	67
Furfuryl Palmitate	1
Fusanus Spicatus Kernel Oil	3
Fusanus Spicatus Oil	2
Fusanus Spicatus Wood Oil	44
Fuscoporia Obliqua	1
Fuscoporia Obliqua Extract	14
Fuscoporia Obliqua Sclerotium Extract	12
Fusel Wheat Bran/Straw Glycosides	11
Fusidium Coccineum Ferment Filtrate	1
Gadi Iecur Oil	1
Galactaric Acid	3
Galactoarabinan	191
Galactoarabinan Extract	3
Galactomyces Ferment Filtrate	85
Galactomyces Ferment Filtrate**	1
Galactooligosaccharides	4
Galactorarabinan	5
Galbanum Oil	2
Galium Aparine Extract	1
Galium Aparine Flowers	1
Gallic Acid	34
Galloyl Pentapeptide-33	1
Gallyl Glucoside	37
Gambhari	1
Gamma Aminobutyric Acid	4
Gamma Decalactone	6
Gamma Methyl Ionone	1
Gamma Nonalactone	9
Gamma Octalactone	17
Gamma Oryzanol	1
Gamma Polyglutamic Acid	1
Gamma Undecalactone	3
Gamma-Decalactone	19
Gamma-Dodecalactone	1
Gamma-Nonalactone	18
Gamma-Octalactone	4
Gamma-Undecalactone	18
Gamma-Valerolactone	1
Ganoderma Atrum Extract	1
Ganoderma Lucidum	4
Ganoderma Lucidum Extract	95
Ganoderma Lucidum Extract/Mushroom Extract	1
Ganoderma Lucidum Fruiting Body Extract	3
Ganoderma Lucidum Powder	1
Ganoderma Lucidum Stem Extract	32
Garcinia Cambogia Fruit Extract	14
Garcinia Indica	1
Garcinia Indica Butter	3
Garcinia Indica Seed Butter	62
Garcinia Livingstonei Seed Oil	3
Garcinia Mangostana Bark Extract	2
Garcinia Mangostana Extract	9
Garcinia Mangostana Fruit Extract	35
Garcinia Mangostana Fruit Juice	1
Garcinia Mangostana Fruit Powder	1
Garcinia Mangostana Peel	2
Garcinia Mangostana Peel Extract	52
Garcinia Mangostana Peel/Fruit Extract	1
Gardenia Extract	7
Gardenia Florida Extract	5
Gardenia Florida Flower Extract	3
Gardenia Florida Fruit Extract	151
Gardenia Florida Oil	4
Gardenia Fragrance	2
Gardenia Jaminoides Meristem Cell Culture	1
Gardenia Jasminoides Fruit Extract	24
Gardenia Jasminoides Meristem Cell Culture	10
Gardenia Jasminoides Oil	1
Gardenia Jasminoldes Fruit Extract	1
Gardenia Meristem Cell Culture	1
Gardenia Stem Cells	2
Gardenia Tahitensis Flower	19
Gardenia Tahitensis Flower Extract	58
Gardenia Tahitensis Oil	4
Gardenia Taitensis Flower	9
Gardenia Taitensis Flower Extract	51
Garlic	2
Garlic Extract	1
Garnet Powder	6
Gar√Ssinia Indica Seed Butter	1
Gastrodia Elata Root Extract	7
Gaultheria Fragrantissima Oil	1
Gaultheria Procumbens Essential Oil	4
Gaultheria Procumbens L	1
Gaultheria Procumbens Leaf Extract	32
Gaultheria Procumbens Leaf Oil	19
Gaultheria Procumbens Oil	2
Gaultheria Procumberis Oil	1
Gehun Seed 5.0%	1
Gelatin	119
Geldium Sesquipedale Extract	1
Gelidiela Acerosa Extract	1
Gelidiella Acerosa Extract	96
Gelidium Cartilagineum Extract	43
Gellan Gum	174
Gellidiela Acerosa Extract	18
Gellidiella Acerosa Extract	12
Genipa Americana Extract	1
Genipa Americana Fruit Extract	7
Genistein	28
Gentian Extract	2
Gentian Root Extract	2
Gentiana Acaulis Flower/Leaf Extract	1
Gentiana Lutea Extract	15
Gentiana Lutea Extract/Gentiana Lutea Root Extract	1
Gentiana Lutea Root Extract	119
Gentiana Macrophylla Extract	1
Gentiana Scabra Extract	1
Gentiana Scabra Root Extract	7
Gentiana Septemfida Flower/Leaf/Stem Extract	1
Genuine Zechstein Magnesium Chloride	4
Geogard Ultra	3
Geraniol	3976
Geraniol*	12
Geraniol¬≤	2
Geraniol‚Ä†	1
Geranium	4
Geranium Essential Oil	16
Geranium Extract	2
Geranium Flower Oil	1
Geranium Flower Water	1
Geranium Maculatum	1
Geranium Maculatum Essential Oil	1
Geranium Maculatum Extract	97
Geranium Maculatum Flower Oil	3
Geranium Maculatum Leaf Extract	1
Geranium Maculatum Oil	20
Geranium Maculatum Oils*	1
Geranium Maculatum Stem/Leaf/Flower Extract	1
Geranium Oil	820
Geranium Robertianum Extract	16
Geranium Thunbergii Extract	1
Geranium Thunbergii Flower/Leaf/Stem Extract	1
Geranoil	6
Geranyl Acetate	51
Geranylgeranone Gga	1
Geranylgeranylisopropanol	9
Gerianol	1
Germaben Ii	2
Germal	1
Germall	3
Germall Ii	1
Germall Plus	8
German Blue Chamomile Oil	2
German Chamomile Extract	1
German Chamomile Oil	1
Germinated Oryza Sativa Grain	1
Gernaiol	20
Ghatti Gum	1
Ghee	1
Giant Sea Kelp Extract	2
Gigartina Extract	1
Gigartina Skottsbergii Extract	11
Gigartina Stellata Extract	23
Gigartina Stellata/Kappaphycus Alvarezii Extract	6
Gilycolipids	1
Ginger	7
Ginger Essential Oil	2
Ginger Extract	5
Ginger Lily	1
Ginger Oil	3
Ginger Root	1
Ginger Root Extract	27
Gingko Bilboa Extract	1
Gingko Biloba Extract	4
Gingko Biloba Leaf Extract	15
Gingko Herbal Extract	1
Ginkgo Biloba	1
Ginkgo Biloba Extract	48
Ginkgo Biloba Extract / Ginkgo Biloba Leaf Extract	5
Ginkgo Biloba Extract/Ginkgo Biloba Leaf Extract	4
Ginkgo Biloba Leaf	2
Ginkgo Biloba Leaf Extract	328
Ginkgo Biloba Leaf Extract*	4
Ginkgo Biloba Nut Extract	17
Ginkgo Biloba/Ginkgo Biloba Extract	1
Ginkgo Extract	2
Ginkgo Leaf	2
Ginko Biloba Leaf Extract	3
Ginseng	6
Ginseng Extract	22
Ginseng Meristem Stem Cell	1
Ginseng Powder	1
Ginseng Radix Et Rhizoma Rubra Extract	2
Ginseng Root Extract	7
Ginsenosides	1
Giycerin	17
Giyceryl Stearate	5
Glabra Root Extract	1
Glabridin	7
Glacier Water	1
Glass Beads	1
Glaucine	10
Glaucium Flavum Leaf Extract	4
Glechoma Hederacea Extract	1
Gleditsia Triacanthos Seed Extract	22
Glicerin	3
Globularia Alypum Leaf Extract	32
Globularia Cordifolia Callus Culture Extract	65
Globularia Cordifolia Callus Extract	3
Globularia Cordifolia Ferment	1
Gloiopeltis Furcata Extract	2
Glucamannan	2
Glucamate Doe-120	1
Glucamine	1
Glucoheptonolactone	1
Glucolactone	1
Glucomannan	205
Glucomannan Extract	1
Gluconalactone	2
Gluconic Acid	77
Glucono Delta Lactone	16
Glucono-Delta-Lactone	3
Glucono-Lactone	7
Gluconobacter/Honey Ferment Filtrate	4
Gluconodeltalactone	4
Gluconolacton	2
Gluconolactone	1386
Gluconolactone1	1
Gluconoloctone	1
Glucoronic Acid	2
Glucosamine	11
Glucosamine Hci	41
Glucosamine Hcl	220
Glucosamine Hydrochloride	1
Glucosamine Sulfate	3
Glucose	1225
Glucose Oxidase	99
Glucose Polymers	1
Glucoside	4
Glucosyl Ceramide	15
Glucosyl Hespendin	1
Glucosyl Hesperidin	63
Glucosylceramide	1
Glucosylrutin	16
Glucuronic Acid	18
Glucuronolactone	8
Glutamic Acid	432
Glutamicacid	2
Glutamine	43
Glutamine Peptide	1
Glutamylamidoethyl Imidazole	24
Glutamylamidoethyl Indole	6
Glutaral	14
Glutaric Dialdehyde	1
Glutathione	328
Glyce Rin	2
Glycein	1
Glycel Stearate Se	1
Glycene Soja Oil	2
Glycenn	2
Glycereth 2 Cocoate	1
Glycereth 26	11
Glycereth-12	1
Glycereth-18	15
Glycereth-18 Ethylhexanoate	15
Glycereth-2 Cocoate	60
Glycereth-20	10
Glycereth-25 Pca Isostearate	36
Glycereth-26	747
Glycereth-4.5 Lactate	1
Glycereth-5 Lactate	5
Glycereth-6 Cocoate	1
Glycereth-7	29
Glycereth-7 Caprylate/Caprate	24
Glycereth-7 Coconate	1
Glycereth-7 Triacetate	22
Glycereth-7 Trimethyl Ether	8
Glycerides	13
Glyceril Stearate	3
Glycerin	34917
Glycerin Butylene Glycol	2
Glycerin Certified Organic	1
Glycerin Soja Oil/Soybean Oil	1
Glycerin Solution	9
Glycerin Stearate	7
Glycerin Usp	12
Glycerin Vegetable	3
Glycerin*	1
Glycerin/Oxybutylene Copolymer Stearyl Ether	1
Glycerine	268
Glycerine Bp	2
Glycerine Soja Oil	2
Glycerine Usp	1
Glycerinum	1
Glycerl Stearate	4
Glycern	4
Glycerol	77
Glycerol Caprylate	5
Glycerol Cocoate	5
Glycerol Monolaurate	2
Glycerol Monostearate	13
Glycerol Oleate	2
Glycerol Ricinoleate	2
Glycerol Stearate	17
Glycerol Stearate/Peg 100	5
Glycerol Stearic Acid	1
Glycerol Undecylenate	1
Glycerophosphoinositol Lysine	2
Glycerth-26	1
Glycery Stearate	25
Glyceryi Stearate	1
Glyceryl	22
Glyceryl Acrylate/ Acrylic Acid Copolymer	7
Glyceryl Acrylate/Acrylic Acid Copolymer	545
Glyceryl Adipate	4
Glyceryl Alcohol	1
Glyceryl Arachidonate	24
Glyceryl Ascorbate	9
Glyceryl Behenate	287
Glyceryl Behenate**	1
Glyceryl Behenate/ Eicosadioate	1
Glyceryl Behenate/Eicosadioate	53
Glyceryl Caprate	27
Glyceryl Caprylate	1847
Glyceryl Caprylate Caprate	1
Glyceryl Caprylate*	2
Glyceryl Caprylate**	1
Glyceryl Caprylate/Caprate	79
Glyceryl CITRATE/LACTATE/LINOLEATE/OLEATE	45
Glyceryl Cocoate	15
Glyceryl Dibehenate	52
Glyceryl Diethnoate	1
Glyceryl Diisostearate	16
Glyceryl Diisostearate/Hydrogenated Rosinate	2
Glyceryl Dilaurate	104
Glyceryl Dioleate	40
Glyceryl Dipalmitate	1
Glyceryl Distearate	51
Glyceryl Eicosanedioate	1
Glyceryl Esters	2
Glyceryl Ethylhexanoate/Stearate/Adipate	2
Glyceryl Gluconoside	1
Glyceryl Glucoside	299
Glyceryl Hydrogenated Rosinate	10
Glyceryl Hydroxystearate	34
Glyceryl Isostearate	49
Glyceryl Lanolate	3
Glyceryl Laurate	276
Glyceryl Laureate	3
Glyceryl Linoleate	146
Glyceryl Linolenate	73
Glyceryl Linolinate	1
Glyceryl Monocaprylate	2
Glyceryl Monolaurate	12
Glyceryl Monooleate	1
Glyceryl Monostearate	87
Glyceryl Monostearate Se	2
Glyceryl Monoundecylenate	2
Glyceryl Myristate	17
Glyceryl Oil	1
Glyceryl Oleate	745
Glyceryl Oleate CITRATE	56
Glyceryl Olerate	1
Glyceryl Olivate	11
Glyceryl Palmitate	19
Glyceryl Palmitate/Stearate	1
Glyceryl Polyacrylate	232
Glyceryl Polymethacrylate	332
Glyceryl Polymethacrylate Carbomer	1
Glyceryl Ricinoleate	11
Glyceryl Rosinate	39
Glyceryl Stea Rate Se	1
Glyceryl Stearate	9141
Glyceryl Stearate CITRATE	1013
Glyceryl Stearate PEG-100 Stearate	12
Glyceryl Stearate Se	2493
Glyceryl Stearate Se *	1
Glyceryl Stearate*	2
Glyceryl Stearate/Peg-100 Stearate	14
Glyceryl Stearate/Peg-40 Sorbitan Stearate/Potassium Cetyl Phosphate	1
Glyceryl Stearates	20
Glyceryl Stearatese	3
Glyceryl Stearote	1
Glyceryl Sterate	7
Glyceryl Sterate CITRATE	1
Glyceryl Sterate Se	6
Glyceryl Triacetyl Hydroxystearate	1
Glyceryl Triacetyl Ricinoleate	23
Glyceryl Tribehenate/Isostearate/Eicosandioate	2
Glyceryl Triethylhexanoate	1
Glyceryl Undecylenate	291
Glyceryl Undecylenate**	1
Glyceryl Undercylenate	1
Glycerylamidoethyl Methacrylate/Stearyl Methacrylate Copolymer	9
Glycerylstearate	6
Glyceyl Caprylate	1
Glycine	851
Glycine Derivative	1
Glycine Max Oil	10
Glycine Max Polypeptide	8
Glycine Max Seed Extract	47
Glycine Max Symbiosome Extract	4
Glycine Soja	18
Glycine Soja / Soybean Sterols	3
Glycine Soja Extract	151
Glycine Soja Flour	9
Glycine Soja Germ Extract	23
Glycine Soja Lipids	9
Glycine Soja MEAL	1
Glycine Soja Oi/Glycine Soja Oil	1
Glycine Soja Oil	1686
Glycine Soja Oil / Soybean Oil	45
Glycine Soja Oil Unsaponifiables	4
Glycine Soja Oil*	8
Glycine Soja Oil/Glycine Soja Oil	15
Glycine Soja Oil/Soybean Oil	39
Glycine Soja Peptide	12
Glycine Soja Phytoplacenta Extract	5
Glycine Soja Protein	234
Glycine Soja Protein / Soybean Protein	19
Glycine Soja Protein/Soybean Protein	12
Glycine Soja Seed Extract	206
Glycine Soja Seed Powder	1
Glycine Soja Sprout Extract	3
Glycine Soja Sterol	29
Glycine Soja Sterols	275
Glycine Soja Sterols*	1
Glycine Soja Wax	8
Glycine Soja/Glycine Soja Soybean Protein	1
Glycine Soja/Soybean Oil	3
Glycine Soje Oil	1
Glycine Sojo Bean Extract	4
Glycine Soya Oil	4
Glycine Soya Stearols	1
Glycine Soya Sterols	4
Glycine Soybean Oil	1
Glycogen	101
Glycol	33
Glycol Acid	2
Glycol Cetearate	12
Glycol Dimethacrylate Crosspolymer	2
Glycol Distearate	761
Glycol Monostearate	6
Glycol Monostearate S/E	1
Glycol Montanate	3
Glycol Palmitate	36
Glycol Stearate	755
Glycol Stearate Se	12
Glycol Trehalose	2
Glycolic Acid	1667
Glycolic Acid Copolymer	2
Glycolic Acid Polymer	2
Glycolipids	189
Glycolipids Sodium Hyaluronate	1
Glycoprotein	1
Glycoproteins	59
Glycosaminoglycans	70
Glycosphingolipids	137
Glycosyl Trehalose	104
Glycosylase	1
Glycrrhiza Glabra Extract	3
Glycrrhiza Glabra Root Extract	6
Glycyl Glycine	2
Glycynhiza Glabra Extract	1
Glycynhiza Glabra Root Extract	7
Glycyrhiza Glabra	1
Glycyrhiza Glabra Root Extract	10
Glycyrrhetinic Acid	158
Glycyrrhiza Glabra	15
Glycyrrhiza Glabra Extract	54
Glycyrrhiza Glabra Extract / Licorice Root Extract	2
Glycyrrhiza Glabra Leaf Extract	8
Glycyrrhiza Glabra Licorice Root Extract	4
Glycyrrhiza Glabra Oil	1
Glycyrrhiza Glabra Rhizome/Root	14
Glycyrrhiza Glabra Rhizome/Root Extract	6
Glycyrrhiza Glabra Root	14
Glycyrrhiza Glabra Root Extract	1398
Glycyrrhiza Glabra Root Extract*	7
Glycyrrhiza Glabra Root Extract/Licorice Root Extract	3
Glycyrrhiza Glabra Root Powder	1
Glycyrrhiza Glabra Root Water	2
Glycyrrhiza Glabra Stem Extract	3
Glycyrrhiza Glabra/Uralensis Root Extract	2
Glycyrrhiza Glabraroot Extract	2
Glycyrrhiza Inflata Root Extract	65
Glycyrrhiza Root Extract	3
Glycyrrhiza Uralensis Extract	4
Glycyrrhiza Uralensis Root Extract	90
Glycyrrhizaglabra Root Extract	1
Glycyrrhize Glabra Root Extract	3
Glycyrrhizic Acid	9
Glydant	1
Glydant Plus	1
Glyeryl Stearate	2
Glyoerin	2
Glyoxal	11
Glysine Soja Oil	1
Gmelina Arborea Root Extract	1
Gmen TEA Extract	1
Gmo-Free Matcha Green TEA Powder	1
Gmo-Free Ricinus Communis Oil	1
Gms-Se	1
Gms/Peg-100 Stearate	2
Gnaphalium Leontopodium Flower Extract	5
Goat Butter Milk	1
Goat Milk	150
Goat Milk Extract	10
Goat Milk Powder	13
Goat'S Milk	35
Goat'S Milk Base	2
Goat'S Milk Powder	53
Goats Milk	7
Goats Milk Extract	1
Goat‚Äôs Milk	3
Goji Berry	12
Goji Berry Extract	5
Goji Berry Fruit Extract	2
Goji Berry Juice	2
Goji Berry Julce	1
Goji Extract	3
Goji Fruit Extract	1
Gokshura	1
Gold	231
Gold Powder	1
Golden Apple Extract	1
Golden Jojoba Oil	3
Golden Seal Root Extract	3
Goldenseal	2
Gondoic Acid	2
Gorgonian Sea Whip Extract	1
Gossypium Herbaceum	9
Gossypium Herbaceum Callus Culture	1
Gossypium Herbaceum Extract	15
Gossypium Herbaceum Flower Extract	18
Gossypium Herbaceum Fruit Water	4
Gossypium Herbaceum Powder	1
Gossypium Herbaceum Root Extract	5
Gossypium Herbaceum Seed Extract	25
Gossypium Herbaceum Seed Oil	131
Gossypium Hirsutum Extract	5
Gossypium Hirsutum Seed Oil	2
Gota Kola Extract	1
Gotu Kola	16
Gotu Kola Cell Culture Extract	1
Gotu Kola Extract	16
Gotu Kola Extract*	1
Gotu Kola Herb	1
Gotu Kola Leaf Extract	1
Graham Flour	1
Grain Alcohol	13
Grape	2
Grape Extract	2
Grape Fruit Extract	5
Grape Juice	1
Grape Leaf Extract	1
Grape Seed	1
Grape Seed Extract	1
Grape Seed Mask	1
Grape Seed Oil	66
Grape Skin Extract	1
Grape Stem Cell	1
Grape Stem Cell Culture	1
Grapefruit	14
Grapefruit Essential Oil	16
Grapefruit Essential Oil Blend	1
Grapefruit Extract	7
Grapefruit Juice	5
Grapefruit Mercaptan	1
Grapefruit Oil	21
Grapefruit Oil Terpenes	1
Grapefruit Peel Extract	2
Grapefruit Peel Oil	1
Grapefruit Pink Essential Oil	1
Grapefruit Seed	1
Grapefruit Seed Extract	21
Grapefruit Seed Oil	2
Grapes	1
Grapes Stem Cells	1
Grapeseed Butter	1
Grapeseed Extract	4
Grapeseed Oil	86
Grass Fed Tallow	1
Grass-Fed And Finished Pasture-Raised Beef Suet Tallow	2
Grass-Fed Beef Tallow	24
Grass-Fed Goat'S Milk	1
Grass-Fed Irish Beef Tallow	4
Grass-Fed Tallow	4
Grassfed Goat'S Milk	3
Gratissima Oil	2
Graveolens Flower Oil	1
Great Burnet Root Extract	1
Greek Yogurt Extract	1
Greek Yogurt Powder	1
Green #5	1
Green 3	163
Green 3 / C.I. 42053	1
Green 3 CI 42053	1
Green 5	205
Green 5/Ci 61570	1
Green 6	31
Green 6Ci 61565	1
Green 7	1
Green 8	12
Green Algae Extract	1
Green Apple Extract	1
Green Cardamom	1
Green Caviar Extract	1
Green Clay	8
Green Coffee	2
Green Coffee Bean Extract	4
Green Coffee Bean Oil	2
Green Coffee Extract	2
Green Coffee Seed	1
Green No. 3	1
Green No. 5	1
Green Papaya Enzyme	1
Green Sea Clay	1
Green TEA	40
Green TEA Extract	98
Green TEA Leaf	5
Green TEA Leaf Extract	42
Green TEA Oil	1
Green TEA Polyphenols	2
Green TEA Powder	1
Green TEA Seed Oil	2
Grevillea Speciosa Flower Extract	3
Griffonia Simplicifolia Seed Extract	6
Grifola Frondosa Extract	5
Grifola Frondosa Fruiting Body Extract	7
Grindelia Robusta Extract	1
Grit Kumari	1
Grlyceryl Stearate	1
Ground Aduki Beans	4
Ground Almonds	3
Ground Cardamom	2
Ground Coffee	4
Ground Lavender	1
Ground Oatmeal	2
Ground Oats	1
Ground Organic Aduki Beans	1
Ground Pumice	1
Ground Turmeric	1
Ground Vanilla Vine	1
Ground White Rice	1
Guaiac Extract	4
Guaiacum Official Wood Extract	1
Guaiacum Officinale Wood Extract	1
Guaiacum Officinale Wood Oil	11
Guaiacwood Oil	1
Guaiazolene	1
Guaiazulene	29
Gualtheria Procumbens Oil	1
Guanidine Carbonate	2
Guanidine Hci	2
Guanidine Hcl	8
Guanine	3
Guanosine	15
Guar Gum	45
Guar Hydropropyltrimonium Chloride	1
Guar Hydroxypropyl Trimonium Chloride	2
Guar Hydroxypropyltrimoni-Um Chloride	1
Guar Hydroxypropyltrimonium	3
Guar Hydroxypropyltrimonium Chloride	711
Guar Hydroypropyltrimonium Chloride	1
Guarana Extract	1
Guarhydroxypropyltrimonium Chloride	1
Guava	1
Guava Fruit Extract	2
Guava Juice	1
Guduchi Stem	1
Guiazulene	1
Gulab Ark	1
Gum	4
Gum Arabic	8
Gum Balsam Peru	1
Gum Benzoin Tincture	3
Gum-1	1
Gycerin	17
Gylcerin	6
Gylceryl Stearate	2
Gylceryl Stearate Se	1
Gylcyrrhiza Glabra Root Extract	2
Gymnema Sylvestre Leaf Extract	6
Gynostemma Pentaphyllum	1
Gynostemma Pentaphyllum Extract	16
Gynostemma Pentaphyllum Leaf Extract	7
Gynostemma Pentaphyllum Leaf/Stem Extract	5
Gypsophila Paniculata Root Extract	19
Haberlea Rhodopensis Leaf Extract	21
Hadasei-3	1
Haematococcus Pluvialis	3
Haematococcus Pluvialis Algal Extract	8
Haematococcus Pluvialis Extract	136
Haematococcus Pluvialis Oil	4
Haematococcus Pluvialis Powder	4
Haematococcus Pluvialis/Haematococcus Pluvialis Extract	3
Hakka Yu	1
Halidrys Siliquosa Extract	2
Haloxyl	2
Hamamelis Extract	1
Hamamelis Hydrosol	1
Hamamelis Virgiana Extract	2
Hamamelis Virginana Extract	1
Hamamelis Virginana Leaf Extract	1
Hamamelis Virginana Water	1
Hamamelis Virginia Bark/Leaf/Twig Extract	1
Hamamelis Virginia Extract	4
Hamamelis Virginiana	97
Hamamelis Virginiana Bark Extract	3
Hamamelis Virginiana Bark/Leaf Extract	12
Hamamelis Virginiana Bark/Leaf/Twig Extract	285
Hamamelis Virginiana Bark/Twig Extract	2
Hamamelis Virginiana Distillate	6
Hamamelis Virginiana Extract	351
Hamamelis Virginiana Extract*	11
Hamamelis Virginiana Extract/Leaf Extract	2
Hamamelis Virginiana Flower + Leaf Distillate	1
Hamamelis Virginiana Flower Water	16
Hamamelis Virginiana Hydrosol*	2
Hamamelis Virginiana Leaf Extract	176
Hamamelis Virginiana Leaf Oil	1
Hamamelis Virginiana Leaf Water	71
Hamamelis Virginiana Leaf Water/Alcohol	1
Hamamelis Virginiana Leaf Water/Witch Hazel Leaf Water	7
Hamamelis Virginiana Pulp Water	1
Hamamelis Virginiana Water	860
Hamamelis Virginiana Water/Witch Hazel Water	8
Hamamelis Virginiana Witch	2
Hamamelis Virginiana Witch Hazel Extract	1
Hamamelis Virginianaextract	4
Hamamelisvirginiana Leaf Extract	1
Hamelia Patens Extract	2
Hammamelis Virginiana Extract	3
Hammamelis Virginiana Water	2
Hammelis Virginiana Water	2
Hand Harvested Sea Salt	1
Hansa Yellow	1
Hansenula/Kloeckera/Lactobacillus/ Lactococcus/Leuconostoc/Pediococcus/Saccharomyces/Fig/Lemon Ferment	4
Haritaki	1
Haritaki Fruit Powder	1
Harmonized Water	1
Harpagophytum Procumbens Root Extract	7
Harungana Madagascariensis Extract	35
Haslea Ostrearia Extract	4
Hawaiian Algae	1
Hawaiian Beeswax	2
Hawaiian Blue Green Algae	1
Hawaiian Hydrosols	1
Hawaiian Kukui Nut Oil	1
Hawaiian Macadamia Nut Oil	3
Hawaiian Purified Water	1
Hawaiian Seaplant Extract	1
Hawthorn Berry	1
Hawthorn Berry Juice	3
Hawthorn Extract	1
Hawthorne Berry	1
Hazel Seed Oil	3
Hazel Seed Oil Polyglyceryl-6 Esters	1
Hazelnut Oil	4
Hazelnut Seed Oil*	1
Hbd3	2
Hc Blue 15	1
Hc Blue 2	1
Hc Red No. 1	1
Hc Yellow No. 4	1
Hd/Trimethylol Hexyllactone Crosspolymer	1
Hdi / Trimethylol Hexyllactone Crosspolymer	1
Hdi Trimethol Hexyllactone Crosspolymer	1
Hdi Trimethylol Hexyllactone Crosspolymer	1
Hdi/ Trimethylol Hexyllactone Crosspolymer	2
Hdi/Ppg/Polycaprolactone Crosspolymer	2
Hdi/Trimethylol Hexyllactone Crosspolymer	193
Heat Shock Proteins	5
Heavy Liquid Paraffin	2
Hectorite	71
Hectorite Clay	1
Hedera Helix	3
Hedera Helix Extract	95
Hedera Helix Extract-Ivy Leaf/Stem Extract	5
Hedera Helix Extract/Hedera Helix	2
Hedera Helix Leaf Extract	22
Hedera Helix Leaf/Stem Extract	66
Hedp	3
Hedra Helix Extract	1
Hedychium Coronarium Extract	2
Hedychium Coronarium Flower/Leaf/Stem Extract	4
Hedychium Coronarium Root Extract	62
Hedychium Oil	1
Hedychium Spicatum Extract	10
Heilmoor Clay	6
Helanthus Annuus Seed Oil	6
Helianthas Anndus Seed Oil**	3
Helianthus Annus	4
Helianthus Annus Oil	7
Helianthus Annus Seed Extract	1
Helianthus Annus Seed Oil	67
Helianthus Annus Seed Wax	11
Helianthus Annus Sunflower Seed Oil	1
Helianthus Annuss Seed Oil	4
Helianthus Annuus	45
Helianthus Annuus *	4
Helianthus Annuus Cera Seed	13
Helianthus Annuus Extract	345
Helianthus Annuus Extract/Sunflower Extract	1
Helianthus Annuus Flower Extract	12
Helianthus Annuus Hybrid Oil	54
Helianthus Annuus Hybrid Oil/Helianthus Annuus Seed Oil	2
Helianthus Annuus Leaf/Stem Extract	5
Helianthus Annuus Oil	101
Helianthus Annuus Oil*	5
Helianthus Annuus Oils	2
Helianthus Annuus Petal Extract	3
Helianthus Annuus See Oil	1
Helianthus Annuus Seed	5
Helianthus Annuus Seed Cake	8
Helianthus Annuus Seed Cepa Seed Wax	1
Helianthus Annuus Seed Cera	29
Helianthus Annuus Seed Cera / Sunflower Seed Wax	20
Helianthus Annuus Seed Cera/Helianthus Annuus Seed Wax	6
Helianthus Annuus Seed Cera/Sunflower Seed Wax	7
Helianthus Annuus Seed Extract	150
Helianthus Annuus Seed Oil	5519
Helianthus Annuus Seed Oil / Helianthus Annuus Seed Oil	19
Helianthus Annuus Seed Oil / Sunflower Seed Oil	56
Helianthus Annuus Seed Oil Or Glycine Soja Oil	6
Helianthus Annuus Seed Oil Seed Oil	6
Helianthus Annuus Seed Oil Unsaponifables	2
Helianthus Annuus Seed Oil Unsaponifiables	116
Helianthus Annuus Seed Oil Unsaponifiables / Sunflower Seed Oil Unsaponifiables	2
Helianthus Annuus Seed Oil Unsaponifiables/Sunflower Seed Oil Unsaponifiables	13
Helianthus Annuus Seed Oil*	44
Helianthus Annuus Seed Oil**	7
Helianthus Annuus Seed Oil/ Helianthus Annuus Seed Oil	1
Helianthus Annuus Seed Oil/Helianthus Annuus Seed Oil	36
Helianthus Annuus Seed Oil/Sunflower Seed Oil	36
Helianthus Annuus Seed Ol	3
Helianthus Annuus Seed Wax	499
Helianthus Annuus Seed Wax/Helianthus Annuus Seed Wax	3
Helianthus Annuus Seedcake	196
Helianthus Annuus Seedwax	2
Helianthus Annuus Sprout Extract	31
Helianthus Annuus Sunflower Seed Oil	21
Helianthus Annuus Wax	3
Helianthus Annuus ‚Ä†	1
Helianthus Annuus/Sunflower Seed Oil Unsaponifiables	2
Helianthus Anuus Extract	5
Helianthus Anuus Seed Oil	7
Helianthus Tuberosus Root Extract	2
Helianthusannuus Seed Oil	2
Heliantus Annuus Seed	1
Helichrysum	5
Helichrysum Angustifolia Oil	1
Helichrysum Angustifolium Flower Extract	6
Helichrysum Angustifolium Flower Oil	8
Helichrysum Angustifolium Immortelle Flower	1
Helichrysum Arenarium Extract	15
Helichrysum Arenarium Flower Extract	10
Helichrysum Arenarium Hydrosol Water	1
Helichrysum Bracteatum Flower Extract	1
Helichrysum Essential Oil	3
Helichrysum Flower Extract	2
Helichrysum Flower Oil	2
Helichrysum Gymnocephalum Flower Extract*	1
Helichrysum Gymnocephalum Oil	2
Helichrysum Hydrosol	4
Helichrysum Italicum	2
Helichrysum Italicum Essential Oil*	1
Helichrysum Italicum Extract	63
Helichrysum Italicum Flower	1
Helichrysum Italicum Flower Essential Oil	1
Helichrysum Italicum Flower Oil	51
Helichrysum Italicum Flower Water	3
Helichrysum Italicum Flower/Stem Extract	4
Helichrysum Italicum Leaf Water	1
Helichrysum Italicum Oil	8
Helichrysum Oil	2
Helichrysum Pure Essential Oils	1
Helichrysum Splendidum Flower Oil	1
Helichrysum Stoechas Extract	19
Helichrysum Stoechas Flower Extract	11
Helichrysum Stoechas Flower Water	1
Helichrysum Stoechas Oil	1
Helindone Pink Cn	2
Heliotropine	23
Hellanthus Annus Seed Oil	2
Hellanthus Annus Sunfiower Seed Oii	1
Hellanthus Annuus Oil	2
Hellanthus Annuus Seed Oil	7
Hellianthus Annuus Seed Oil	1
Hematite Extract	12
Hemerocallis Fulva Flower Extract	2
Hemidesmus Indicus Extract	1
Hemidesmus Indicus Oil	1
Hemidesmus Indicus Root Extract	4
Hemidesmus Indicus Root Powder	3
Hemisqualane	1
Hemlock Oil	3
Hemocyanin	7
Hemp	1
Hemp Cannabis Sativa Seed Oil	12
Hemp Extract	14
Hemp Lipids	1
Hemp Oil	33
Hemp Oil Extract	4
Hemp Oils	1
Hemp Pulp	2
Hemp Seed Extract	1
Hemp Seed Oil	49
Hemp Seed Oil*	1
Hemp Seed Oils	1
Hemp-Derived Delta-8 Thc	1
Hempseed Oil	7
Henna	3
Henoxyethanol	7
Heparan Sulfate	10
Hepes	1
Heptane	1
Heptanol	14
Heptapeptide-1	1
Heptapeptide-12	1
Heptapeptide-15 Palmitate	62
Heptapeptide-6	6
Heptapeptide-7	16
Heptasodium Hexacarboxymethyl Dipeptide-12	10
Heptyl Glucoside	78
Heptyl Undecylenate	127
Herb Infusion	3
Herbal Extracts	2
Herbal Extracts Of Calendula	1
Herbal Infusion	1
Herbal Infusion Of Burdock Root	1
Herbal Placental Extract	4
Herbs	3
Hericium Erinaceus Extract	1
Hericium Erinaceus/Lactobacillus/Leuconostoc/Artemisia Capillaris Leaf/Stem Ferment Filtrate	1
Hesperethusa Crenulata Bark Extract	1
Hesperetin	1
Hesperetin Laurate	10
Hesperidin	10
Hesperidin Methyl Chalcone	164
Hesperidin Methyl Chalcone Dipeptide	1
Hesperidin Methyl Chalcone Dipeptide 2	1
Hesperidium Chalcone	1
Hesperoin Methyl Chalcone	1
Hespiridin	1
Heterotheca Inuloides Flower Extract	13
Hexacarboxymethyl Dipeptide-12	1
Hexadecan-1	1
Hexadecane	6
Hexadecanoic Acid	1
Hexadecanol	2
Hexadecanolactone	3
Hexadecene	12
Hexadecyl Stearate	2
Hexadimethrine Chloride	3
Hexahydrocannabinol	1
Hexamethyldisiloxane	4
Hexamethylindanopyran	31
Hexamidine Diiesthionate	1
Hexamidine Diisethionate	29
Hexaminolevulinate Hydrochloride	1
Hexanal	2
Hexanoyl Dipeptide-3 Norleucine Acetate	22
Hexapeptide	1
Hexapeptide-10	8
Hexapeptide-11	80
Hexapeptide-12	4
Hexapeptide-2	21
Hexapeptide-3	14
Hexapeptide-33	3
Hexapeptide-48 Hcl	14
Hexapeptide-9	112
Hexapeptide-Ii	2
Hexenyl Acetate	15
Hexy CINNAMAL	4
Hexyl 3-Glyceryl Ascorbate	1
Hexyl Acetate	23
Hexyl CINNAM-ALDEHYDE	2
Hexyl CINNAMAL	2664
Hexyl CINNAMALDEHYDE	16
Hexyl CINNAMIC	1
Hexyl CINNAMIC Aldehyde	4
Hexyl CINNAMYL	2
Hexyl CINNANMAL	1
Hexyl CINNIMAL	1
Hexyl D-Glucoside	1
Hexyl Glucoside	1
Hexyl Laurate	148
Hexyl Nicotinate	39
Hexyl Salicylate	11
Hexylcinnamal	14
Hexyldecanol	156
Hexyldecanol*	2
Hexyldecyl Ethylhexanoate	3
Hexyldecyl Laurate	40
Hexyldecyl Laurate*	2
Hexyldecyl Myristoyl Methylaminopropionate	2
Hexyldecyl Stearate	37
Hexylene Glycol	2291
Hexyleneglycol	2
Hexylglycerin	2
Hexylresorcinol	117
Hibiscus	3
Hibiscus Abelmoschus Extract	71
Hibiscus Abelmoschus Flower Extract	9
Hibiscus Abelmoschus Seed Extract	12
Hibiscus Abelmoschus Seed Oil	5
Hibiscus Abelmoschuus Extract	2
Hibiscus Esculentus Fruit Extract	48
Hibiscus Esculentus Powder	2
Hibiscus Extract	1
Hibiscus Flavor Oil	1
Hibiscus Flower	3
Hibiscus Flower Extract	10
Hibiscus Mutabilis Flower Extract	6
Hibiscus Oil	2
Hibiscus Rosa Sinensis Extract	2
Hibiscus Rosa Sinensis Extract Organic	3
Hibiscus Rosa Sinensis Flower Extract	3
Hibiscus Rosa Sinensis Flower Extract*	1
Hibiscus Rosa Sinensis Hibiscus Flower	1
Hibiscus Rosa-Sinensis Extract	4
Hibiscus Rosa-Sinensis Extracts	1
Hibiscus Rosa-Sinensis Flower Extract	46
Hibiscus Rosa-Sinensis Flower Powder	1
Hibiscus Rosa-Sinensis Leaf Extract	1
Hibiscus Sabdari A Flower Extract	1
Hibiscus Sabdaria Flower	1
Hibiscus Sabdaria Flower Extract	2
Hibiscus Sabdariffa	5
Hibiscus Sabdariffa Extract	26
Hibiscus Sabdariffa Extract / Hibiscus Sabdariffa Flower Extract	5
Hibiscus Sabdariffa Flower	3
Hibiscus Sabdariffa Flower Acid	3
Hibiscus Sabdariffa Flower Extract	280
Hibiscus Sabdariffa Flower Extract*	1
Hibiscus Sabdariffa Flower Powder	3
Hibiscus Sabdariffa Flowers	1
Hibiscus Sabdariffa Fruit Extract	38
Hibiscus Sabdariffa Hydrosol Water	2
Hibiscus Sabdariffa Leaf/Fruit Extract	1
Hibiscus Sabdariffa Seed Oil	19
Hibiscus Sinensis Flower Extract	11
Hibiscus Syriacus	2
Hibiscus Syriacus Bark Extract	3
Hibiscus Syriacus Callus Extract	6
Hibiscus Syriacus Extract	1
Hibiscusesculentus Fruit Extract	1
Hickory Bark Extract	9
Hieracium Pilosella Extract	12
Hierochloe Odorata Extract	8
High Density Polyethylene	1
High Gamma Mixed Tocopherols	1
High Oleic Brassica Campestris	1
High Oleic Expeller Pressed Safflower Oil	6
High Oleic Expeller Pressed Sunflower Seed Oil	6
High Oleic Safflower Oil	1
Highly Purified Phospholipids	2
Himalayan Cherry	2
Himalayan Cymbopogon Martinii Oil*	2
Himalayan Pink Sea Salt	4
Himanthalia Elongata Extract	21
Hinokitiol	26
Hippohae Rhamnoides Extract	1
Hippophae Rhamnoides	7
Hippophae Rhamnoides Berries Extract	2
Hippophae Rhamnoides Berry Juice	4
Hippophae Rhamnoides Berry Oil	2
Hippophae Rhamnoides Co2 Extract	8
Hippophae Rhamnoides Co2 Extract*	2
Hippophae Rhamnoides Co2*	1
Hippophae Rhamnoides Extract	73
Hippophae Rhamnoides Fruit	4
Hippophae Rhamnoides Fruit Extract	141
Hippophae Rhamnoides Fruit Extract*	3
Hippophae Rhamnoides Fruit Juice	8
Hippophae Rhamnoides Fruit Oil	184
Hippophae Rhamnoides Fruit Oil*	2
Hippophae Rhamnoides Fruit Water	2
Hippophae Rhamnoides Fruit/Seed Oil	6
Hippophae Rhamnoides Kernel Extract	12
Hippophae Rhamnoides L Oil	1
Hippophae Rhamnoides Leaves	1
Hippophae Rhamnoides Oil	251
Hippophae Rhamnoides Oil*	1
Hippophae Rhamnoides Sea Buckthorn Fruit Extract	1
Hippophae Rhamnoides Seed Oil	53
Hippophae Rhamnoides Water	17
Hippophae Rhamonides Fruit Oil	2
Histidine	326
Histidine Hci	9
Histidine Hcl	42
Hizikia Fusiforme Extract	32
Hlycerin	1
Ho Wood Essential Oil	1
Ho Wood Oil	1
Hojicha Powder	1
Hola Odorata Oil	1
Holy Basil Leaf Extract	3
Homarine Chloride	1
Homarine Hci	2
Homarine Hcl	19
Homolinalylacetate	1
Homosalate	485
Homosalate 10%	9
Homosalate 10.0%	1
Homosalate 10.7%	1
Homosalate 12%	2
Homosalate 12.0%	2
Homosalate 12.5%	1
Homosalate 15%	2
Homosalate 15.0%	2
Homosalate 15.00%	1
Homosalate 2.7%	1
Homosalate 3%	1
Homosalate 4%	2
Homosalate 4.0%	8
Homosalate 47%	1
Homosalate 5%	9
Homosalate 5.0%	4
Homosalate 5.00%	3
Homosalate 6%	1
Homosalate 6.5%	3
Homosalate 7%	1
Homosalate 7.5%	1
Homosalate 8%	5
Homosalate 8.0%	2
Homosalate 9.0%	1
Homosalate 9.5%	1
Homosalate N	2
Honey	527
Honey Absolute	1
Honey Extract	340
Honey Extract / Extrait De Miel	1
Honey Extract/Extrait De Miel	7
Honey Extract/Mel Extract	1
Honey Extract/Mel Extract/Extrait De Miel	7
Honey Extract/Mel/Extrait De Miel	11
Honey Extracts	13
Honey Flavor	4
Honey Juice	1
Honey Powder	1
Honey*	1
Honey/Mel	2
Honey/Mel/Miel	37
Honey/Miel	9
Honeysuckle	1
Honeysuckle Extract	3
Honeysuckle Flower Extract	9
Honey\Mel\Miel	3
Honokiol	19
Hoplene Glycol	1
Hops	2
Hops Extract	10
Hops Flower Oil	1
Hordeum Distichion Extract	17
Hordeum Distichon	1
Hordeum Distichon Extract	44
Hordeum Distichon Extract\Extrait D'Orge A Deux Rangs	17
Hordeum Distichon/Barley Extract/Extrait D'Orge √† Deux Rangs	5
Hordeum Distichon/Barley Extract/Extrait D‚Äôorge √† Deux Rangs	4
Hordeum Vlugare Sprout Extract	1
Hordeum Vulgare	1
Hordeum Vulgare / Malt Extract	1
Hordeum Vulgare Cera/Spent Grain Wax	2
Hordeum Vulgare Extract	102
Hordeum Vulgare Extract / Extrait D'Orge	16
Hordeum Vulgare Extract/Extrait D'Orge	9
Hordeum Vulgare Extract/Extrait D‚Äòorge	1
Hordeum Vulgare Extract/Extrait D‚Äôorge	1
Hordeum Vulgare Extract/Hordeum Vulgare/Extrait D'Orge	4
Hordeum Vulgare Extractiextrait D'Orge	1
Hordeum Vulgare Extract\Extrait D'Orge	180
Hordeum Vulgare Extract\Extrait D‚Äôorge	2
Hordeum Vulgare Leaf Extract	6
Hordeum Vulgare Leaf Juice	20
Hordeum Vulgare Powder	2
Hordeum Vulgare Root Extract	1
Hordeum Vulgare Seed Extract	26
Hordeum Vulgare Sprout Extract	1
Hordeum Vulgare Stem Water	4
Horny Goat Weed Extract	1
Horse Chestnut	1
Horse Chestnut Extract	8
Horse Chestnut Seed Extract	3
Horsestail Extract	2
Horsetail	11
Horsetail Extract	29
Horsetail Oil	1
Horsetail Plant	1
Houttuynia Cordata	2
Houttuynia Cordata Extract	247
Houttuynia Cordata Flower/Leaf/Stem Water	7
Houttuynia Cordata Powder	9
Houttuynia Cordeta Extract	1
Hovenia Dulcis Fruit Extract	7
Hoya Lacunosa Flower Extract	22
Hpl Human Fibroblast Conditioned Media	2
Huile Mineral	3
Human Adipose Derived Stem Cell Conditioned Media	1
Human Adipose Mesenchymal Stem Cell Conditioned Media	3
Human Adipose Stromal Cell Conditioned Media	1
Human Adipose Stromal Cell Exosomes	4
Human Bone Marrow Exosomes	1
Human Bone Marrow Stem Cell Conditioned Media	4
Human Fibroblast Conditioned Media	24
Human Keratinocyte Fibroblast Saline Conditioned Media	1
Human Neonatal Fibroblast Conditioned Media	1
Human Oligopeptide-1	2
Human Platelet Extract	3
Human Stem Cell Conditioned Media	12
Human Stem Cell Peptides	1
Human Umbilical Cord Exosomes	1
Human Umbilical Mesenchymal Stem Cell Conditioned Media	1
Humic Acids	6
Humic Extract	1
Humulene	1
Humulus Lupulas Extract	1
Humulus Lupulus	3
Humulus Lupulus Cone Extract	8
Humulus Lupulus Cone Oil	4
Humulus Lupulus Extract	142
Humulus Lupulus Flower Extract	7
Humulus Lupulus Strobile	6
Hyacinthus Orientalis Extract	31
Hyaluronan	1
Hyaluronate	20
Hyaluronic Acid	1779
Hyaluronic Acid Microspheres	1
Hyaluronic Acids	179
Hycregenated Starch Hydrolysate	1
Hydantoin	1
Hydnocarpus Oil	2
Hydoxyethyl Ethylcellulose	4
Hydraed Silica	2
Hydrangea Arborescens Root Extract	3
Hydrangea Macrophylla Leaf Extract	4
Hydrangea Serrata Leaf Extract	2
Hydrants Canadensis Extract	2
Hydrastis Canadensis	1
Hydrastis Canadensis Extract	39
Hydrastis Canadensis Leaf	1
Hydrastis Canadensis Leaf Extract	1
Hydrastis Canadensis Root Extract	19
Hydrate Silica	2
Hydrated Aluminum Silicate	3
Hydrated Chromium Oxide Green	1
Hydrated Silica	262
Hydraxycitronellal	1
Hydraxyisohexyl Cyclohexene Carboxaldehyde	1
Hydro Lyzed Collagen	2
Hydrochloric Acid	27
Hydrocolloid	48
Hydrocolloid Adhesive	1
Hydrocolloid Polymer	3
Hydrocortisone	10
Hydrocortisone 0.5 Percent	1
Hydrocortisone 1%	1
Hydrocotyl Extract	6
Hydrocotyle Asiatica*	2
Hydroessential Rose	1
Hydroessential Rose Oil	1
Hydroethylcellulose	1
Hydrofluorocarbon 152A	2
Hydrogel	1
Hydrogen Chloride	1
Hydrogen Dimethicone	129
Hydrogen Peroxide	20
Hydrogenate Vegetable Oil*	2
Hydrogenated Apricot Kernel Oil	3
Hydrogenated Apricot Oil Unsaponifiables	2
Hydrogenated Avocado Oil	5
Hydrogenated Brassica Campestris Seed Oil	1
Hydrogenated Butylene/Ethylene/Styrene Copolymer	2
Hydrogenated Butyrospermum Parkii	1
Hydrogenated C12-18 Triglycerides	3
Hydrogenated C6-14 Olefin Polymers	5
Hydrogenated C6-20 Polyolefin	4
Hydrogenated Canola Oil	3
Hydrogenated Castor Oil	586
Hydrogenated Castor Oil Dimer Dilinoleate	48
Hydrogenated Castor Oil Isostearate	14
Hydrogenated Castor Oil/ Sebacic Acid Copolymer	2
Hydrogenated Castor Oil/Sebacic Acid Copolymer	14
Hydrogenated Coco Glycerides	6
Hydrogenated Coco-Glycerides	324
Hydrogenated Cocoglycerides	13
Hydrogenated Coconut	1
Hydrogenated Coconut Acid	27
Hydrogenated Coconut Oil	97
Hydrogenated Cotton Seed Oil	1
Hydrogenated Cottonseed Oil	14
Hydrogenated Cranberry Seed Oil	1
Hydrogenated Decyl Olive Esters	1
Hydrogenated Didecene	23
Hydrogenated Dilinoleyl Alcohol	8
Hydrogenated Dimer Dilinoleyl/Dimethylcarbonate Copolymer	7
Hydrogenated Ethyhexy Olivate	1
Hydrogenated Ethylhexyl Olivate	185
Hydrogenated Ethylhexyl Olivate*	1
Hydrogenated Evening Primose Oil	1
Hydrogenated Farnesene	16
Hydrogenated Glyceryl Stearate	1
Hydrogenated Grapeseed Oil	2
Hydrogenated Jojoba Beads	1
Hydrogenated Jojoba Esters	6
Hydrogenated Jojoba Oil	78
Hydrogenated Jojoba Wax	1
Hydrogenated Lanolin	17
Hydrogenated Lecithin	2030
Hydrogenated Licithin	1
Hydrogenated Macadamia Seed Oil	1
Hydrogenated Methyl Abietate	4
Hydrogenated Microcrystalline Cera	2
Hydrogenated Microcrystalline Wax	17
Hydrogenated Oil	1
Hydrogenated Olive Oii Unsaponifiables	1
Hydrogenated Olive Oil	87
Hydrogenated Olive Oil Caprylyl Esters	2
Hydrogenated Olive Oil Cetyl Esters	1
Hydrogenated Olive Oil Decyl Esters	18
Hydrogenated Olive Oil Lauryl Esters	7
Hydrogenated Olive Oil Myristyl Esters	3
Hydrogenated Olive Oil Saponifiables	1
Hydrogenated Olive Oil Stearyl Esters	31
Hydrogenated Olive Oil Unsapoifiables	1
Hydrogenated Olive Oil Unsaponifiables	197
Hydrogenated Olive Oil Unsaponifiables*	12
Hydrogenated Palm Acid	8
Hydrogenated Palm Glyceride	7
Hydrogenated Palm Glycerides	166
Hydrogenated Palm Glycerides CITRATE	192
Hydrogenated Palm Glycerides*	1
Hydrogenated Palm Kernal Glycerides	2
Hydrogenated Palm Kernal Oil	3
Hydrogenated Palm Kernel Glycerides	39
Hydrogenated Palm Kernel Oil	22
Hydrogenated Palm Kernelglycerides	1
Hydrogenated Palm Oil	38
Hydrogenated Palm/Palm Kernel Oil PEG-6 Esters	2
Hydrogenated Palmglycerides CITRATE	1
Hydrogenated Palmitic/‚Äãstearic/‚Äãoleic/‚Äãlinoleic Glycerides	1
Hydrogenated Phosphatidylcholine	95
Hydrogenated Poly	327
Hydrogenated Polybutene	1
Hydrogenated Polycyclopentadiene	13
Hydrogenated Polydecen	1
Hydrogenated Polydecene	682
Hydrogenated Polydicyclopentadiene	1
Hydrogenated Polyfarnesene	2
Hydrogenated Polyisobutane	2
Hydrogenated Polyisobutene	1399
Hydrogenated Rapeseed Alcohol	17
Hydrogenated Rapeseed Oil	362
Hydrogenated Rhus Verniciflua Peel Wax	1
Hydrogenated Rice Bran Oil	11
Hydrogenated Rice Bran Wax	2
Hydrogenated Ricinus Communis	1
Hydrogenated Ricinus Communis Oil	2
Hydrogenated Rosin	5
Hydrogenated Safflower Seed Oil	3
Hydrogenated Shea Butter	8
Hydrogenated Simmondsia Chinensis	1
Hydrogenated Soy Bean Oil	1
Hydrogenated Soy Glyceride	4
Hydrogenated Soy Oil	1
Hydrogenated Soy Polyglycerides	8
Hydrogenated Soybean Oil	89
Hydrogenated Starch Hydrolysate	309
Hydrogenated Stearyl Olive Esters	1
Hydrogenated Styrene / Butadiene Copolymer	3
Hydrogenated Styrene/Butadiene Copolymer	18
Hydrogenated Styrene/Isoprene Copolymer	94
Hydrogenated Styrene/Lsoprene Copolymer	3
Hydrogenated Styrene/Methyl Styrene/Indene Copolymer	4
Hydrogenated Styrene/Methylstyrene/Indene Copolymer	30
Hydrogenated Sunflower Seed Oil	8
Hydrogenated Sunflower Seed Oil Glyceryl Esters	5
Hydrogenated Sunflower Seed Oil Polyglyceryl-3 Esters	5
Hydrogenated Sweet Almond Oil	3
Hydrogenated Tallow	2
Hydrogenated Tallow Acid	9
Hydrogenated Tetradecenyl/Methylpentadecene	9
Hydrogenated Vegetable Glycerides	83
Hydrogenated Vegetable Glycerides CITRATE	32
Hydrogenated Vegetable Oil	623
Hydrogenated Vegetable Oil/Huile Vegetale Hydrogenee	1
Hydrogentated Lecithin	3
Hydrolized Hyaluronic Acid	1
Hydrolized Soy Protein	1
Hydrolized Wheat Protein	5
Hydrolysed Collagen	2
Hydrolysed Corallina Officinalis Extract	1
Hydrolysed Hibiscus Esculentus Extract	2
Hydrolysed Milk Protein	1
Hydrolysed Sesame Protein	1
Hydrolysed Silk	1
Hydrolysed Soy Protein	2
Hydrolysed Wheat Protein	2
Hydrolyzed Acacia Macrostachya Seed Extract	5
Hydrolyzed Actin	5
Hydrolyzed Adansonia Digitata Extract	7
Hydrolyzed Adansonia Digitata Seed Extract	33
Hydrolyzed Adansonia Digitata Seed Protein	1
Hydrolyzed Albumen	1
Hydrolyzed Algae Extract	7
Hydrolyzed Algae Extract/Extrait D‚Äôalgues Hydrolys√©E	1
Hydrolyzed Algin	193
Hydrolyzed Amaranth Protein	5
Hydrolyzed Avocado Protein	10
Hydrolyzed Barley Protein	3
Hydrolyzed Beeswax	9
Hydrolyzed Beta-Glucan	4
Hydrolyzed Brassica Napus Seedcake Extract	5
Hydrolyzed Caesalpinia Spinosa Gum	55
Hydrolyzed Calcium Hyaluronate	2
Hydrolyzed Candida Saitoana Extract	10
Hydrolyzed Candida Satoana Extract	2
Hydrolyzed Cannabis Sativa Seed Extract	3
Hydrolyzed Caprae Lac Extract	2
Hydrolyzed Carrot Protein	3
Hydrolyzed Casein	11
Hydrolyzed Celosia Cristata Flower/Seed Extract	1
Hydrolyzed Ceratonia Siliqua Seed Extract	7
Hydrolyzed Chenopodium Quinoa Seed	1
Hydrolyzed Chicken Cartilage Extract	2
Hydrolyzed Chitin	3
Hydrolyzed Chitosan	1
Hydrolyzed Chondrus Crispus Extract	3
Hydrolyzed CICER Seed Extract	19
Hydrolyzed CITRUS Auriantum Dulcis Fruit Extract	1
Hydrolyzed Collagen	842
Hydrolyzed Collagen Amino Acids	1
Hydrolyzed Collagen Extract	11
Hydrolyzed Collagen Proteins	2
Hydrolyzed Collegen	1
Hydrolyzed Conchiolin Protein	37
Hydrolyzed Corallina Officinalis	5
Hydrolyzed Corallina Officinalis Extract	4
Hydrolyzed Corn Protein	22
Hydrolyzed Corn Starch	108
Hydrolyzed Corn Starch Hydroxyethyl Ether	10
Hydrolyzed Corn Starch Octenylsuccinate	23
Hydrolyzed Cottonseed Protein	7
Hydrolyzed Cranberry Fruit/Leaf Extract	3
Hydrolyzed Cucurbita Pepo Seedcake	2
Hydrolyzed Dna	8
Hydrolyzed Egg Shell Membrane	2
Hydrolyzed Elastin	198
Hydrolyzed Elastin Amino Acids	1
Hydrolyzed Elastin Protein	1
Hydrolyzed Eragrostis Tef Seed Extract	9
Hydrolyzed Eruca Sativa Leaf	7
Hydrolyzed Extensin	35
Hydrolyzed F-Fucoidan	2
Hydrolyzed F-Fucoidan Extract	3
Hydrolyzed Fibroin	1
Hydrolyzed Fibronectin	5
Hydrolyzed Fish Collagen	4
Hydrolyzed Gadidae Protein	1
Hydrolyzed Ganoderma Lucidum Extract	1
Hydrolyzed Gardenia Florida Extract	75
Hydrolyzed Gelatin	4
Hydrolyzed Ginseng Saponins	16
Hydrolyzed Glycine Soja Protein	3
Hydrolyzed Glycosaminoglycans	164
Hydrolyzed Goat Milk	2
Hydrolyzed Grapefruit	1
Hydrolyzed Guar	2
Hydrolyzed Haematococcus Pluvialis Amino Acids	2
Hydrolyzed Haematococcus Pluvialis Extract	10
Hydrolyzed Hazelnut Protein	8
Hydrolyzed Hemp Seed Extract	1
Hydrolyzed Hemp Seed Protein	1
Hydrolyzed Hibiscus Esculentus Extract	38
Hydrolyzed Hyaluronic Acid	1311
Hydrolyzed Jojoba Esters	365
Hydrolyzed Jojoba Protein	6
Hydrolyzed Kale Protein	3
Hydrolyzed Keratin	57
Hydrolyzed Lactalbumin	1
Hydrolyzed Lactoba CILLUS/STREPTOCOCCUS Thermophilus/Colostrum Ferment Extract	1
Hydrolyzed Lactobacillus/Streptococcus Thermophilus/Colostrum Ferment Extract	1
Hydrolyzed Lagenaria Siceraria Fruit Juice	2
Hydrolyzed Lecithin	2
Hydrolyzed Lemon Protein	3
Hydrolyzed Lepidium Meyenii Root	2
Hydrolyzed Linseed Extract	39
Hydrolyzed Linseed Seed	1
Hydrolyzed Lupine Protein	77
Hydrolyzed Lupine Protein Octenylsuccinate	6
Hydrolyzed Lycium Barbarum Fruit Extract	2
Hydrolyzed Malt Extract	30
Hydrolyzed Manihot Esculenta Tuber Extract	11
Hydrolyzed Marine Collagen	3
Hydrolyzed Milk Protein	81
Hydrolyzed Millet	1
Hydrolyzed Mucopolysaccharides	1
Hydrolyzed Myrtus Communis Leaf Extract	78
Hydrolyzed Mytrus Communis Leaf Extract	2
Hydrolyzed Oat Flour	1
Hydrolyzed Oat Protein	36
Hydrolyzed Oats	10
Hydrolyzed Opuntia Ficus	1
Hydrolyzed Opuntia Ficus Indica Flower Extract	4
Hydrolyzed Opuntia Ficus-Indica Flower Extract	56
Hydrolyzed Oryza Sativa Protein	9
Hydrolyzed Pea	5
Hydrolyzed Pea Protein	74
Hydrolyzed Pea Protein Pg-Propyl Silanetriol	1
Hydrolyzed Pearl	23
Hydrolyzed Pearl Powder	1
Hydrolyzed Pinus Sibirica Seedcake Extract	3
Hydrolyzed Placental Extract	1
Hydrolyzed Placental Protein	1
Hydrolyzed Plukenetia Volubilis Seed Extract	9
Hydrolyzed Potato Protein	1
Hydrolyzed Proanthocyanidin	2
Hydrolyzed Protein	1
Hydrolyzed Prunella Vulgaris Extract	1
Hydrolyzed Prunus Domestica	12
Hydrolyzed Prunus Domestica Fruit Extract	1
Hydrolyzed Prunus Domsetica	1
Hydrolyzed Pumpkin Seedcake	2
Hydrolyzed Quinoa	31
Hydrolyzed Quinoa Protein	4
Hydrolyzed Rhizobian Gum	17
Hydrolyzed Rhodophycea Extract	4
Hydrolyzed Rhodophyceae Extract	45
Hydrolyzed Rice Bran Extract	25
Hydrolyzed Rice Bran Protein	29
Hydrolyzed Rice Bran Proteins	1
Hydrolyzed Rice Extract	80
Hydrolyzed Rice Peptides	1
Hydrolyzed Rice Protein	461
Hydrolyzed Rna	4
Hydrolyzed Roe	4
Hydrolyzed Royal Jelly Protein	2
Hydrolyzed Rye Phytoplacenta Extract	2
Hydrolyzed Sclerotium Gum	28
Hydrolyzed Sclerotiumum	2
Hydrolyzed Sericin	16
Hydrolyzed Sesame Extract	2
Hydrolyzed Sesame Protein Pg-Propyl Methylsilanediol	3
Hydrolyzed Silk	240
Hydrolyzed Silk Protein	13
Hydrolyzed Sodium Dna	2
Hydrolyzed Sodium Hyaluronate	695
Hydrolyzed Sodiumhyaluronate	1
Hydrolyzed Soy Flour	32
Hydrolyzed Soy Protein	444
Hydrolyzed Soy Protein/Prot√©Ine De Soja Hydrolys√©E	1
Hydrolyzed Soy Protien	1
Hydrolyzed Soybean Extract	7
Hydrolyzed Soybean Fiber	16
Hydrolyzed Soybean Palmitate	2
Hydrolyzed Spandex Protein	1
Hydrolyzed Sponge	13
Hydrolyzed Starch	1
Hydrolyzed Starch Phosphate	2
Hydrolyzed Sweet Almond Protein	5
Hydrolyzed Swiftlet Nest Extract	1
Hydrolyzed Tomato Skin	2
Hydrolyzed Tremella Fuciformis Sporocarp Extract	1
Hydrolyzed Trigonella Foenum-Graecum Seed Extract	1
Hydrolyzed Triticum Monococcum Seed Extract	2
Hydrolyzed Ulva Lactuca Extract	7
Hydrolyzed Ulva Latuca Extract	1
Hydrolyzed Umbilical Extract	1
Hydrolyzed Vegetable Protein	123
Hydrolyzed Vegetable Protein Pg-Propyl Silanetriol	15
Hydrolyzed Verbascum Thapsus Flower	13
Hydrolyzed Viola Tricolor Extract	41
Hydrolyzed Vitis Labrusca Skin Extract	4
Hydrolyzed Walnut Extract	3
Hydrolyzed Wheat Amino Acids	1
Hydrolyzed Wheat Bran	1
Hydrolyzed Wheat Flour	2
Hydrolyzed Wheat Gluten	7
Hydrolyzed Wheat Protein	268
Hydrolyzed Wheat Protein / Pvp Crosspolymer	1
Hydrolyzed Wheat Protein Pg-Propyl Methylsilanediol	1
Hydrolyzed Wheat Protein Pg-Propyl Silanetriol	2
Hydrolyzed Wheat Protein/Pvp Crosspolymer	35
Hydrolyzed Wheat Starch	20
Hydrolyzed Wild Cruelty Free Tussah Silk Fibers	1
Hydrolyzed Wool	3
Hydrolyzed Yeast	4
Hydrolyzed Yeast Extract	37
Hydrolyzed Yeast Protein	116
Hydrolyzed Yogurt Protein	5
Hydronated C6-14 Plyolefin	1
Hydropropyl Methylcellulose	2
Hydroquinone	17
Hydroquinone 2%	3
Hydroquinone 2.0%	1
Hydroquinone Usp	1
Hydrowyethyl Urea	1
Hydroxcitronellal	2
Hydroxphenyl Propamidobenzoic Acid	1
Hydroxy Acetophenone	7
Hydroxy CITRONELLAL	2
Hydroxy-Ethylcellulose	6
Hydroxyaceto Phenone	2
Hydroxyacetophenone	3020
Hydroxyapatite	37
Hydroxybenzoates	1
Hydroxybutyric Acid/ Hydroxypentanoic Acid Copolymer	1
Hydroxycapric Acid	5
Hydroxycaprylic Acid	1
Hydroxycellulose	1
Hydroxycetyl Hydroxyethyl Dimonium Chloride	2
Hydroxycinnamate	1
Hydroxycinnamic Acid	8
Hydroxycitroellal	1
Hydroxycitronelial	1
Hydroxycitronellai	1
Hydroxycitronellal	1616
Hydroxycitronellol	24
Hydroxydecyl Ubiquinone	19
Hydroxydecyl Ubiquinoyl Dipalmitoyl Glycerate	4
Hydroxyectoin	7
Hydroxyethelcellulose	1
Hydroxyethlcellulose	3
Hydroxyethoxyphenyl Butanone	3
Hydroxyethycellulose	5
Hydroxyethyl Acrelate/Sodium Acryloyldimethyl Taurate Copolymer	2
Hydroxyethyl Acrylate	12
Hydroxyethyl Acrylate / Sodium Acryloyldimethyl Taurate Copolymer	10
Hydroxyethyl Acrylate Sodium Acryloyldimethyltaurate	1
Hydroxyethyl Acrylate-Sodium Acryloyldimethyl Taurate Copolymer	1
Hydroxyethyl Acrylate/ Sodium Acryloyldimethyl Taurate Copolymer	51
Hydroxyethyl Acrylate/Sodium Acrylodimethyl Taurate Copolymer	3
Hydroxyethyl Acrylate/Sodium Acryloldimethyl Taurate Copolymer	1
Hydroxyethyl Acrylate/Sodium Acryloydimethyltaurate Copolymer	3
Hydroxyethyl Acrylate/Sodium Acryloyidinethyl Taunte Capolym	1
Hydroxyethyl Acrylate/Sodium Acryloyl Dimethyl Taurate Copolymer	20
Hydroxyethyl Acrylate/Sodium Acryloyldimethyl Acrylate/Taurate Copolymer	1
Hydroxyethyl Acrylate/Sodium Acryloyldimethyl Taurate	8
Hydroxyethyl Acrylate/Sodium Acryloyldimethyl Taurate Copolmer	2
Hydroxyethyl Acrylate/Sodium Acryloyldimethyl Taurate Copoly	10
Hydroxyethyl Acrylate/Sodium Acryloyldimethyl Taurate Copolymer	1772
Hydroxyethyl Acrylate/Sodium Acryloyldimethyl-Taurate Copolymer	1
Hydroxyethyl Acrylate/Sodium Acryloyldimethyltaurate Copolymer	23
Hydroxyethyl Acrylate/Sodium Acryloylodimethyltaurate Copolymer	1
Hydroxyethyl Acrylate/Sodium Acryoyldimethyl Taurate Copolymer	1
Hydroxyethyl Acrylates/Sodium Acryloyldimethyl Taurate Copolymer	3
Hydroxyethyl Behenamidopropyl Dimonium Chloride	10
Hydroxyethyl Cellulose	86
Hydroxyethyl Celluose	2
Hydroxyethyl Cetearamidopropyldimonium Chloride	2
Hydroxyethyl Ethylcellulose	19
Hydroxyethyl Urea	927
Hydroxyethyl-Cellulose	5
Hydroxyethylacrylate/Sodium Acryloydimethyl Taurate Copolymer	3
Hydroxyethylacrylate/Sodium Acryloyldimethyl Taurate Copolymer	11
Hydroxyethylacrylatesodiumacryloyldimethyl Taurate Copolymer	2
Hydroxyethylcellulose	2099
Hydroxyethylpiperanzine Ethane Sulfonic Acid	1
Hydroxyethylpiperazine Ethane Sulfonic Acid	250
Hydroxyethylpiperazine Ethane Sulfonic Acid Sodium Salt	3
Hydroxyethylpiperazine Ethanesulfonic Acid	4
Hydroxyhexyl 3-Cyclohexene Carboxaldehyde	1
Hydroxyisohexl 3 Cyclohexene Carboxaldehyde	9
Hydroxyisohexy 3-Cyclohexene Carboxadehyde	1
Hydroxyisohexyl 3 Cyclohexene Carboxaldehyde	1
Hydroxyisohexyl 3-Cyclohexene	3
Hydroxyisohexyl 3-Cyclohexene Carboxaldehyde	423
Hydroxyisohexyl-3-Cyclohexene Carboxaldehyde	2
Hydroxyisoheyl 3-Cyclohexene Carboxaldehyde	1
Hydroxyisostearyl 3-Cyclohexene Carboxaldehyde	3
Hydroxyl Cellulose	2
Hydroxyl CITRONELLAL	1
Hydroxylapatite	1
Hydroxylated Lanolin	2
Hydroxylated Lecithin	20
Hydroxylethylcellulose	2
Hydroxymethoxyphenyl Decanone	72
Hydroxymethoxyphenyl Propylmethylmethoxybenzofuran	8
Hydroxymethyl Benzene	1
Hydroxymethyl Cellulose	1
Hydroxymethylcellulose	2
Hydroxymethylpentyl Cyclohexene Carboxaldehyde	1
Hydroxypalmitoyl Sphinganine	107
Hydroxyphenoxy Propionic Acid	15
Hydroxyphenyl Propamidobenzoic Acid	150
Hydroxypina Clone Retinoate	1
Hydroxypinacolone Retinoate	127
Hydroxyproline	117
Hydroxyproline Palmitamide	5
Hydroxypropyl Arginine Lauryl/Myristyl Ether Hcl	4
Hydroxypropyl Bis-Hydroxyethyldimonium Chloride	7
Hydroxypropyl Bislauramide MEA	11
Hydroxypropyl Bispalmitamide MEA	54
Hydroxypropyl Cellulose	6
Hydroxypropyl Cyclodextin	2
Hydroxypropyl Cyclodextrin	407
Hydroxypropyl Guar	64
Hydroxypropyl Guar Hydroxypropyl Trimonium Chloride	1
Hydroxypropyl Guar Hydroxypropyltrimonium Chloride	36
Hydroxypropyl Guar Leaf Juice	1
Hydroxypropyl Methocellulose	1
Hydroxypropyl Methyl Cellulose	12
Hydroxypropyl Methylcellulose	515
Hydroxypropyl Methylcellulose Stearoxy Ether	31
Hydroxypropyl Methylcelulose	1
Hydroxypropyl Oxidized Starch Pg-Trimonium Chloride	3
Hydroxypropyl Starch	2
Hydroxypropyl Starch Phosphate	311
Hydroxypropyl Tetrahydropyrantriol	133
Hydroxypropyl Trimonium Honey	3
Hydroxypropylammonium Gluconate	4
Hydroxypropylcellulose	43
Hydroxypropylcocoate PEG-8 Dimethicone	1
Hydroxypropylgluconamide	4
Hydroxypropylmethyl Cellulose	5
Hydroxypropylmethylcellulose	6
Hydroxypropyltrimonium	2
Hydroxypropyltrimonium Chloride	4
Hydroxypropyltrimonium Honey	9
Hydroxypropyltrimonium Hyaluronate	273
Hydroxypropyltrimonium Hydrolyzed Wheat Protein	4
Hydroxypropyltrimonium Hydrolyzed Wheat Starch	1
Hydroxypropyltrimonium Inulin	1
Hydroxypropyltrimonium Maltodextrin Crosspolymer	6
Hydroxyquinoline Sulfate	1
Hydroxystearic Acid	186
Hydroxystearic/Linoleic/Oleic Polyglycerides	2
Hydroxystearic/Linolenic/Linoleic Polyglycerides	8
Hydroxystearic/Linolenic/Oleic Polyglycerides	46
Hydroxystearyl Alcohol	6
Hydroxystearyl Glucoside	6
Hydroxysuccinimide	6
Hydroxytyrosol	33
Hydroyctronellal	1
Hydroyethylcellulose	1
Hylocereus Undatus Extract	2
Hylocereus Undatus Fruit Extract	55
Hylocereus Undatus Fruit Powder	1
Hymenaea Courbaril Seed Extract	1
Hyperborea Extract	1
Hypericum	1
Hypericum Erectum Extract	6
Hypericum Erectum Flower/Leaf/Stem Extract	4
Hypericum Extract	1
Hypericum Perforatum	7
Hypericum Perforatum Extract	74
Hypericum Perforatum Flower	1
Hypericum Perforatum Flower Extract	9
Hypericum Perforatum Flower/ Leaf/Stem Extract	1
Hypericum Perforatum Flower/Leaf Extract	3
Hypericum Perforatum Flower/Leaf/Stem Extract	41
Hypericum Perforatum L	1
Hypericum Perforatum L Oil	1
Hypericum Perforatum Leaf Extract	3
Hypericum Perforatum Oil	4
Hypericum Perforatum St. John'S Wort Flower/Leaf/Stem Extract	1
Hypnea Musciformis Extract	125
Hypnea Muscifornis Extract	1
Hypoallergenic Fragrance	1
Hypochlorite Ion	6
Hypochlorous Acid	42
Hypochlorous Acid Hocl	1
Hypoxis Hemerocallidea Extract	1
Hypoxis Rooperi Extract	4
Hypoxis Rooperi Rhizome Extract	1
Hypromellose	2
Hypromelloses	1
Hypromum Perforatum Flower Leaf/Stem Extract	1
Hyrdolyzed Rice Protein	1
Hyroxyethylcellulose	2
Hyssop	2
Hyssopus Officinalis Extract	21
Hyssopus Officinalis Leaf Oil	2
I-Menthol	2
Ibuprofen Piconol	1
Icelandic Kelp	1
Ichthammol	3
Ichthammol Usp	1
Ictasol	3
Ictasol/Sodium Shale Oil Sulfonate	1
Idebenone	3
Idopropynyl Butylcarbamate	8
Ifra Certified Allergen Free Fragrance	3
Ilex Aquifolium Leaf Extract	13
Ilex Guayusa Leaf Extract	20
Ilex Paraguariensis Extract	5
Ilex Paraguariensis Leaf Extract	71
Ilex Paraguariensis TEA	1
Ilex Vomitoria Leaf Powder	1
Ilite	1
Illicium Verum Fruit	3
Illicium Verum Fruit Extract	289
Illicium Verum Fruit Oil	1
Illicium Verum Fruit Seed Oil	1
Illicium Verum Fruit/Seed Oil	26
Illicium Verum Fruit/Seed Oil*	1
Illicium Verum Oil	4
Illicium Verum Oil*	1
Illicum Verum Essential Oil	1
Illipe Butter	14
Illipe Seed Butter	1
Illite	115
Ilomastat	6
Imdazolidinyl Urea	1
Imethicone	1
Imidazolidinyi Urea	4
Imidazolidinyl Urea	273
Imidozolidinyl Urea	1
Imidurea	6
Immortelle Essential Oil	1
Immortelle Extract	1
Immortelle Extract*	1
Immortelle Flower Essential Oil	1
Immortelle Flower Oil	3
Immortelle Flower Oil*	1
Impatiens Balsamina Flower Extract	7
Impatiens Balsamina Leaf Extract	3
Imperata Cylindrica Extract	2
Imperata Cylindrica Root Extract	137
Including: Œ±-Pinene	1
Indian Barberry	2
Indian Beech Oil	1
Indian Butter Tree Oil	1
Indian Cress Extract	1
Indian Gooseberry	13
Indian Gooseberry Fruit Extract	1
Indian Licorice Root	1
Indian Madder	1
Indian Madder Stem Extract	2
Indian Persimmon	1
Indian Sappanwood Bark	1
Indian Sarsparilla	1
Indigo Powder	4
Indigo Root Powder	1
Indigofera Tinctoria	1
Indigofera Tinctoria Extract	2
Indigofera Tinctoria Leaf Extract	19
Indole	3
Infusion Of Essential Chamomile In Purified Water	1
Infusion Of Essential Lavender In Purified Water	1
Infusion Of Organic Calendula Officinalis Flower	1
Inonotus Obliquus	1
Inonotus Obliquus Extract	43
Inorganic Salts	1
Inositol	341
Inula Britannica Flower Extract	1
Inula Crithmoide Extract	5
Inula Helenium Extract	1
Inulin	278
Inulin Lauryl Carbamate	98
Iodized Hydrolyzed Zein	1
Iodopropanol Butylcarbamate	1
Iodopropyl Butylcarbamate	6
Iodopropynl Butylcarbamate	1
Iodopropynyl Butyl Carbamate	2
Iodopropynyl Butylcarbamate	677
Iodopropynyl Butylcarbmate	1
Iodopropynyl Butylcarbonate	1
Iodopropynylbutycarbamate	2
Ionic Clay Minerals	3
Ionic Stearate Salt	1
Ionized Water	5
Ionone	16
Ipbc	2
Ipomoea Batatas Extract	4
Ipomoea Batatas Root Extract	58
Ipomoea Batatas Tuber Extract	2
Ipomoea Gum	1
Ipomoea Purpurea Extract	1
Iris Ensata Extract	3
Iris Florentina / Iris Florentina Root Extract	1
Iris Florentina Root Extract	115
Iris Florentina/Iris Florentina Root Extract	2
Iris Germanica Root Extract	9
Iris Pallida Leaf Cell Extract	15
Iris Pallida Root Extract	25
Iris Pallida Stem Cell	1
Iris Versicolor	1
Iris Versicolor Extract	5
Irish Moss	3
Irish Moss Extract	2
Irish Moss Gel	2
Iron	2
Iron Dioxide	2
Iron Oxide	181
Iron Oxide Black	24
Iron Oxide CI 77491	2
Iron Oxide CI 77492	4
Iron Oxide Red	42
Iron Oxide Yellow	18
Iron Oxides	2459
Iron Oxides *	2
Iron Oxides Black	3
Iron Oxides CI 77491	150
Iron Oxides CI 77492	7
Iron Oxides CI 77499	2
Iron Oxides Cl 77491	1
Iron Oxides Red	1
Iron Oxides Red C177491	1
Iron Oxides/Ci 77491	13
Iron Oxides/Ci 77492	2
Iron Powder	5
Iron Titanium Oxide	1
Irvingia Gabonensis Kernel Butter	26
Isoalkanes	1
Isoamy Laurate	1
Isoamyl Acetate	12
Isoamyl Allylglycolate	1
Isoamyl Caprylate/Caprate	1
Isoamyl Cocoate	57
Isoamyl Laurate	299
Isoamyl Laurate*	1
Isoamyl P-Methoxycinnamate	7
Isoamyl Salicylate	2
Isoarthyl Cocoate	1
Isobornyl Acetate	2
Isobutane	70
Isobutane Propane	1
Isobutyl Acetate	2
Isobutyl Angelate	1
Isobutyl Methyl Tetrahydropyranol	12
Isobutyl Paraben	2
Isobutylamido Thiazolyl Resorcinol	17
Isobutylparaben	167
Isobutylphenoxy Epoxy Resin	3
Isobutyrate	1
Isoceteth-10	35
Isoceteth-20	154
Isoceteth-25	3
Isoceteth-3 Acetate	1
Isocetyl Alcohol	22
Isocetyl Behenate	2
Isocetyl Myristate	1
Isocetyl Palmitate	3
Isocetyl Salicylate	1
Isocetyl Stearate	170
Isocetyl Stearoyl Stearate	96
Isocetyl Sterate	1
Isochrysis Galbana Extract	14
Isodecyl Isononanoate	12
Isodecyl Laurate	2
Isodecyl Neopentanoate	173
Isodecyl Oleate	1
Isodecyl Salicylate	18
Isodecylparaben	1
Isodedecane	1
Isododecane	973
Isodonis Japonicus Leaf/Stalk Extract	5
Isoeicosane	19
Isoeugenol	134
Isoeugenyl Acetate	1
Isohexadecane	2239
Isohexadecanol	1
Isolaureth-6	1
Isoleptospermone	1
Isoleucine	330
Isoleucine Histidine	3
Isomalt	145
Isomerized Linoleic Acid	14
Isomerized Safflower Acid	5
Isomethyl Ionone	1
Isoniacinamide	2
Isononyl Isonananoare	1
Isononyl Isonanoate	1
Isononyl Isononanoate	898
Isononylisononanoate	5
Isooctyl Palmitate	2
Isoparaffin	6
Isopentane	1
Isopentyl Acetate	1
Isopentyl Laurate	1
Isopentyldiol	255
Isopenyldiol	1
Isophorone Diamine/Isophthalic Acid/Tromethamine Copolymer	1
Isoprene Glycol	3
Isopropanol	1
Isopropanol Phenylhydroxypentene Dihydroxycyclopentylheptenate	3
Isopropanolamine	10
Isoprophyl Palmitate	1
Isopropy Myristate	1
Isopropyi Myristate	2
Isopropyl Alcohol	309
Isopropyl Cloprostenate	14
Isopropyl Is0Stearate	1
Isopropyl Isostearate	445
Isopropyl Jojobate	24
Isopropyl Lanolate	64
Isopropyl Laurate	5
Isopropyl Lauroyl Sarcosinate	92
Isopropyl Methylphenol	2
Isopropyl Myristate	1469
Isopropyl Myristiate	1
Isopropyl Palm Oil	1
Isopropyl Palmitate	2039
Isopropyl Shea Butterate	7
Isopropyl Stearate	41
Isopropyl Titanium Isostearate	1
Isopropyl Titanium Triisostearate	139
Isopropyl Titanium Triisostearate/Triethoxycaprylsilane Crosspolymer	2
Isopropyl Titanium Trisostearate	6
Isopropylamine Dodecylbenzenesulfonate	1
Isopropylbenzyl Salicylate	1
Isopropylmyristate	4
Isopropylpalmitate	1
Isopropylparaben	17
Isopropylphthalimide	2
Isopropynyl Butylcarbamate	1
Isopulegol	5
Isoquercetin	3
Isoquercitrin	9
Isosorbide	1
Isosorbide Dicaprylate	62
Isosorbide Dicaprylate/Caprate	1
Isosorbide Disunflowerseedate	7
Isosqualane	4
Isostearamide Mipa	9
Isostearamidopropyl Dimethylamine	1
Isostearamidopropyl Ethyldimonium Ethosulfate	7
Isostearamidopropyl Laurylacetodimonium Chloride	1
Isostearamidopropyl Morpholine Lactate	4
Isosteareth-20	2
Isosteareth-200 Linoleate	2
Isostearic Acid	321
Isostearoyl Hydrolyzed Collagen	2
Isostearoyl Hydrolyzed Keratin	1
Isostearoyl Hydrolyzed Silk	3
Isostearyl Acetyl Glutaminate	1
Isostearyl Alcohol	86
Isostearyl Avocadate	1
Isostearyl Behenate	1
Isostearyl Benzoate	1
Isostearyl Glyceryl Ether	4
Isostearyl Glyceryl Pentaerythrityl Ether	1
Isostearyl Glycolate	2
Isostearyl Hydroxystearate	8
Isostearyl Isostearate	179
Isostearyl Lactate	11
Isostearyl Linoleate	22
Isostearyl Neopentanoate	81
Isostearyl Palmitate	54
Isostearyl Sebacate	1
Isostearylisostearate	1
Isothiazolinones	1
Isotonic Seawater	1
Isotridecyl Isononanoate	15
Isotridecyl Salicylate	2
Isougenol	1
Ispropyl Palmitate	3
Ivy	1
Ivy Extract	8
Ivy Extracts	1
Ivy Gourd Extract	9
Ivy Gourd Fruit Extract	4
Jacaranda Mimosifolia Flower Extract	3
Jackfruit Juice	1
Jade Powder	3
Jamaican Black Castor Oil	2
Jania Rubens Extract	50
Japan Wax	1
Japanese Coral Grass Extract	1
Japanese Green TEA Extract	1
Japanese Green TEA Powder	1
Japanese Honeysuckle Extract	1
Japanese Honeysuckle Leaf Extract	1
Japanese Natural Soybean Amino Acid	1
Japenese Knotweed Extract	1
Jasmine Absolute	5
Jasmine Alcohol	1
Jasmine Essential Oil	2
Jasmine Essential Oils	1
Jasmine Extract	4
Jasmine Flower Extract	7
Jasmine Flower/Leaf Extract	4
Jasmine Flowers	2
Jasmine Grandiflorum Absolute	1
Jasmine Grandiflorum Flower Extract	2
Jasmine Grandiflorum Flower Oil	4
Jasmine Officinale Flower Extract	1
Jasmine Officinale Flower/Leaf Extract	1
Jasmine Officinale Oil	2
Jasmine Officinalis Oil	2
Jasmine Oil	8
Jasmine Sambac	2
Jasmine Sambac Oil Organic	1
Jasminium Officinale	1
Jasminum Grandiflorum	1
Jasminum Grandiflorum Co2 Extract	2
Jasminum Grandiflorum Essential Oil	1
Jasminum Grandiflorum Extract	3
Jasminum Grandiflorum Floral Extract	1
Jasminum Grandiflorum Flower Extract	29
Jasminum Grandiflorum Flower Oil	2
Jasminum Grandiflorum Flower Wax	35
Jasminum Grandiflorum Water	1
Jasminum Grandiforum Absolute	1
Jasminum Ocinale Extract	1
Jasminum Official Extract/Jasmine Extract	2
Jasminum Officinale	6
Jasminum Officinale Essential Oil	2
Jasminum Officinale Extract	52
Jasminum Officinale Extract / Jasmine Extract	1
Jasminum Officinale Extract/ Jasmine Flower Extract	1
Jasminum Officinale Extract/Jasmine Extract	6
Jasminum Officinale Extract/Jasmine Flower Extract	5
Jasminum Officinale Flower	1
Jasminum Officinale Flower Extract	118
Jasminum Officinale Flower Extract / Jasmine Flower Extract	3
Jasminum Officinale Flower Leaf Extract	1
Jasminum Officinale Flower Oil	4
Jasminum Officinale Flower Water	6
Jasminum Officinale Flower Wax	22
Jasminum Officinale Flower/Leaf Extract	84
Jasminum Officinale Leaf Extract	1
Jasminum Officinale Oil	81
Jasminum Officinalis Extract	1
Jasminum Sambac Absolute	3
Jasminum Sambac Essential Oil	1
Jasminum Sambac Extract	1
Jasminum Sambac Floral Extract	1
Jasminum Sambac Flower	1
Jasminum Sambac Flower Extract	64
Jasminum Sambac Flower Oil	5
Jasminum Sambac Flower Wax	1
Jasminum Sambac Leaf Cell Extract	8
Jasminum Sambac Oil	2
Jasminum Sambae Flower Oil	1
Java Fig	1
Jellyfish Extract	1
Jewelweed	1
Jimmy Red Cornmeal	2
Jojoba	16
Jojoba Alcohol	33
Jojoba Beads	5
Jojoba Bean MEAL	1
Jojoba Butter	5
Jojoba Ester	10
Jojoba Esters	1382
Jojoba Esters Wax	4
Jojoba Exfoliating Seeds	1
Jojoba Oil	157
Jojoba Oil Glycereth-8 Esters	1
Jojoba Oil PEG-150 Esters	3
Jojoba Oil/Macadamia Seed Oil Esters	92
Jojoba Seed Extract	2
Jojoba Seed Oil	64
Jojoba Seed Powder	2
Jojoba Seeds	1
Jojoba Simmondsia Chinensis 100% Pure Carrier Oil	1
Jojoba Wax	6
Jojoba Wax PEG-120 Esters	51
Jojoba Wax Spheres	1
Jojoba Wax*	1
Juglans Mandshurica Shell Powder	1
Juglans Nigra Leaf Extract	3
Juglans Nigra Shell Extract	3
Juglans Regia	2
Juglans Regia Extract	1
Juglans Regia Leaf Extract	8
Juglans Regia Leaf Extract/Walnut Leaf Extract	5
Juglans Regia Powder	1
Juglans Regia Seed Extract	30
Juglans Regia Seed Oil	3
Juglans Regia Shell Extract	6
Juglans Regia Shell Powder	132
Juglans Regia Shell Powder/Juglans Regia Shell Powder	1
Juglans Regia Shells	4
Juglans Regia Walnut Shell Extract	1
Jujube Extract	1
Jujube Fruit Extract	3
Juniper Berries	1
Juniper Berry	3
Juniper Berry Essential Oil	1
Juniper Berry Oil	4
Juniper Essential Oil	2
Juniper Mexicana Oil	1
Juniper Oil	2
Juniperberry Water	1
Juniperus Chinensis Xylem Extract	1
Juniperus Communis	2
Juniperus Communis Berry Extract	3
Juniperus Communis Berry Oil	1
Juniperus Communis Branch/Fruit/Leaf Extract	1
Juniperus Communis Essential Oil	2
Juniperus Communis Extract	1
Juniperus Communis Fruit	1
Juniperus Communis Fruit Extract	33
Juniperus Communis Fruit Oil	54
Juniperus Communis Leaf Essential Oil	1
Juniperus Communis Oil	4
Juniperus Mexicana Oil	98
Juniperus Mexicana Wood Oil	2
Juniperus Oxycedrus Wood Oil	2
Juniperus Sibirica Ferment Filtrate	1
Juniperus Virginiana	2
Juniperus Virginiana Leaf Oil	2
Juniperus Virginiana Oil	114
Juniperus Virginiana Wood Extract	8
Juniperus Virginiana Wood Oil	12
Juno Organic Superfood Seed Oil Blend Rubus Fruticosus Seed Oil	1
Kaempferia Galanga Root Extract	9
Kaempferia Parviflora Rhizome Extract	4
Kaempferol	4
Kaffir Lime Leaves	1
Kakadu Plum	1
Kakadu Plum Extract	4
Kakadu Plum Fruit Extract	2
Kakadu Plum Juice	4
Kakum Butter	4
Kalahari Melon Oil	1
Kalanchoe Daigremontiana Leaf Extract	3
Kalanchoe Pinnata Leaf Extract	55
Kalaya Oil	1
Kale	1
Kale Extract	1
Kale Juice	1
Kale*	1
Kamal Kesar	1
Kanchnar Stem	1
Kantakari	1
Kanwa Clay	1
Kaolin	1263
Kaolin Clay	92
Kaolinite	11
Kappaphycus Alvarezii Extract	119
Karanja Oil	2
Kathon Cg	2
Kefiran	6
Kelp Powder	1
Kentucky Spring Water	2
Keratin	26
Keratin Amino Acid	2
Keratin Amino Acids	31
Kesar	4
Ketoglutaric Acid	3
Kgf	2
Khaya Senegalensis Bark Extract	21
Kigelia African Fruit Extract	1
Kigelia Africana Extract	2
Kigelia Africana Fruit Extract	31
Kigelia Africana Fruit Powder	1
Kigelia Africana Leaf Extract	1
Kigelia Fruit Extract	1
Kinetin	14
Kisolite Biogenic Mineral Powder	5
Kisolite¬Æ Bmp-Biogenic Mineral Powder	1
Kiwi Extract	1
Kiwi Fruit Extract	4
Kiwi Seed Oil	1
Kjellmaniella Crassifolia Extract	1
Kjellmaniella Gyrata Extract	1
Kluyveromyces/Lactobacillus/Acanthopanax Koreanum Bark/Stem Oil Ferment Filtrate	1
Kluyveromyces/Lactobacillus/Camellia Japonica Seed Oil Ferment Filtrate	1
Kluyveromyces/Lactobacillus/Lactococcus/Leuconostoc/Saccharomyces Milk Ferment Filtrate	2
Kochia Scoparia Fruit Extract	2
Kojic Acid	177
Kojic Acid Dipalmitate	8
Kojic Acid Globules	1
Kojic Acid Powder	2
Kojic Dipalmitate	15
Kojyl Carboxy Dipeptide-23	1
Kokum Butter	9
Kola Extract	1
Kona Vanilla	1
Konjac Root	2
Konjac-Mannan Plant Fiber	3
Kosher Cocos Nucifera Oil	2
Kosher Glycerine	2
Kosher Olea Europaea Oil	2
Kosher Vegetable Glycerin	46
Kosher Vegetable Glycerine	1
Kosher Vegetable Glycerol	7
Kou-Cha Ekisu	1
Krameria Triandra Root Extract	25
Kukui Nut Oil	18
Kukui Oil	1
Kukui Seed Oil	1
Kumari Leaf Pulp 4.5%	1
Kunzea Ericoides Leaf Extract	2
Kunzea Ericoides Leaf Oil	1
Kunzea Pomifera Fruit Extract	6
Kunzea Pomifera Fruit Powder	3
Kusumbhi Oil	1
Kusumbhi Seed Oil 0.5%	1
Kyounin Yu	3
L Ascorbic Acid	5
L Ergothioneine	1
L Lactic Acid	7
L Proline	2
L Taurine	2
L'Arginine	1
L-Alanine	4
L-Alanyl-L-Glutamine	10
L-Alpha Pinene	1
L-Arabinose	2
L-Argenine	1
L-Arginine	26
L-Arginine Hci	1
L-Arginine Hcl	1
L-Ascorbic Acid	81
L-Ascorbic Acid Powder	1
L-Ascorbic Acid Usp	2
L-Ascorbyl Palmitate	3
L-Aspartic Acid	3
L-Beta Pinene	1
L-Carnitine	7
L-Carnosine	4
L-Chlorophyll	1
L-Cysteine	1
L-Ergothioneine	5
L-Glutamic Acid	1
L-Glutamine	9
L-Glutathione	3
L-Glutathione Tripeptides	1
L-Glycine	1
L-Histidine	1
L-Histidine Hci	1
L-Isoleucine	5
L-Lactic Acid	1
L-Leucine	2
L-Limonene	2
L-Lysine	8
L-Lysine Hcl	2
L-Lysine Lauroyl Methionate	1
L-Lysine Monohydrochloride	1
L-Mandelic Acid	3
L-Menthol	3
L-Menthyl Acetate	1
L-Methionine	1
L-Methol-Natural	1
L-Ornithine	4
L-Phenylalanine	3
L-Proline	52
L-Pyrrolidonecarboxylic Acid	2
L-Serine	3
L-Sodium Hyaluronate	2
L-Taurine	6
L-Theanine	2
L-Threonine	3
L-Tyrosine	9
L-Valine	4
Labdanum Resinoid	3
Lac	12
Lac Powder	1
Lactamide MEA	9
Lactic Acid	3096
Lactic Acid/Glycolic Acid Copolymer	92
Lactic Usp	1
Lacticaseibacillus Paracasei	1
Lactil¬Æ	1
Lactiplantibacillus Ferment Lysate	1
Lactis Proteinum	9
Lactis Proteinum/Milk Protein	3
Lactis Proteinum/Milk Protein/Proteine De Lait	7
Lactis Proteinum/Milk Protein/Prot√Âine Du Lait	18
Lactis Proteinum/Whey Protein/ Prot√©Ine Du Lait	5
Lactitol	4
Lactobacillis / Rye Flour / Ferment	1
Lactobacillis Ferment Lysate Filtrate	1
Lactobacillus	275
Lactobacillus & Coconut	1
Lactobacillus & Coconut Fruit Extract	1
Lactobacillus & Cocos Nucifera	1
Lactobacillus & Cocos Nucifera Fruit Extract	9
Lactobacillus / Vaccinium Macrocarpon Fruit Ferment Filtrate	1
Lactobacillus /Soybean Ferment Extract	1
Lactobacillus Acidophilus	4
Lactobacillus Ananas Sativus Fruit Ferment Extract	1
Lactobacillus Arundinaria Gigantea Ferment Filtrate	1
Lactobacillus Bulgaricus Ferment Filtrate	1
Lactobacillus Cocos Nucifera Fruit Extract	1
Lactobacillus Crispatus	1
Lactobacillus Cucurbita Pepo Fruit Ferment Extract	2
Lactobacillus Extracellular Vesicles	3
Lactobacillus Extract Filtrate	3
Lactobacillus Ferment	788
Lactobacillus Ferment Extract	2
Lactobacillus Ferment Filtrate	8
Lactobacillus Ferment Lysate	224
Lactobacillus Ferment Lysate Filtrate	21
Lactobacillus Ganoderma Lucidum Extract	2
Lactobacillus/ Nereocystis Leutkneana Ferment Filtrate	2
Lactobacillus/ Punica Granatum Fruit Ferment Extract	2
Lactobacillus/ Radish Root Ferment Filtrate	6
Lactobacillus/ Soybean Ferment Extract	5
Lactobacillus/ Wasabia Japonica Root Ferment Extract	3
Lactobacillus/Acerola Cherry Ferment	10
Lactobacillus/Algae Extract Ferment	4
Lactobacillus/Amaranthus Caudatus Seed Flour Ferment Filtrate	1
Lactobacillus/Arundinaria Gigantea	1
Lactobacillus/Arundinaria Gigantea Ferment Extract	1
Lactobacillus/Arundinaria Gigantea Ferment Filtrate	20
Lactobacillus/Arundinaria Gigantea Leaf Ferment Filtrate	10
Lactobacillus/Bean Seed Extract/Sodium Glutamate Ferment Filtrate	2
Lactobacillus/Capsicum Frutescens Fruit Extract	1
Lactobacillus/Capsicum Frutescens Fruit Ferment Extract	4
Lactobacillus/Centella Asiatica Extract Ferment Filtrate	4
Lactobacillus/Centella Asiatica/Gleditsia Sinensis Thorn/Houttuynia Cordata Extract/Phellodendron Amurense Bark/Polygonum Cuspidatum Root/Prunella Vulgaris/Torilis Japonica Extract Ferment Filtrate	3
Lactobacillus/Coconut Fruit Juice Ferment Filtrate	2
Lactobacillus/Collagen Ferment Filtrate	1
Lactobacillus/Cucurbita Pepo Fruit Ferment Extract	1
Lactobacillus/Dipteryx Odorata	1
Lactobacillus/Dipteryx Odorata Seed Ferment Filtrate	10
Lactobacillus/Eriodictyon Californicum Ferment Extract	4
Lactobacillus/Fermented Resveratrol Extract	4
Lactobacillus/Grape Juice Ferment Filtrate	2
Lactobacillus/Hibiscus Sabdariffa Flower Ferment Filtrate	16
Lactobacillus/Honey/Keratin Ferment	1
Lactobacillus/Honeysuckle Flower/Licorice Root/Morus Alba Root/Pueraria Lobata Root/Schizandra Chinensis Fruit/Scutellaria Baicalensis Root/Sophora Japonica Flower Extract Ferment Filtrate	3
Lactobacillus/Kelp Ferment Filtrate	8
Lactobacillus/Lactococcus/Leuconostoc/Saccharomyces Laminaria Digitata Ferment Filtrate	1
Lactobacillus/Lemon Peel Ferment Extract	14
Lactobacillus/Leuconostoc/Acetobacter/Kluyveromyces/Saccharomyces	1
Lactobacillus/Leuconostoc/Acetobacter/Kluyveromyces/Saccharomyces Milk Ferment Filtrate	3
Lactobacillus/Lycopene Ferment Extract	1
Lactobacillus/Mangosteen Pericarp Ferment Filtrate	1
Lactobacillus/Milk Ferment Filtrate	1
Lactobacillus/Nereocystis Luetkeana Ferment Filtrate	9
Lactobacillus/Oat Ferment Extract Filtrate	1
Lactobacillus/Oat/Rye/Wheat Seed Extract Ferment	2
Lactobacillus/Olea Europaea Leaf Ferment	1
Lactobacillus/Olive Leaf Ferment Extract	4
Lactobacillus/Panax Ginseng Root Extract Ferment Filtrate	9
Lactobacillus/Panax Ginseng Root Extract Filtrate	1
Lactobacillus/Panax Ginseng Root Ferment Filtrate	23
Lactobacillus/Papaya Ferment Extract	3
Lactobacillus/Papaya Fruit Ferment Extract	37
Lactobacillus/Pear Juice Ferment Filtrate	14
Lactobacillus/Pomegranate Fermented Extract	1
Lactobacillus/Portulaca Oleracea Ferment Extract	66
Lactobacillus/Pumpkin Ferment Extract	44
Lactobacillus/Pumpkin Ferment Filtrate	1
Lactobacillus/Pumpkin Fruit Ferment Filtrate	40
Lactobacillus/Punica Granatim Fruit Ferment Extract	1
Lactobacillus/Punica Granatum Fruit Ferment Extract	103
Lactobacillus/Punica Grantum Fruit Ferment Extract	1
Lactobacillus/Radish Root Ferment Filtrate	8
Lactobacillus/Rice Ferment	22
Lactobacillus/Rice Ferment Filtrate	9
Lactobacillus/Rye Flour Ferment	4
Lactobacillus/Saccharomyces/Rice/Sucrose Ferment Filtrate	1
Lactobacillus/Salix Purpurea Bark Ferment Extract	2
Lactobacillus/Scutellaria Baicalensis Root/Camellia Sinensis Leaf/Artemisia Princeps Leaf/Houttuynia Cordata Leaf/Citrus Junos Fruit Extract Ferment Filtrate	1
Lactobacillus/Soy Milk Ferment Filtrate	3
Lactobacillus/Soybean Extract Ferment Filtrate	2
Lactobacillus/Soybean Ferment Extract	111
Lactobacillus/Soybean Seed Ferment Extract	6
Lactobacillus/Soymilk Ferment Filtrate	8
Lactobacillus/Theobroma Cacao Fruit Ferment Filtrate	1
Lactobacillus/Wasabia Japonica Root Ferment Extract	11
Lactobacillus/Water Hyacinth Ferment	4
Lactobacillus/Watermelon Fruit Ferment Extract	14
Lactobacilus Ferment	2
Lactobacllus Ferment	1
Lactobacllus/Arundinaria Gingantea Ferment Filtrate	1
Lactobionic Acid	121
Lactoccus Ferment Lysate	2
Lactococcus Ferment	10
Lactococcus Ferment Extract	6
Lactococcus Ferment Filtrate Lysate	1
Lactococcus Ferment Lysate	202
Lactococcus Ferment/Hyaluronic Acid Ferment Filtrate	1
Lactococcus/Bean Seed Extract Ferment Filtrate	1
Lactococcus/Hyaluronic Acid Ferment Filtrate	3
Lactoferrin	11
Lactoperoxidase	93
Lactose	196
Lactuca Indica Extract	2
Lactuca Scariola Sativa Leaf Extract	4
Lady'S Mantle Extract	1
Lady'S Thistle Extract	4
Lady'S Thistle Fruit Extract	1
Lagenaria Siceraria Fruit Extract	1
Lal Chandan	1
Laminara Digitala	1
Laminaria Algae Extract	2
Laminaria Angustata Extract	2
Laminaria Cloustoni Extract	6
Laminaria Digitata	1
Laminaria Digitata Extract	368
Laminaria Digitata Extract*	6
Laminaria Digitata Powder	13
Laminaria Digitata Water	1
Laminaria Extract	6
Laminaria Hyperborea	1
Laminaria Hyperborea Extract	11
Laminaria Japonica Extract	150
Laminaria Ochroleuca Extract	130
Laminaria Saccharina Extract	210
Lamium Album Extract	7
Lamium Album Flower Extract	7
Lamium Album Flower/Leaf/Stem Extract	11
Lamium Album Leaf Extract	6
Laneth-15	1
Laneth-16	3
Lannea Microcarpa Fruit Extract	1
Lanolin	678
Lanolin 100% Hpa Modified Lanolin	1
Lanolin Acid	1
Lanolin Alcohol	299
Lanolin Anhydrous	4
Lanolin Base	1
Lanolin Cera	2
Lanolin Cera/Lanolin Wax/Cire De Lanoline	1
Lanolin Oil	100
Lanolin Wax	8
Lanolin*	1
Lanoline Usp	1
Lanonlin	1
Lansium Domesticum Leaf Extract	5
Lapachol	3
Lappa Arctium*	1
Lapsana Communis Flower/Leaf/Stem Extract	66
Lapsanacommunis Flower/Leaf/Stem Extract	1
Lard	5
Larix Europaea Wood Extract	11
Larix Sibirica Wood Extract	3
Larrea Divaricata Extract	8
Larrea Tridentata Extract	3
Lathyrus Odoratus Flower Extract	3
Latic Acid	1
Laundry Lye Soap	1
Lauraldehyde	1
Lauramide DEA	53
Lauramide Dipa	3
Lauramide MEA	3
Lauramide Mipa	6
Lauramide Oxide	3
Lauramidopropyl Betaine	198
Lauramidopropyl Betaine 30	1
Lauramidopropyl Dimethylamine	2
Lauramidopropyl Hydroxysultaine	3
Lauramidopropylamide Oxide	1
Lauramidopropylamine Oxide	152
Lauramidopropyldimethylamine Oxide	3
Lauramine Oxide	197
Laurdimonium Hydroxypropyl Hydrolyzed Soy Protein	15
Laurdimonium Hydroxypropyl Hydrolyzed Wheat Protein	1
Laurel Alcohol	2
Laurel Glucoside	1
Laureth	1
Laureth 10	1
Laureth 2	1
Laureth 23	2
Laureth 3	1
Laureth 4	2
Laureth 7	14
Laureth Sulfate	1
Laureth-1	1
Laureth-1 Phosphate	4
Laureth-10	47
Laureth-11	3
Laureth-12	82
Laureth-2	86
Laureth-20	4
Laureth-21	12
Laureth-23	186
Laureth-25	19
Laureth-3	113
Laureth-30	15
Laureth-4	521
Laureth-4 Carboxlyic Acid	1
Laureth-4 Carboxylic Acid	24
Laureth-5	1
Laureth-5 Carboxylic Acid	1
Laureth-6	6
Laureth-6 Carboxylic Acid	2
Laureth-7	1297
Laureth-7 CITRATE	19
Laureth-8	13
Laureth-9	30
Lauric Acid	799
Lauric Aldehyde	1
Lauric Arginate	2
Lauric Glyceride	1
Lauric Oil Extract	1
Lauric/Myristic/Palmitic/Stearic Glycerides	8
Lauricacid	2
Lauroamphoacetate	1
Lauroamphocarboxyglycinate	4
Lauroyl Glutamate	1
Lauroyl Lactylate	6
Lauroyl Lysine	376
Lauroyl Methyl Isethionate	1
Lauroyl Proline	1
Lauroyl Sarcosinate	3
Lauroyl/Myristoyl Methyl Glucamide	26
Laurtrimonium Chloride	5
Laurus Nobilis Leaf Extract	4
Laurus Nobilis Leaf Oil	5
Laurus Nobilis Oil	2
Laury Alcohol	1
Lauryl Alcohol	110
Lauryl Alcohol Polyether 7	2
Lauryl Betaine	114
Lauryl Dimethicone	9
Lauryl Dimethicone/Polyglycerin-3 Crosspolymer	8
Lauryl Glucoside	959
Lauryl Glucoside*	2
Lauryl Glycoside	1
Lauryl Hydroxyethyl Imidazoline	1
Lauryl Hydroxysultaine	60
Lauryl Isoquinolinum Bromide	1
Lauryl Lactate	64
Lauryl Lactate*	2
Lauryl Lactyl Lactate	21
Lauryl Laurate	143
Lauryl Methacrylate/Glycol Dimethacrylate Copolymer	4
Lauryl Methacrylate/Glycol Dimethacrylate Crosspolymer	36
Lauryl Methacrylate/Sodium Methacrylate Crosspolymer	2
Lauryl Methicone Copolyol	1
Lauryl Methyl Gluceth-10 Hydroxypropyldimonium Chloride	15
Lauryl Olivate	5
Lauryl Pca	42
Lauryl PEG-10 Tris Silylethyl Dimethicone	8
Lauryl PEG-10 Trissilylethyl Dimethicone	15
Lauryl PEG-8 Dimethicone	16
Lauryl PEG-9 Polydimethylsiloxanethyl/Dimethicone	1
Lauryl PEG-9 Polydimethylsiloxyethyl Dimethicone	177
Lauryl PEG-9 Polydimethylsiloxyethyl Ethylhexyl Dimethicone	1
Lauryl PEG-9 Polymethylsiloxyethyl Dimethicone	3
Lauryl PEG/PPG-18/18 Dimethicone	1
Lauryl PEG/PPG-18/18 Methicone	16
Lauryl Phosphate	3
Lauryl Polyglucose	1
Lauryl Polyglyceryl-3 Polydimethylsiloxyethyl Dimethicone	13
Lauryl Pyrrolidone	3
Lauryl Sulfate	1
Lauryl/Myristyl Amidopropyl Amine Oxide	1
Lauryl/Myristyl Benzoate	4
Lauryl/Myristyl Glucoside	2
Lauryl/Myristyl Polyricinoleate	1
Lauryldimonium Hydroxypropyl Hydrolyzed Soy Protein	1
Lauryllaurate	1
Laurylpyridinium Chloride	11
Lava Extract	2
Lava Powder	12
Lavandin	3
Lavandin Essential Oil	3
Lavandin Extract	6
Lavandin Grosso Essential Oil	1
Lavandin Grosso Oil	1
Lavandin Oil	9
Lavandula	4
Lavandula Agustifolia Distillate	1
Lavandula Angustfolia Flower Extract	5
Lavandula Angustfolia Flower Oil/Extract	2
Lavandula Angustfolia Oil	1
Lavandula Angustifola Oil	10
Lavandula Angustifolia	48
Lavandula Angustifolia *	4
Lavandula Angustifolia 0Il	1
Lavandula Angustifolia Distillate	5
Lavandula Angustifolia Essential Oil	18
Lavandula Angustifolia Extract	294
Lavandula Angustifolia Flower	9
Lavandula Angustifolia Flower Essential Oil	1
Lavandula Angustifolia Flower Extract	295
Lavandula Angustifolia Flower Extract*	1
Lavandula Angustifolia Flower Extract+	2
Lavandula Angustifolia Flower Oil	99
Lavandula Angustifolia Flower Powder	6
Lavandula Angustifolia Flower Water	93
Lavandula Angustifolia Flower Water*	1
Lavandula Angustifolia Flower Wax	2
Lavandula Angustifolia Flower/ Leaf/Stem Extract	3
Lavandula Angustifolia Flower/Leaf Extract	1
Lavandula Angustifolia Flower/Leaf Stem Extract	7
Lavandula Angustifolia Flower/Leaf/ Stem Extract	1
Lavandula Angustifolia Flower/Leaf/Stem	1
Lavandula Angustifolia Flower/Leaf/Stem Extract	172
Lavandula Angustifolia Flower/Leaf/Stem Extract*	1
Lavandula Angustifolia Flower/Leaf/Stem Oil	4
Lavandula Angustifolia Flower/Leaf/Stem Water	6
Lavandula Angustifolia Flowers	2
Lavandula Angustifolia Flowers Extract	1
Lavandula Angustifolia Herb Oil	9
Lavandula Angustifolia Hydrosol	1
Lavandula Angustifolia Lavender Flower Oil	5
Lavandula Angustifolia Lavender Oil	3
Lavandula Angustifolia Leaf Oil	1
Lavandula Angustifolia Oil	1531
Lavandula Angustifolia Oil / Lavender Oil	14
Lavandula Angustifolia Oil*	8
Lavandula Angustifolia Oil/Lavender Oil	16
Lavandula Angustifolia Seed Oil	1
Lavandula Angustifolia Water	5
Lavandula Angustifolia/ Lavandula Intermedia Oil	2
Lavandula Angustilfolia Oil	4
Lavandula Augustfolia Herb Extract	1
Lavandula Augustifolia Extract	1
Lavandula Augustifolia Oil	2
Lavandula Essential Oil	1
Lavandula Extract	1
Lavandula Hybrida	1
Lavandula Hybrida Abrialis Oil	1
Lavandula Hybrida Essential Oil*	3
Lavandula Hybrida Extract	4
Lavandula Hybrida Flower	1
Lavandula Hybrida Flower Extract	1
Lavandula Hybrida Flower Oil	2
Lavandula Hybrida Grosso Herb Oil	4
Lavandula Hybrida Herb Oil	2
Lavandula Hybrida Oil	399
Lavandula Hybrida Oil*	2
Lavandula Hybridia Oil	1
Lavandula Intermedia Extract	2
Lavandula Intermedia Flower Buds	1
Lavandula Intermedia Flower Extract	2
Lavandula Intermedia Flower/Leaf/Stem Extract	2
Lavandula Intermedia Flower/Leaf/Stem Oil	2
Lavandula Latifolia Essential Oil	1
Lavandula Latifolia Herb Extract	1
Lavandula Latifolia Oil	3
Lavandula Officinale Oil	3
Lavandula Officinalis	6
Lavandula Officinalis Bud Powder	1
Lavandula Officinalis Essential Oil	6
Lavandula Officinalis Flower Extract	2
Lavandula Officinalis Flower Oil	12
Lavandula Officinalis Hydrosol*	1
Lavandula Officinalis Oil	14
Lavandula Spica Flower Oil	9
Lavandula Spica Flower/Leaf/Stem Extract	3
Lavandula Stoechas Extract	46
Lavandula Vera Oil	4
Lavandula X Intermedia Oil	2
Lavandula X Intermedia Var. Grosso Flower Water	1
Lavendar Extract	1
Lavender	55
Lavender Absolute	1
Lavender Buds	4
Lavender Eo	1
Lavender Essential Oil	83
Lavender Essential Oil Blend	1
Lavender Essential Oils	2
Lavender Extract	32
Lavender Flower	1
Lavender Flower Extract	16
Lavender Flower Infusion	1
Lavender Flower Oil	11
Lavender Flower Powder	1
Lavender Flower Stem Extract	1
Lavender Flower Water	8
Lavender Flower Water Extract	1
Lavender Flower/Leaf/Stem Extract	7
Lavender Flowers	6
Lavender Fragrance	3
Lavender Honey Water	2
Lavender Hydrosol	2
Lavender Infused Water	1
Lavender Leaf	1
Lavender Oil	152
Lavender Oil ‚Äì Lavandula Angustifolia Oil	2
Lavender Population Essential Oil	1
Lavender Water	3
Lavendula Angusifolia Extract	1
Lavendula Angustafolia Oil	1
Lavendula Angustifloia Flower/Leaf/Stem Extract	2
Lavendula Angustifolia	2
Lavendula Angustifolia Extract	14
Lavendula Angustifolia Flower	2
Lavendula Angustifolia Flower Extract	6
Lavendula Angustifolia Flower Extract/Lavendula Angustifolia	1
Lavendula Angustifolia Flower Oil	3
Lavendula Angustifolia Flower/Leaf/Stem Extract	8
Lavendula Angustifolia Oil	10
Lavendula Angustifolia Water	1
Lavendula Augustifolia	2
Lavendula Augustifolia Oil	3
Lavendula Dentata	2
Lavendula Dentata Oil	1
Lavendula Hybrid Oil	1
Lavendula Hybrida	2
Lavendula Hybrida Oil	18
Lavendula Officinalis Essential Oil	2
Lavendula Officinalis Oil	1
Lavendula Spica Flower Oil	3
Lavendula Spica Oil	2
Lawonia Inermis Extract	1
Lawsonia Hermis Flower Fruit/Leaf Extract	1
Lawsonia Inermis Extract	21
Lawsonia Inermis Flower/Fruit/Leaf Extract	9
Lawsonia Inermis Leaf Extract	2
Leaf Extract	1
Leaf Extract Aloe Barbadensis	1
Leaf Oil Melaleuca Alternifolia	1
Leatherwood Cera Alba	2
Leatherwood Mel	1
Leaves	1
Lechithin	1
Lecithin	3333
Lecithin Alcohol	1
Lecithin Phospholipid	5
Lecithin*	2
Lecithin**	1
Leconostoc Radish Root Ferment	2
Lecythis Pisonis Oil	1
Ledum Groenlandicum Extract	3
Ledum Palustre Extract	10
Lemon	35
Lemon Balm	4
Lemon Balm Essential Oil	1
Lemon Balm Extract	2
Lemon Balm Leaf Extract	2
Lemon Balm Oil	1
Lemon Bioflavonoids	4
Lemon Essence	1
Lemon Essential Oil	10
Lemon Essential Oil*	4
Lemon Extract	12
Lemon Fragrance	1
Lemon Fruit Extract	7
Lemon Grass Extract	86
Lemon Grass Oil	2
Lemon Infusion	1
Lemon Juice	10
Lemon Myrtle	1
Lemon Myrtle Oil	3
Lemon Oi	1
Lemon Oil	48
Lemon Oil Cold Pressed	2
Lemon Oil Terpenes	3
Lemon Oil*	2
Lemon Oils	1
Lemon Peel	4
Lemon Peel Extract	14
Lemon Peel Granules	1
Lemon Peel Oil	27
Lemon Peel Oil*	1
Lemon Peel Powder	1
Lemon Terpenes	1
Lemon Verbena	1
Lemon Verbena Essential Oil Blend	2
Lemon Verbena Pure Essential Oil Blend	1
Lemon-Oil	1
Lemongrass	10
Lemongrass Botanical Essence	2
Lemongrass Essential Oil	14
Lemongrass Extract	6
Lemongrass Herb	1
Lemongrass Oil	16
Lemongrass Powder	1
Lens Culinaris Seed Extract	1
Lens Esculenta Extract	1
Lens Esculenta Flour	1
Lens Esculenta Fruit Extact	1
Lens Esculenta Fruit Extract	263
Lens Esculenta Seed Extract	56
Lens Esculenta Seed Extract/Lens Esculenta Seed Extract	1
Lens Esoulenta Fruit Extract	1
Lentil Extract	2
Lentinula Edodes Extract	7
Lentinula Edodes Powder	1
Lentinus Edodes Extract	45
Lentinus Edodes Extract Ferment Filtrate	2
Lentinus Edodes Mycelium Extract	16
Leontopodium Alphinum Meristerm Cell Culture	1
Leontopodium Alpine Callus Culture Extract	1
Leontopodium Alpinum Callus Culture Extract	67
Leontopodium Alpinum Cell Culture Extract	3
Leontopodium Alpinum Extract	85
Leontopodium Alpinum Extract*	2
Leontopodium Alpinum Flower Extract	11
Leontopodium Alpinum Flower/Leaf Extract	63
Leontopodium Alpinum Meristem Cell Culture	42
Leontopodium Extract	1
Leonurus Sibiricus Flower/Leaf/Stem Extract	2
Lepidium Meyenii Extract	2
Lepidium Meyenii Root Extract	23
Lepidium Sativum Sprout Extract	69
Lepidophylla Extract	1
Leptogorgia Virgulata Extract	1
Leptospermone	1
Leptospermum Mel *	3
Leptospermum Petersonii Oil	31
Leptospermum Scoparium	3
Leptospermum Scoparium Branch/Leaf Oil	19
Leptospermum Scoparium Extract	1
Leptospermum Scoparium Honey	4
Leptospermum Scoparium Leaf Extract	8
Leptospermum Scoparium Mel	27
Leptospermum Scoparium Mel Honey	1
Leptospermum Scoparium Oil	8
Lespedeza Capitata Flower/Leaf/Stem Extract	1
Lespedeza Capitata Leaf/Stem Extract	12
Lessonia Nigrescens	1
Leucanthemum Vulgare Flower Extract	1
Leucanthemum Vulgare Seed Extract	4
Leucidal	4
Leucidal Liquid	1
Leucidal Liquid Sf	1
Leucine	158
Leucojum Aestivum Bulb Extract	29
Leuconostoc	5
Leuconostoc / Radish Root Extract Ferment Filtrate	2
Leuconostoc / Radish Root Ferment Filtrate	14
Leuconostoc Ferment Filtrate	65
Leuconostoc Radish Root Ferment Filtrate	13
Leuconostoc/ Radish Root Ferment Filtrate	35
Leuconostoc/Aloe Barbadensis Leaf/ Sorbus Aucuparia Fruit Ferment Filtrate	3
Leuconostoc/Aloe Barbadensis Leaf/Sorbus Aucuparia Fruit Ferment Filtrate	4
Leuconostoc/Radish Ferment Filtrate	1
Leuconostoc/Radish Root	6
Leuconostoc/Radish Root Ferment	3
Leuconostoc/Radish Root Ferment Filtrate	1266
Leuconostoc/Radish Root Ferment Filtrate & Lactobacillus & Cocos Nucifera Fruit	1
Leuconostoc/Radish Root Ferment Lysate Filtrate	6
Leuconostoc/Sorbus Aucuparia Fruit Ferment Filtrate	1
Leuconostock/Radish Root Ferment Filtrate	1
Leuicine	1
Levan	12
Levisticum Officinale Lovage Oil	1
Levisticum Officinale Oil	3
Levocamitine	1
Levocarnitine	2
Levomenol	1
Levulinic Acid	220
Levulnic Acid	1
Lichen Extract	4
Licorice	8
Licorice Extract	16
Licorice Flavonoids	2
Licorice Leaf Extract	2
Licorice Root	8
Licorice Root Extract	37
Licorice Root Extract*	1
Licorice Spice TEA	1
Lidocaine Hcl	1
Lidocaine Hydrochloride 0.5%	1
Light Liquid Paraffin	27
Light Liquid Paraffin 10.5% W/W	1
Light Liquid Paraffin 12.6% W/W	1
Light Mineral Oil	25
Ligilactobacillus Salivarius	1
Lignoceryl Alcohol	10
Lignoceryl Erucate	1
Ligularia Fishceri Leaf Extract	1
Ligustrum Lucidum Seed Extract	1
Lilac Stem Cells	1
Lilal	2
Lilial	12
Lilikoi Oil	1
Lilium Candidum Bulb Extract	45
Lilium Candidum Flower Extract	62
Lilium Candidum Flower Water	1
Lilium Candidum Leaf Cell Extract	10
Lilium Tigrinum Bulb Extract	4
Lilium Tigrinum Extract	17
Lilium Tigrinum Flower/Leaf/Stem Extract	7
Lilium Tigrinum Root Extract	2
Lillial	3
Limanthes Alba Seed Oil	2
Lime	7
Lime Essential Oil	8
Lime Extract	2
Lime Flavor	1
Lime Flower Extract	1
Lime Fruit Extract	1
Lime Oil	24
Lime Oil Terpenes	1
Lime Peel Oil	3
Lime Tree Flower	1
Liminanthes Alba Seed Oil	2
Limnanthes Alba	14
Limnanthes Alba Oil	13
Limnanthes Alba Seed Oil	834
Limnanthes Alba Seed Oil / MEADOWFOAM Seed Oil	22
Limnanthes Alba Seed Oil/Meadowfoam Seed Oil	19
Limnathes Alba Seed Extract	1
Limonen	9
Limonene	8772
Limonene*	11
Limonene**	5
Limonene-D	4
Limonene¬≤	1
Limonene‚Ä†	1
Limonia Acidissima Extract	1
Limonia Acidissima Shell Powder	1
Limonium Gerberi Extract	9
Limonium Narbonese Flower/Leaf/Stem Extract	1
Limonium Vulgare Flower/Leaf/Stem Extract	10
Linal0Ol	1
Linallol	1
Linalol	6
Linaloo	11
Linalool	8656
Linalool *	2
Linalool*	10
Linalool**	3
Linalool¬≤	2
Linalool‚Ä†	1
Linalyl Acetate	125
Linanool	2
Linden Essential Oil	3
Linden Flower	2
Linden Flower Extract	3
Linden Flower Fragrance	1
Lindera Erythrocarpa Extract	1
Lindera Strychnifolia Root Extract	15
Linear Alcohol Ethoxylate 6-7 Mole	1
Linoleamide DEA	1
Linoleamidoprok5Pyl Pg-Dimonium Chloride Phosphate	1
Linoleamidopropyl Dimethylamine	1
Linoleamidopropyl Pg Dimonium Chloride Phosphate	1
Linoleamidopropyl Pg-Dimonium Chloride	3
Linoleamidopropyl Pg-Dimonium Chloride Phosphate	79
Linoleamidopropyl Pg-Dimonium Chloride Phosphate Dimethicone	2
Linoleate	2
Linoleic Acid	835
Linoleic Acid**	2
Linoleic Acids	1
Linoleic/ Linolenic Acid	1
Linoleic/Linolenic Acid	1
Linolenic Acid	397
Linolenic Acids	1
Linseed	1
Linseed Acid	4
Linseed Decoction	1
Linseed Mucilage	1
Linseed Oil	3
Linseed Oil/Palm Oil Aminopropanediol Esters	2
Linum Alpinum Flower/Leaf/Stem Extract	1
Linum Usitatissimum	2
Linum Usitatissimum *	3
Linum Usitatissimum Extract	10
Linum Usitatissimum Flower Extract	1
Linum Usitatissimum Oil	37
Linum Usitatissimum Seed Extract	164
Linum Usitatissimum Seed Extract*	3
Linum Usitatissimum Seed Oil	302
Linum Usitatissimum Seed Oil*	6
Linum Usitatissimum Seed Powder	1
Linum Usitatissmum Seed Extract	1
Lipase	30
Lipoic Acid	1
Liposomes	3
Lippia Alba Oil	1
Lippia CITRIODORA Extract	5
Lippia CITRIODORA Flower Extract	9
Lippia CITRIODORA Flower/Leaf/Stem Oil	1
Lippia CITRIODORA Leaf Extract	10
Lippia CITRIODORA Leaf Oil	2
Lippia Sidoides Leaf Oil	1
Liquid Germal Plus	1
Liquid Paraffin	48
Liquid Paraffin Bp	3
Liquid Paraffin Ph Eur	1
Liquid Paraffin Ph. Eur	3
Liquid-Germall-Plus	1
Liquorice Extract	4
Liriodendron Tulipifera Leaf Wax	1
Litchi Chinenesis Seed Extract	1
Litchi Chinensis Fruit Extract	38
Litchi Chinensis Pericarp Extract	10
Litchi Chinensis Seed Extract	21
Litchi Chinensis Seed Powder	4
Lithium Magnesium Sodium Silicate	48
Lithospermum Erythrohizon Root Extract	3
Lithospermum Erythrohizon Root Oil	1
Lithospermum Erythrorhizon Root Extract	52
Lithospermum Officinale Extract	1
Lithospermum Officinale Root Extract	2
Lithothamnion Calcareum Extract	61
Lithothamnion Calcareum Powder	10
Lithothamnium Calcareum Powder	4
Litichi Chinensis Seed Extract	2
Litsea Cubeba	19
Litsea Cubeba Essential Oil	2
Litsea Cubeba Fruit Essential Oil	1
Litsea Cubeba Fruit Extract	1
Litsea Cubeba Fruit Extract Oil	1
Litsea Cubeba Fruit Oil	141
Litsea Cubeba Fruit Oil*	7
Litsea Cubeba Oil	18
Litsea Oil	1
Lium Verum Fruit Extract	3
Llex Guayusa Leaf Extract	1
Llex Paraguariensis Leaf Extract	8
Lnulin	3
Local Beeswax	1
Locopheryl Acetate	1
Locust Bean Gum	1
Lodh Tree Bark	1
Lodopropynyl	2
Lodopropynyl Butylcarbamate	111
Loess	3
Lolium Perenne Flower Extract	1
Lomatium Dissectum Root Extract	1
Long Pepper	3
Long Sheng Rice Water	1
Longsheng Rice Water	2
Lonic Clay Minerals	1
Lonicera Caprifolium	2
Lonicera Caprifolium Extract	33
Lonicera Caprifolium Flower	10
Lonicera Caprifolium Flower Extract	274
Lonicera Caprifolium Flower Lonicera Japonica Flower Extract	2
Lonicera Caprifolium Ower Extract	1
Lonicera Confusa Extract	1
Lonicera Japonica	4
Lonicera Japonica Extract	29
Lonicera Japonica Flower	4
Lonicera Japonica Flower Extract	349
Lonicera Japonica Flower Extract*	7
Lonicera Japonica Leaf Extract	6
Lonicera Japonica Ower Extract	1
Lonicerajaponica Flower Extract	1
Loniercera Caprifolium Flower Extract	1
Lonincera Japonica Flower Extract	1
Lonized Water	2
Loofah Cylindrica	1
Lophanthus Anisatus Extract	1
Loquat Leaf Extract	2
Loramide DEA	1
Lotus	1
Lotus Corniculatus Extract	3
Lotus Corniculatus Seed Extract	3
Lotus Extract	1
Lotus Flower	1
Lotus Japonicus Extract	1
Lotus Japonicus Somatic Embryo Extract	2
Lotus Japonicus Symbiosome Extract	5
Lotus Leaf Extract	1
Lotus Leaf Powder	2
Lotus Maritimus Flower/Leaf Extract	1
Lotus Seed Extract	1
Lsodecyl Neopentanoate	3
Lsopropyl Palmitate	4
Lucidum Stem Extract	1
Luetkeana Ferment Filtrate	1
Luffa	1
Luffa Cylindrica / Luffa Cylindrica Fruit	2
Luffa Cylindrica Fruit	15
Luffa Cylindrica Fruit Extract	2
Luffa Cylindrica Fruit Powder	4
Luffa Cylindrica Fruit/Leaf/Stem Extract	13
Luffa Cylindrica Root Extract	2
Luffa Cylindrica Seed Oil	15
Lunaria Annua Seed Oil	2
Lupin Oil	1
Lupine Amino Acids	1
Lupinus Albus Seed Extract	78
Lupinus Albus Seed Oil	10
Lutein	2
Luteolin	2
Luteum Ovi Extract	1
Lychee Fruit Essential Oil	1
Lychee Fruit Extract	2
Lycium Barbarum	2
Lycium Barbarum Berry	28
Lycium Barbarum Berry Extract	1
Lycium Barbarum Callus Culture Extract	5
Lycium Barbarum Extract	8
Lycium Barbarum Fruit	5
Lycium Barbarum Fruit Extract	306
Lycium Barbarum Glycopeptide	3
Lycium Barbarum Seed Oil	4
Lycium Chinense Fruit	1
Lycium Chinense Fruit Extract	97
Lycium Chinense Stem Extract	4
Lycium Chinensis Fruit Extract	3
Lycium Chinese Fruit Extract	2
Lycium Fruit Extract	1
Lycolecithin	1
Lycopene	41
Lycopene Extract	1
Lycoperine	1
Lycopodium Clavatum Extract	6
Lye	14
Lye Water	1
Lyral	8
Lysimachia Arvensis Extract	1
Lysine	269
Lysine Aspartate	3
Lysine Azelate	2
Lysine Carboxymethyl Cysteinate	11
Lysine Hci	37
Lysine Hcl	121
Lysine Hydrochloride	4
Lysine Lauroyl Methionate	2
Lysine Thiazolidine Carboxylate	1
Lysmeral	1
Lysolecithin	182
Lysophosphatidic Acid	11
Lythrum Salicaria Extract	9
Maca Root Extract	1
Macadama Ternifolia Seed Oil	1
Macadamia Integrifolia Butter	1
Macadamia Integrifolia Fruit Oil	1
Macadamia Integrifolia Nut Butter	1
Macadamia Integrifolia Nut Oil	8
Macadamia Integrifolia Oil	3
Macadamia Integrifolia Seed Oil	259
Macadamia Integrifolia Seed Powder	2
Macadamia Integrifolia/Tetraphylla Seed Oil	11
Macadamia Lntegrifolia Seed Oil	4
Macadamia Nut	2
Macadamia Nut Oil	42
Macadamia Oil	5
Macadamia Seed Oil	8
Macadamia Ternifolia	1
Macadamia Ternifolia Nut Oil	7
Macadamia Ternifolia Oil	10
Macadamia Ternifolia Seed Oil	729
Macadamia Ternifolia Seed Oil*	2
Macadamiaternifolia Seed Oil	1
Macademia Ternifolia Seed Oil	2
Macelignan Seed Extract	3
Machilus Thunbergii Bark Extract	1
Mackstat Dm	1
Maclura Cochinchinensis Leaf Extract	2
Maclura Cochinchinensis Leaf Prenylflavonoids	13
Maclura Cochinchinensis Leaf Prenylflavonoids/Bioflavonoids	4
Macrocystis Integrifolia Extract	1
Macrocystis Phrifera Protein	1
Macrocystis Pyifera Extract	2
Macrocystis Pyrifera	1
Macrocystis Pyrifera Extract	163
Macrocystis Pyrifera Extract*	2
Macrocystis Pyrifera Protein	3
Macrocystis Pyritera Extract	3
Macrogol 1000 Monostearate	1
Macrogol 600	4
Macrogol Cetostearyl Ether	7
Macrogol Cetostearyl Ether 22	4
Macrogol Cetosteoryl Ether	1
Macropiper Excelsum Extract	4
Macropiper Excelsum Leaf Extract	1
Macropiper Excelsum Leaf Powder	1
Madagascar Vanilla Oil	4
Madecassic Acid	235
Madecassic Acide	1
Madecassoside	410
Madhu 1.8%	1
Madhu 4.0%	1
Madhuca Butter	1
Magnesium	10
Magnesium Aluminium Silicate	27
Magnesium Aluminometasilicate	2
Magnesium Aluminu Silicate	1
Magnesium Aluminum	3
Magnesium Aluminum Silicate	1053
Magnesium Aluminum Silicate Natural Trace Minerals	1
Magnesium Aluminum Silicate-Ii	2
Magnesium Aluminum Sylicate	1
Magnesium Ascorbate Phosphate	1
Magnesium Ascorbyl Phosphate	700
Magnesium Asparate	3
Magnesium Aspartame	1
Magnesium Aspartate	315
Magnesium Aspartate4	1
Magnesium Carbonate	20
Magnesium Carbonate Hydroxide	1
Magnesium Carboxymethyl Beta-Glucan	25
Magnesium Chloride	603
Magnesium Chloride Brine	4
Magnesium Chloride Flakes	3
Magnesium Chloride Hexahydrate	2
Magnesium Chloride Usp	1
Magnesium CITRATE	11
Magnesium Cocoate	24
Magnesium Dna	4
Magnesium Gluconate	111
Magnesium Glycerophosphate	1
Magnesium Hydroxide	68
Magnesium Lactate	15
Magnesium Laurate	24
Magnesium Laureth Sulfate	11
Magnesium Laureth-8 Sulfate	7
Magnesium Myristate	2
Magnesium Nitrate	194
Magnesium Oil	1
Magnesium Oleth Sulfate	7
Magnesium Oxide	71
Magnesium Palmitoyl Glutamate	5
Magnesium Pca	100
Magnesium Potassium Fluorosilicate	3
Magnesium Saccharomyces Ferment	1
Magnesium Salicylate	3
Magnesium Salts	2
Magnesium Silicate	17
Magnesium Stearate	265
Magnesium Sulfate	816
Magnesium Sulfate Heptahydrate	3
Magnesium Sulphate	4
Magnesium Trisilicate	1
Magnesium/Potassium/Silicon/Fluoride/Hydroxide/Oxide	1
Magnifera Indica Fruit Extract	2
Magnifera Indica Seed Butter	3
Magnolia Acuminata Bark Extract	5
Magnolia Acuminata Flower Extract	12
Magnolia Biondii Bud/Flower Extract	2
Magnolia Biondii Flower Extract	5
Magnolia Blossom Oil	1
Magnolia Champaca Flower Oil	7
Magnolia Extract	1
Magnolia Grandiflora Bark Extract	33
Magnolia Grandiflora Leaf Extract	3
Magnolia Kobus Bark Extract	12
Magnolia Liliflora Flower Extract	13
Magnolia Obovata Bark Extract	7
Magnolia Officinalis Bark	1
Magnolia Officinalis Bark Extract	111
Magnolia Officinalis Flower Extract	2
Magnolia Offrcinalis Bark Extract	1
Magnolia Sieboldii Extract	4
Magnolol	19
Magoroku	1
Mahonia Aquifolium Flower/Leaf/Stem Extract	1
Mahonia Aquifolium Root Extract	8
Mahua	1
Maifan Stone	1
Maize Carbohydrate Non-Gmo Thickener	1
Majorana Leaf Oil	1
Malachita Extract	1
Malachite	4
Malachite Extract	104
Malachite Green	13
Malakite Extract	4
Malaleuca Alternifolia Oil	1
Malassezin	4
Maleic Acid	13
Maleleuca Alternifolia Oil	1
Malic Acid	347
Mallis Domestic Fruit Cell Culture Extract	1
Mallow Extract	9
Mallow Lead Extract	1
Malodextrin	1
Malonic Acid	11
Malonic Aicd	1
Malpighia Emarginata Extract	1
Malpighia Emarginata Fruit Extract	27
Malpighia Emarginata Seed Extract	31
Malpighia Glabra	30
Malpighia Glabra *	3
Malpighia Glabra Extract	6
Malpighia Glabra Fruit	1
Malpighia Glabra Fruit Extract	62
Malpighia Glabra Fruit Extract*	1
Malpighia Glabra Fruit Juice	13
Malpighia Punicifolia Extract	1
Malpighia Punicifolia Fruit Extract	40
Malt	1
Malt Extract	37
Maltitol	37
Malto-Dextrin	2
Maltobionic Acid	12
Maltodextrin	1920
Maltodextrin *	1
Maltodextrin Powder	1
Maltodextrin/ Vp Copolymer	1
Maltodextrin/Vp Copolymer	1
Maltol	35
Maltooligosyl Glucoside	86
Maltooligosyl Glucoside/Hydrogenated Starch Hydrolysate	6
Maltose	112
Malus Domestica	19
Malus Domestica Callus Extract	1
Malus Domestica Fruit Cell Culture	14
Malus Domestica Fruit Cell Culture Extract	165
Malus Domestica Fruit Cell Extract	1
Malus Domestica Fruit Extract	21
Malus Domestica Fruit Juice	1
Malus Domestica Fruit Stem Cell Extract	4
Malus Domestica Fruit Water	3
Malus Domestica Juice*	7
Malus Domestica Powder	1
Malus Domestica Pulp	3
Malus Sylvestris	2
Malus Sylvestris Flower Extract	7
Malva Neglecta Extract	1
Malva Sylvestris	1
Malva Sylvestris Extract	105
Malva Sylvestris Flower Extract	69
Malva Sylvestris Flower/Leaf Extract	5
Malva Sylvestris Flower/Leaf/Stem Extract	27
Malva Sylvestris Leaf Extract	25
Mamaku	1
Mamublum Vulgare Cell Culture Extract	1
Mandarin	2
Mandarin Essential Oil	5
Mandarin Oil	11
Mandarin Orange Extract	1
Mandarin Orange Oil	1
Mandarin Orange Peel Oil	15
Mandarin Peel Oil	2
Mandarin White Oil	1
Mandelic Acid	303
Manganese Chloride	2
Manganese Dioxide	1
Manganese Gluconate	46
Manganese Oxide	2
Manganese Pca	53
Manganese Sulfate	25
Manganese Violet	108
Manganese Violet/Ci 77742	1
Mangifera Indica	4
Mangifera Indica Butter	29
Mangifera Indica Butter*	2
Mangifera Indica Extract	23
Mangifera Indica Fruit	3
Mangifera Indica Fruit Extract	179
Mangifera Indica Juice	8
Mangifera Indica Kernel Butter	5
Mangifera Indica Leaf Extract	14
Mangifera Indica Pulp Extract	25
Mangifera Indica Seed Butter	605
Mangifera Indica Seed Butter / Mango Seed Butter	1
Mangifera Indica Seed Butter*	3
Mangifera Indica Seed Extract	1
Mangifera Indica Seed Oil	43
Mangifera Indica Seed Oil*	1
Mangifera Indica Seed Oil/Mangifera Indica Seed Oil	4
Mangifera Indica Seed Oil/Mango Seed Oil	2
Mangifera Lndica Seed Butter	4
Mangifera Lndica Seed Oil	1
Mango	2
Mango Butter	42
Mango Butter Dimer Dilinoleyl Esters/Dimer Dilinoleate Copolymer	40
Mango Fruit Extract	1
Mango Seed Butter	19
Mango Seed Oil	3
Mangostan Peel Extract	1
Mangosteen	3
Mangosteen Aromatic Extract	1
Mangosteen Extract	3
Mangosteen Fruit Extract	4
Mangostin	3
Manicouagan Clay	3
Manihot Esculenta Crantz Root Flour	1
Manihot Esculenta Root Starch	1
Manihot Esculenta Starch	11
Manihot Utilissima Root Fiber	1
Manilkara Multinervis Leaf Extract	3
Manjishta	1
Manjishtha Root Powder	1
Manjistha	2
Manjistha Root	1
Mannan	20
Mannitol	523
Mannitol*	1
Mannose	142
Manuka Essential Oil	2
Manuka Honey	41
Manuka Honey 12+	3
Manuka Honey Mgo 83	1
Manuka Oil Extract	1
Maracuaja Oil	1
Maracuja Oil Seed Oil	2
Maranta Arundinacea	2
Maranta Arundinacea Extract	1
Maranta Arundinacea Powder	2
Maranta Arundinacea Root	1
Maranta Arundinacea Root Extract	45
Maranta Arundinacea Root Powder	8
Marigold	4
Marigold Extract	3
Marine Algae	1
Marine Algae Extract	2
Marine Collagen	16
Marine Peptides	1
Maris Aqua	113
Maris Aqua / Eau De Mer	85
Maris Aqua /Eau De Mer	1
Maris Aqua/Sea Water/Eau De Mer	41
Maris Limus	13
Maris Limus Extract	22
Maris Limus/Sea Silt Extract/Extrait De Limon Marin	2
Maris Sal	272
Maris Sal / Sea Salt / Sel Marin	4
Maris Sal /Sel Marin	6
Maris Sal/Dead Sea Minerals	4
Maris Sal/Sea Salt	5
Maris Sal/Sea Salt/Sel Marin	75
Maris Sal/Sea Water/Eau De Mer	1
Maritime Pine Extract	1
Marjoram Oil	3
Marrubium Meristem Cell Culture	1
Marrubium Vulgare Extract	79
Marrubium Vulgare Meristem Cell Culture	25
Marrubium Vulgare Stem Cell Culture	8
Marrubium Vulgare Stem Cell Extract	1
Marsdenia Condurango Bark Extract	2
Marshmallow	2
Marshmallow Extract	4
Marshmallow Leaf	2
Marshmallow Root	11
Marshmallow Root Extract	10
Marula Oil	14
Marula Sclerocarya Birrea Oil	1
Marula-Glucoside	1
Masking Fragrance	26
Masking Oil	1
Maslinic Acid	2
Mass Balance Sustainable Palm Oil	1
Mastic Oil	1
Matcha Extract	4
Matcha Green TEA	1
Matcha Powder	4
Matcha TEA Extract	1
Mate Extract	1
Matricaria	1
Matricaria Chamomilla	1
Matricaria Chamomilla Co2 Extract	2
Matricaria Chamomilla Extract	3
Matricaria Chamomilla Flower Extract	4
Matricaria Chamomilla Oil	3
Matricaria Discoidea Flower Extract	2
Matricaria Extract	4
Matricaria Flower Extract	39
Matricaria Oil	1
Matricaria Recutita	4
Matricaria Recutita Essential Oil	2
Matricaria Recutita Extract	9
Matricaria Recutita Flower	1
Matricaria Recutita Flower Distillate	1
Matricaria Recutita Flower Extract	34
Matricaria Recutita Flower Oil	3
Matricaria Recutita Flower Powder	1
Matricaria Recutita Flowers	1
Matricaria Recutita Hydrosol	2
Matricaria Recutita L Flower Water	1
Matrikine-Mimetic Peptide	1
Matrine	4
Matrixes 3000	1
Matrixyl 3000	11
Matrixyl 3000Tm	1
Matrixyl Synthe 6	1
Matrixyl Synthe'6	1
Matthiola Longipetala Seed Oil	1
Matthiola Longjpetala Seed Oil	1
Mauritia Flexuosa Fruit Oil	64
Mauritia Flexuosa Oil	2
May Contain	1
May Contain : CI 77891	7
May Contain : Titanium Dioxide	6
May Contain: Titanium Dioxide	1
Mct Oil	6
MEA Lauryl Sulfate	1
MEADOW Foam Seed Oil	4
MEADOW Sweet	1
MEADOWFOAM Delta-Lactone	11
MEADOWFOAM Estolide	32
MEADOWFOAM Oil	7
MEADOWFOAM Seed Extract	1
MEADOWFOAM Seed Oil	36
MEADOWFOAM Seed Oil Extract	1
MEADOWFOAMAMIDOPROPYL Betaine	1
MEADOWSWEET Extract	3
Medicago Sativa	2
Medicago Sativa Extract	169
Medicago Sativa Extract / Alfalfa Extract	5
Medicago Sativa Flower	1
Medicago Sativa Flower/Leaf/Stem Juice	1
Medicago Sativa Leaf Extract	19
Medicago Sativa Leaf Extract*	1
Medicago Sativa Leaf Powder	2
Medicago Sativa Seed Extract	21
Medicago Sativa Seed Powder	81
Medium Chain Triglyceride Oil	1
Medium Chain Triglycerides	7
Medium-Chain Triglycerides	6
Medlar	1
Medlar Extract	1
Mel	120
Mel / Honey	8
Mel / Honey / Miel	7
Mel Extract	24
Mel Extract / Honey Extract	4
Mel Extract/Honey Extract	19
Mel Extract/Honey Extract/Extrait De Miel	5
Mel/Honey	8
Mel/Honey Extract	3
Mel/Honey Extract/Extrait De Miel	1
Mel/Honey/Miel	42
Melaceuca Alternifolia Extract	1
Melaeuca Alternifolia	1
Melaleuca Altemifolia Leaf Extract	2
Melaleuca Altemifolia Leaf Oil	7
Melaleuca Altemifolia Oil	4
Melaleuca Alternafolia Leaf Oil	11
Melaleuca Alternfolia Leaf Oil	1
Melaleuca Alternifolia	11
Melaleuca Alternifolia Essential Oil	4
Melaleuca Alternifolia Extract	83
Melaleuca Alternifolia Flower/Leaf/Stem Extract	14
Melaleuca Alternifolia Leaf	4
Melaleuca Alternifolia Leaf 0Il	1
Melaleuca Alternifolia Leaf Essential Oil	1
Melaleuca Alternifolia Leaf Extract	116
Melaleuca Alternifolia Leaf Oil	698
Melaleuca Alternifolia Leaf Oil/Melaleuca Alternifolia Leaf Oil	16
Melaleuca Alternifolia Leaf Oil/Tea Tree Leaf Oil	1
Melaleuca Alternifolia Leaf Water	27
Melaleuca Alternifolia Oil	91
Melaleuca Altrernfolia Leaf Oil	1
Melaleuca Cajuputi Oil	2
Melaleuca Cajuputs Oil	1
Melaleuca Ericifolia Essential Oil	1
Melaleuca Ericifolia Leaf Extract	2
Melaleuca Leaf	1
Melaleuca Leucadendron Cajaput Oil	3
Melaleuca Leucadendron Cajaputi Oil	2
Melaleuca Leucadendron Cajeput Oil	6
Melaleuca Leucadendron Cajuputi Oil	2
Melaleuca Leucadendron Leaf Oil	3
Melaleuca Oil	1
Melaleuca Quinqueneriva Leaf Oil	1
Melaleuca Quinquenervia Oil	2
Melaleuca Viridiflora Leaf Oil	8
Melaleuca Viridiflora Oil	6
Melalueca Alternifolia Leaf Oil	7
Melanin	15
Melatonin	52
Melealeuca Alternifolia Leaf Oil	1
Melia Azadiachata Flower Extract	1
Melia Azadirachta Bark Extract	7
Melia Azadirachta Conditioned Media/Culture	1
Melia Azadirachta Extract	46
Melia Azadirachta Flower Extract	485
Melia Azadirachta Flower/ Leaf Extract	1
Melia Azadirachta Fruit Extract	2
Melia Azadirachta Leaf	2
Melia Azadirachta Leaf /Flower Extract	2
Melia Azadirachta Leaf Extract	592
Melia Azadirachta Leaf/Flower Extract	1
Melia Azadirachta Seed Extract	4
Melia Azadirachta Seed Oil	51
Melibiose	1
Melilotus Officinalis Blossom Extract	1
Melilotus Officinalis Extract	82
Melilotus Officinalis Flower Extract	1
Melissa Essential Oil	2
Melissa Officinalis	15
Melissa Officinalis Aromatic Extract	1
Melissa Officinalis Essential Oil	1
Melissa Officinalis Extract	103
Melissa Officinalis Flower Oil	1
Melissa Officinalis Flower Oil*	1
Melissa Officinalis Flower/Leaf/ Stem Extract	1
Melissa Officinalis Flower/Leaf/Stem Extract	2
Melissa Officinalis Flower/Leaf/Stem Water	5
Melissa Officinalis Leaf	1
Melissa Officinalis Leaf Extract	194
Melissa Officinalis Leaf Oil	14
Melissa Officinalis Leaf Oil*	3
Melissa Officinalis Left Extract	1
Melissa Officinalis Oil	6
Melissa Officinalis Seed Oil	2
Melissa Officinalis Water	1
Melissa Oil	1
Melon Extract	1
Melon Juice	1
Melon Seed Extract	1
Melothria Heterophylla Extract	1
Melothria Heterophylla Root Extract	2
Melothria Scabra Seed Extract	1
Men Tha Piperita Leaf Extract	1
Menadione	18
Menaquinone-4	1
Menaquinone-7	1
Menhaden Oil	1
Menta Piperta Oil	1
Menta Virdis Leaf Oil	1
Mentha Aquatica Extract	3
Mentha Aquatica Leaf Extract	11
Mentha Arvensis	20
Mentha Arvensis Essential Oil	3
Mentha Arvensis Extract	15
Mentha Arvensis Flower/Leaf/Stem Extract	1
Mentha Arvensis Leaf Extract	28
Mentha Arvensis Leaf Oil	120
Mentha Arvensis Leaf Oil/Mentha Arvensis Leaf Oil	2
Mentha Arvensis Leaf Oil/Piperita Oil	2
Mentha Arvensis Leaf/Stem Oil	1
Mentha Arvensis Oil	17
Mentha Australis Leaf Extract	1
Mentha CITRATA Leaf Extract	10
Mentha CITRATA Oil	2
Mentha Crystal	1
Mentha Haplocalix Extract	7
Mentha Haplocalyx Extract	1
Mentha Haplocalyx Herb	1
Mentha Haplocalyx Oil	2
Mentha Piperia Oil	1
Mentha Piperita	34
Mentha Piperita Essential Oil	13
Mentha Piperita Extract	62
Mentha Piperita Extract / Peppermint Extract	3
Mentha Piperita Extract / Peppermint Leaf Extract	2
Mentha Piperita Extract/Peppermint Extract	2
Mentha Piperita Extract/Peppermint Leaf Extract	6
Mentha Piperita Flower/Leaf/Stem Extract	2
Mentha Piperita Flower/Leaf/Stem Oil	4
Mentha Piperita Flower/Stem/Leaf Oil	1
Mentha Piperita Leaf	7
Mentha Piperita Leaf Extract	242
Mentha Piperita Leaf Juice	1
Mentha Piperita Leaf Oil	35
Mentha Piperita Leaf Water	21
Mentha Piperita Oil	596
Mentha Piperita Oil / Peppermint Oil	11
Mentha Piperita Oil*	5
Mentha Piperita Oil/Peppermint Oil	11
Mentha Piperita Stem Extract	3
Mentha Piperita Water	1
Mentha Piperita/Peppermint Leaf Extract	1
Mentha Pipertia Leaf Extract	2
Mentha Pulegium Extract	3
Mentha Rotundifolia Leaf Extract	48
Mentha Spicata	4
Mentha Spicata Essential Oil	6
Mentha Spicata Extract	2
Mentha Spicata Flavor Extract	1
Mentha Spicata Flower/Leaf//Stem Extract	1
Mentha Spicata Flower/Leaf/Stem Extract	7
Mentha Spicata Herb Oil	11
Mentha Spicata Leaf Essential Oil	2
Mentha Spicata Leaf Extract	2
Mentha Spicata Leaf Oil	6
Mentha Spicata Leaf/Stem Oil	1
Mentha Spicata Oil	18
Mentha Suaveolens Leaf Extract	6
Mentha Suavis Extract	1
Mentha Virdis Leaf Oil	5
Mentha Viridi Extract	1
Mentha Viridis	3
Mentha Viridis Extract	40
Mentha Viridis Leaf	1
Mentha Viridis Leaf Extract	34
Mentha Viridis Leaf Oil	165
Mentha Viridis Oil	80
Mentha Viridis Spearmint Leaf Oil	1
Mentha X Piperita Oil	2
Mentha X Suavis Extract	1
Mentha X Suavis Leaf Oil	1
Menthanediol	3
Menthol	862
Menthol 0.5%	4
Menthol 0.625%	1
Menthol Crystals	12
Menthol Lactate	2
Mentholum	1
Menthone	7
Menthone Glycerin Acetal	67
Menthoxypropanediol	137
Menthyl Acetate	2
Menthyl Anthranilate	3
Menthyl Ethyl Amido	1
Menthyl Ethylamido Oxalate	21
Menthyl Gluceth-20	1
Menthyl Lactate	318
Menthyl Nicotinate	4
Menthyl Pca	20
Mentol	2
Mentoxipropanediol	1
Menyanthes Trifoliata Flower Extract	1
Menyanthes Trifoliata Leaf Extract	32
Meradimate	25
Mesembryanthemum Crystallinum Callus Extract	2
Mesembryanthemum Crystallinum Extract	10
Mesua Ferrea Flower Extract	1
Mesyloxybenzyl Methoxyethyl Chlorobenzamide	1
Meteorite Powder	12
Methacrylate	2
Methacrylic Acid/Sodium Acrylamidomethyl Propane Sulfonate Copolymer	1
Methacryloyl Ethyl Betaine/Acrylates Copolymer	1
Methanol	2
Methicone	163
Methicone Silsesquioxane Crosspolymer	1
Methionine	109
Methl Trimethicone	4
Methlsilanol Mannuronate	1
Methocellulose	1
Methone Glycerin Acetal	1
Methoxy Amodimethicone/Silsesquioxane Copolymer	1
Methoxy Hydroxy Benzaldehyde	1
Methoxy PEG-114/POLYEPSILON Caprolactone	11
Methoxy PEG-125 Ethylamido Sodium Glutamate/Valine Copolymer	2
Methoxy PEG-22-DODECYL Glycol Copolymer	3
Methoxy PEG-22/DODECYL Glycol Copolymer	15
Methoxy PEG/PPG-25/4 Dimethicone	4
Methoxydibenzoylmethane	1
Methoxyhydroxyphenyl Isopropylnitrone	1
Methoxyphenyl T-Butylphenyl Propanediol	1
Methoxyphenylbutanone	3
Methoxypropanol	2
Methoxypropylamino Cyclohexenylidene Ethoxyethylcyanoacetate	2
Methy Paraben	1
Methychloroisothiazolinone	8
Methyisothiazolinone	14
Methyl 2-Octynoate	33
Methyl 2-Oxtyndate	1
Methyl Acetate	17
Methyl Acetyl Ricinoleate	1
Methyl Alcohol	3
Methyl Anthranilate	5
Methyl Benzoate	18
Methyl Benzodioxepinone	8
Methyl Bis-Benzotriazolyl Tetramethylbutylphenyl	1
Methyl Carboxymethylphenyl Aminocarboxypropylphosphonate	9
Methyl Cellulose	6
Methyl Cyclodextrin	3
Methyl Decenol	5
Methyl Dihydrabietate	1
Methyl Dihydroabietate	11
Methyl Dihydrojasmonate	4
Methyl Dihydroxybenzoate	2
Methyl Diisopropyl Propionamide	49
Methyl Esters	1
Methyl Estradiolpropanoate	2
Methyl Ether	1
Methyl Eugenol	4
Methyl Furfural	1
Methyl Glucamine Hcl	1
Methyl Gluceth	4
Methyl Gluceth 20	10
Methyl Gluceth-10	61
Methyl Gluceth-20	713
Methyl Gluceth-20 Benzoate	4
Methyl Gluceth20	2
Methyl Glucose Caprate/Caprylate/Oleate	9
Methyl Glucose Dioleate	19
Methyl Glucose Sesouistearate	1
Methyl Glucose Sesquistearate	212
Methyl Glucoses	1
Methyl Glucoside Phosphate	2
Methyl Glucoside Phosphate Proline Lysine Copper Complex	6
Methyl Hydrogenated Rosinate	25
Methyl Hydroxybenzoate	6
Methyl Hydroxyethylcellulose	1
Methyl Hydroxystearate	1
Methyl Ionone	4
Methyl Ionone Gamma	3
Methyl Ionones	5
Methyl Isothiazolinone	1
Methyl Lactate	22
Methyl Methacrylate	2
Methyl Methacrylate Cross-Polymer	1
Methyl Methacrylate Crosspolymer	188
Methyl Methacrylate/Glycol Dimethacrylate Crosspolymer	59
Methyl Methacrylate/Peg/Ppg-4/3 Methacrylate Crosspolymer	4
Methyl Methacrylate/Peg/Ppg-4/3 Methylacrylate Crosspolymer	1
Methyl Nicotinate	8
Methyl Nonafluoroisobutyl Ether	1
Methyl Palmitate	5
Methyl Paraben	60
Methyl Paraben And Propyl Paraben	1
Methyl Parahydroxybenzoate	5
Methyl Perfluorobutyl Ether	48
Methyl Perfluoroisobutyl Ether	19
Methyl Propanediol	18
Methyl Propyl Parabens	1
Methyl Salicylate	14
Methyl Soyate	7
Methyl Sulfonyl Methane	8
Methyl Trimethicone	188
Methyl Undecenoyl Leucinate	1
Methyl Undecylenate	1
Methyl Xanthine	1
Methyl-2-Octynoate	1
Methyl-Isothiazo-Linone	1
Methyl-Paraben	4
Methyl/Ethyl/Butyl/Isobutyl/Propyl/Paraben	1
Methyl/Propylparabens	1
Methyl2-Octynoate	1
Methylamido Dihydro Noralfaprostal	1
Methylbenzyl Acetate	7
Methylcellulose	20
Methylchloroisathiazolinone	3
Methylchloroiso-Thiazolinone	9
Methylchloroisothazolinone	4
Methylchloroisothiazalinone	1
Methylchloroisothiazoline	3
Methylchloroisothiazolinine	1
Methylchloroisothiazolinone	1499
Methylchloroisothiazolinone/Methylisothiazolinone	5
Methylchlorothiazolinone	1
Methylchoroisothiazolinone	4
Methylcloroisotiazolinone	1
Methyldibromo Glutaronitrile	1
Methyldihydrojasmonate	133
Methylene Bis-Benzotriazolyl Tetramethylbutylphenol	44
Methylenedioxyphenyl Methylpropanal	8
Methylethanol	1
Methylglucamine	7
Methylgluceth-20	2
Methylglucoside Phosphate	59
Methylglycinediacetic Acid Trisodium Salt	1
Methylheptyl Isostearate	24
Methylheptyl Laurate	1
Methylheptyl Palmitate	1
Methylheptylglycerin	15
Methylhydroxy Propylcellulose	2
Methylionone Gamma	1
Methylisothiazol	1
Methylisothiazolinine	1
Methylisothiazolinone	1819
Methylisothiazolinone + Methylchloroisothiazolinone	3
Methylisothiazolone	1
Methylisothiazonlinone	1
Methylizothiazolinone	1
Methylmethacrylate Crosspolymer	1
Methylmethacrylate/Glycol Dimethacrylate Crosspolymer	1
Methylnonafluorobutyl Ether	1
Methyloparaben	1
Methyloroisthiazolinone	1
Methylparaben	3564
Methylparaber	1
Methylparben	1
Methylpolysiloxane	1
Methylpropanediol	1046
Methylpropional	6
Methylsilanol	6
Methylsilanol Ascorbate	1
Methylsilanol Carboxymethyl Theophylline Alginate	7
Methylsilanol Hydroxyproline Asparate	1
Methylsilanol Hydroxyproline Aspartate	18
Methylsilanol Mannuronate	50
Methylsilanol Tri-Peg-8 Glyceryl Cocoate	1
Methylsilanol/Silicate Crosspolymer	14
Methylsothiazolinone	10
Methylsufonlylmethane	1
Methylsulfonyl Methane	2
Methylsulfonylmethane	50
Methylsulfynolmethane	6
Methylthioninium Chloride	1
Methyltrimethicone	3
Methyparaben	10
Meua Azadirachta Flower Extract	1
Mevalonolactone	7
Mica	2476
Mica *	3
Mica 51817 00768	1
Mica 77019	3
Mica CI 77019	12
Mica/Ci 77019	9
Micellar Water	1
Micellized Beta Carotene	1
Michelia Alba Flower Oil	28
Michelia Alba Leaf Oil	32
Michelia Champaca Flower Extract	1
Michelia Champaca Flower Oil	7
Micocystalline Wax	1
Micreobalance‚Ñ¢	2
Micro-Crystalline Cellulose	2
Microalgae	1
Microcitrus Australasica	1
Microcitrus Australasica Fruit Extract	69
Microcitrus Australis Fruit Extract	7
Micrococcus Lysate	105
Microcristallina Cera/Microcrystalline Wax/Cire Microcrystalline	2
Microcristalline Wax	1
Microcrystal-Line Wax	2
Microcrystaline Wax	2
Microcrystalline	3
Microcrystalline Cellulose	512
Microcrystalline Wax	583
Microcrystalline Wax / Cera Microcristallina / CIRE Microcristalline	32
Microcrystalline Wax / Cera Microcristallina/Cire Microcristalline	1
Microcrystalline Wax/ Cera Microcristallina/ CIRE Microcrystalline	1
Microcrystalline Wax/ Cera Microcristallina/Cire Microcristalline	5
Microcrystalline Wax/Cera Microcristallina	4
Microcrystalline Wax/Cera Microcristallina/Cire Microcristalline	41
Microcrystalline Wax/Cera Microcristallina/Cire Microcrystalline	18
Microcrystalline Wax/Cire Microcristalline	18
Microcrystalline Wax/Cire Microcrystalline	8
Microcrystalline Wax/Microcristallina Cera/Cire Microcristalline	4
Microcrystalline Wax\Cera Microcristallina	1
Microcrystalline Wax\Cera Microcristallina\Cire Microcristalline	66
Microcrystallinewax	1
Microencapsulated Ascorbyl Acid	1
Micronized Benzoyl Peroxide	1
Micronized Estradiol Usp	1
Micronized Estriol Usp	1
Micronized Titanium Dioxide	1
Micronized Usp Estriol	2
Midori 13	1
Milk	6
Milk Exosomes	1
Milk Extract	12
Milk Lipid	2
Milk Lipids	7
Milk Powder	4
Milk Protein	71
Milk Protein Extracct	1
Milk Protein Extract	30
Milk Protein/Proteine Du Lait	6
Milk Proteins	3
Milk Thistle	2
Milk Thistle Extract	5
Milled Oats	2
Millet Extract	1
Millet Flakes	1
Millet Seed Extract	2
Milt Extract	1
Mimosa Floral Wax	1
Mimosa Pudica	3
Mimosa Tenuflora Bark Extract	1
Mimosa Tenuiflora	2
Mimosa Tenuiflora Bark Extract	92
Mimosa Tenuiflora Barkextract	1
Mimosa Tenuiflora Extract	2
Mimosa Tenuiflora Leaf Extract	2
Mimosa Terniflora Extract	1
Mineral Clay	1
Mineral DEAD Sea Mud	2
Mineral Oil	2242
Mineral Oil / Huile Min√©Rale	3
Mineral Oil / Paraffinum Liquidum / Huile Min√©Rale	1
Mineral Oil / Paraffinum Liquidum /Huile Min√©Rale	1
Mineral Oil Paraffinum Liquidum\Huile Minerale	3
Mineral Oil Usp	1
Mineral Oil/ Huile Min√©Rale	3
Mineral Oil/ Paraffinum Liquidum	4
Mineral Oil/ Paraffinum Liquidum/ Huile Minerale	1
Mineral Oil/Huile Mineral	1
Mineral Oil/Huile Minerale	8
Mineral Oil/Huile Min√©Rale	37
Mineral Oil/Paraffinum Liquidium	1
Mineral Oil/Paraffinum Liquidum	14
Mineral Oil/Paraffinum Liquidum/Huile Minerale	11
Mineral Oil\Paraffinum Liquidum\Huile Min√©Rale	18
Mineral Pigment	8
Mineral Pigment Or Vegetable Color	2
Mineral Pigments	18
Mineral Rich Clays	1
Mineral Salts	49
Mineral Spirits	1
Mineral Spring Water	11
Mineral Water	5
Mineral Wax	2
Mink Oil	1
Mint	5
Mint Extract	1
Mint Fema	1
Mint Leaves	1
Mipa-Cocoyl Sarcosinate	1
Mipa-Laureth Sulfate	7
Mipa-Oleate	1
Mirabilis Jalapa Callus Extract	5
Mirabilis Jalapa Extract	10
Mirabilis Jalapa Flower/Leaf/Stem Extract	9
Mitoquinol Mesylate	1
Mitracarpus Scaber Extract	24
Mixed Fatty Acid Soap	1
Mixed Fruit Extract	3
Mixed Ionones	5
Mixed Terpenes	1
Mixed Toco-Pherol	3
Mixed Tocopherol	31
Mixed Tocopherol Concentrate	1
Mixed Tocopherol Powder	3
Mixed Tocopherol Vitamin E	1
Mixed Tocopherols	123
Mixed Tocopherols Vitamin E	2
Mixed Tocotrienols	1
Mlneral Oll	1
Modified Corn Starch	1
Modified Food Starch	4
Molasses	11
Molasses Extract	7
Molasses Extract/Saccharum Officinarum Extract	1
Molasses Extract/Saccharum Officinarum Extrait De Melasse	1
Molasses Extract/Saccharum Officinarum/Extrait De Melasse	3
Molasses Extract\Saccharum Officinarum	1
Molasses Extract\Saccharum Officinarum\Extrait	1
Molasses Extract\Saccharum Officinarum\Extrait De Melasse	42
Molasses Extract\Saccharum Officinarum\Extrait De M√©Lasse Laminaria Digitata Extract	1
Molecular Oxygen Clathrate	2
Moluccana Nut Oil	1
Momordica Charantia Fruit Extract	10
Momordica Cochinchinensis Seed Aril Oil	1
Momordica Cochinchinensis Seed Extract	1
Momordica Grosvenorii Fruit Extract	5
Monarda Didyma Callus Extract	1
Monarda Didyma Leaf Extract	52
Monarda Didyma Leaf Extracts	7
Monarda Didyma Leaf/Flower Oil	1
Monascus Extract	7
Monascus/Rice Ferment	4
Mongongo Oil	3
Monnier'S Snowparsley Fruit Extract	1
Mono And Diglycerides	1
Mono Glyceryl Oleate	1
Monoammonium Glycyrrhizinate	1
Monoethanolamide	1
Monoethanolamine	2
Monoglycerides	1
Monoglycerides CITRATE	1
Monohydrate	1
Monoi De Tahiti	1
Monoi Extract	1
Monoi Oil	2
Monolaurate	3
Monolaurin	1
Monomethylsilanetriol	1
Monopropylene Glycol	2
Monosodium CITRATE	21
Monosodium Phosphate	2
Monostroma Nitidum Thallus Extract	1
Monosulfiram	1
Montan Acid Wax	4
Montan Wax	2
Montana Flower Extract	2
Montanov 202 Emulgade 1000 Ni Emulgade Pl 68/50 Olivem 1000	1
Monthol	1
Montmorillonite	166
Montmorillonite Clay	4
Montmorillonite Clay Kanwa	1
Montmorillonite Red Clay	1
Montmorilonite	1
Montomorillonite	1
Montorillomite Clay	2
Moon Valley Organic Calendula	8
Moon Valley Organic Comfrey	3
Moon Valley Organic Comfrey Infused In Oils Of Organic Coconut	3
Moonstone Powder	2
Moor Mud	1
Morinda CITRIFOLIA Callus Culture Lysate	5
Morinda CITRIFOLIA Extract	33
Morinda CITRIFOLIA Fruit	1
Morinda CITRIFOLIA Fruit Extract	86
Morinda CITRIFOLIA Fruit Juice	10
Morinda CITRIFOLIA Fruit Powder	1
Morinda CITRIFOLIA Leaf Extract	4
Morinda CITRIFOLIA Seed Extract	1
Morinda CITRIFOLIA Seed Oil	5
Moringa Oil	11
Moringa Oil/Hydrogenated Moringa Oil Esters	34
Moringa Olefera Seed Oil	1
Moringa Oleifera	2
Moringa Oleifera Leaf Aqueous Extract	7
Moringa Oleifera Leaf Extract	28
Moringa Oleifera Leaf Powder	1
Moringa Oleifera Leaf Water	9
Moringa Oleifera Oil	5
Moringa Oleifera Seed Extract	143
Moringa Oleifera Seed Oil	385
Moringa Oleifera Seed Oil*	1
Moringa Olifera Seed Oil	1
Moringa Pterygosperma Oil	4
Moringa Pterygosperma Seed Extract	60
Moringa Pterygosperma Seed Oil	11
Moringa Seed Oil	2
Moroccan Argan Oil	4
Moroccan Camomile Sauvage Oil	2
Moroccan Camomile Sauvige Oil	1
Moroccan Chamomile Sauvage Oil	1
Moroccan Lava Clay	48
Moroccan Red Clay	1
Moroccan Rhassoul Clay	4
Moroccan Rose Essential Oil	1
Moroccan Rose Floral Water	1
Moroccan Rose Water	2
Morus Alba Bark Extract	95
Morus Alba Extract	7
Morus Alba Fruit Extract	53
Morus Alba Leaf Extract	174
Morus Alba Root Extract	90
Morus Alba Twig Extract	4
Morus Bombycis Leaf Extract	1
Morus Bombycis Root Extract	31
Morus Nigra Fruit Extract	24
Morus Nigra Leaf Extract	15
Morus Nigra Root	1
Morus Nigra Root Extract	20
Mother Of Pearl	3
Mother Of Pearl Extract	1
Mother Of Pearl/Mother Of Pearl	1
Mourera Fluviatilis Extract	4
Msm	54
Mu-Conotoxin Cniiic	4
Mucin	1
Mucopolysaccharides	1
Mucor Miehei Extract	16
Mucuna Birdwoodiana Stem Extract	1
Mucuna Pruriens Seed Extract	2
Mugwort	1
Mugwort Extract	1
Mugwort Hydrosol	1
Mugwort Vinegar	1
Mulberry Extract	4
Mulberry Fruit Extract	1
Mulberry Leaf Extract	1
Mulberry Root Extract	3
Mulethi Stem	1
Mullein Leaf	3
Multani Mitti	3
Mung Bean	1
Mungfali Seed Oil	1
Muriatic Acid	1
Muriella Aurantiaca Oil	1
Muriella Aurantiaca/Ruttnera Lamellosa Oil	2
Murraya Koenigii Leaf Oil	1
Murraya Koenigii Stem Extract	3
Murumuru Butter	7
Musa Acuminata Fruit Extract	1
Musa Paradisiaca Fruit	2
Musa Paradisiaca Fruit Extract	3
Musa Paradisiaca Fruit Juice	3
Musa Paradisiaca Fruit Juice/Banana Fruit Juice	1
Musa Sapientum Extract	17
Musa Sapientum Flower Extract	14
Musa Sapientum Fruit Extract	155
Musa Sapientum Fruit Extract/Banana Fruit Extract	1
Musa Sapientum Fruit Flakes	1
Musa Sapientum Fruit Juice	2
Musa Sapientum Leaf Extract	9
Musa Sapientum Leaf/Trunk Extract	2
Musa Sapientum Peel Extract	5
Musa Sapientum Pulp Extract	32
Muscadine Grape Skin Extract	2
Mushroom Extract	9
Mustard	1
Myacide Pharma Bp	1
Myosotis Sylvatica Flower/Leaf/Stem Extract	5
Myr-Ciaria Dubia	1
Myrcene	6
Myrciana Duba Fruit Extract	1
Myrciaria Cauliflora Pulp	1
Myrciaria Dubia	33
Myrciaria Dubia *	1
Myrciaria Dubia Extract	1
Myrciaria Dubia Fruit	1
Myrciaria Dubia Fruit Extract	83
Myrciaria Dubia Fruit Juice	1
Myrciaria Dubia Fruit Powder	1
Myrciaria Dubia Juice*	1
Myreth-3 Myristate	34
Myreth-5	1
Myrica Cerifera	1
Myrica Cerifera Fruit Extract	21
Myrica Cerifera Fruit Wax	14
Myrica Cerifera Fruit Wax Wax	1
Myrica Gale Oil	1
Myrica Pubescens Fruit Wax	1
Myrica Rubra Fruit Extract	1
Myricetin	2
Myristamide Dipa	4
Myristamidopropyl Betaine	9
Myristamidopropyl Oxide	2
Myristamidopropyl Pg-Dimonium Chloride Phosphate	28
Myristamidopropylamine Oxide	98
Myristamine Oxide	23
Myristic	1
Myristic A	1
Myristic Acid	836
Myristic Glyceride	1
Myristic/Palmitic/Stearic/Ricinoleic/Eicosanedioic Glycerides	12
Myristica Fragrans Extract	11
Myristica Fragrans Fruit Oil	1
Myristica Fragrans Kemel Oil	1
Myristica Fragrans Kernel Extract	1
Myristica Fragrans Kernel Oil	35
Myristica Fragrans Kernel Oil*	2
Myristica Fragrans Oil	1
Myristica Fragrans Powder	1
Myristica Fragrans Seed	3
Myristica Fragrans Seed Extract	1
Myristol Pentapeptide-17	1
Myristoyl Hexapeptide-16	6
Myristoyl Hexapeptide-23	1
Myristoyl Hexapeptide-4	3
Myristoyl Hexapeptide-5	1
Myristoyl Nanapeptide-3	2
Myristoyl Nonapeptide-3	23
Myristoyl Octapeptide-1	1
Myristoyl Pentapeptide 17	1
Myristoyl Pentapeptide-11	12
Myristoyl Pentapeptide-12	1
Myristoyl Pentapeptide-16	3
Myristoyl Pentapeptide-17	38
Myristoyl Pentapeptide-4	2
Myristoyl Pentapeptide-8	13
Myristoyl Pentaspeptide-12	1
Myristoyl Sarcosine	1
Myristoyl Tetrapeptide-10	1
Myristoyl Tetrapeptide-12	2
Myristoyl Tetrapeptide-13	4
Myristoyl Tetrapeptide-34	1
Myristoyl Tetrapeptide-6	1
Myristoyl Tetrapeptide-8	2
Myristoyl Tripeptide-31	8
Myristoyl Tripeptide-4	2
Myristoyl/Palmitoyl Oxostearamide/Arachamide MEA	4
Myristus Communis	1
Myristyl Alcohol	419
Myristyl Betaine	2
Myristyl Glucoside	60
Myristyl Lacate	1
Myristyl Lactate	37
Myristyl Laurate	57
Myristyl Malate Phosphonic Acid	12
Myristyl Myristate	705
Myristyl Nicotinate	115
Myristyl Stearate	2
Myristyl Theobroma Grandiflorum Seedate / Myristyl Theobroma Grandiflorum Seedate	1
Myrocarpus Fastigiatus Oil	2
Myrothamnus Flabellifolia Callus Culture Extract	6
Myrothamnus Flabellifolia Callus Cultureextract	1
Myrothamnus Flabellifolia Extract	1
Myrothamnus Flabellifolia Leaf Extract	14
Myrothamnus Flabellifolia Leaf/Stem Extract	29
Myrothamnus Flabellifolius Plant	3
Myrothamnus Flabellifolius Plant Extract	2
Myrothamus Flabellifolius Plant Oil	1
Myroxylon Balsamum Resin	1
Myroxylon Pereir Pereirae Oil	1
Myroxylon Pereira Resin	3
Myroxylon Pereirae	2
Myroxylon Pereirae Oil	19
Myrrh	2
Myrrh Essential Oil	1
Myrrh Extract	8
Myrrh Oil	3
Myrrh Resinoid	2
Myrsitoyl/Palmitoyl Oxostearamide/Arachamide MEA	1
Myrtrimonium Bromide	94
Myrtus Communis Essential Oil	1
Myrtus Communis Extract	12
Myrtus Communis Leaf Extract	19
Myrtus Communis Leaf Oil	2
Myrtus Communis Leaf Water	8
Myrtus Communis Oil	21
N Acetyl L Cysteine	2
N Hydroxysuccinimide	3
N-Acetyl Carnitine	1
N-Acetyl Glucosamine	10
N-Acetyl-D-Glucosamine	4
N-Acetyl-L-Cysteine	7
N-Acetyl-L-Hydroxyproline	2
N-Alkyl C12 Dimethyl Benzyl Ammonium Chloride	1
N-Alkyl C14 Dimethyl Benzyl Ammonium Chloride	1
N-Alkyl C16 Dimethyl Benzyl Ammonium Chloride	1
N-Butyl Alcohol	2
N-Butylparaben	1
N-Butylphthalimide	1
N-Capryloyl Lysine	4
N-Decanoyl Serinol	1
N-Hydroxysuccinamide	2
N-Hydroxysuccinimide	193
N-Prolyl Palmitoyl Tripeptide-56	1
N-Prolyl Palmitoyl Tripeptide-56 Acetate	58
Na Pca	1
Nac Y2	4
Nacinamide	11
Nagkesar Extract	1
Nanized Broad Spectrum Hemp Extract	1
Nannochloropsis Gaditana Extract	8
Nannochloropsis Oceanica Extract	2
Nannochloropsis Oculata Extract	78
Nano Silver Solution	1
Nano-Active Gold	2
Naoh	4
Napca	3
Naphthenic Oils	1
Narangi Peel Extract	1
Narcissus Jonquilla Extract	3
Narcissus Poeticus Callus Extract	2
Narcissus Poeticus Cell Culture Extract	1
Narcissus Poeticus Flower Extract	4
Narcissus Poeticus Flower Wax	9
Narcissus Pseudo-Narcissus Flower Extract	5
Narcissus Tazetta Bulb Extract	90
Narcissus Tazetta Extract	1
Narcissus Tazetta Flower Extract	1
Nardostachys Chinensis Root Oil	3
Nardostachys Jatamansi Extract	1
Nardostachys Jatamansi Rhizome/Root Extract	1
Naringenin	16
Naringin	2
Naseberry Juice	1
Nasturitum Officinale Powder	1
Nasturtium Of CINALE Flower/Leaf Extract	1
Nasturtium Officinale	1
Nasturtium Officinale Extract	102
Nasturtium Officinale Flower Extract	1
Nasturtium Officinale Flower/Leaf Extract	10
Nasturtium Officinale Flower/Leaf/Stem Extract	1
Nasturtium Officinale Leaf Extract	4
Nasturtium Officinale Leaf/Stem Extract	1
Nasturtium Officinalis Flower/Leaf Extract	1
Natamycin	2
Natapres	1
Natrosol 250	2
Natrum Muriaticum*	1
Natto Gum	104
Natural & Artificial Flavors	1
Natural & Organic Lavender Scent	1
Natural Almond Flavoring Extract	1
Natural Almond Fragrance	3
Natural Aloe Vera Gel	3
Natural Aroma	2
Natural Aroma Blend	1
Natural Aroma Oil	1
Natural Aromas	3
Natural Beeswax	9
Natural Benzyl Alcohol	1
Natural Betaine	3
Natural Blueberry Flavoring Extract	1
Natural Caramel	6
Natural CINNAMON Flavor	1
Natural Coconut Flavor	1
Natural Coconut Fragrance	6
Natural Coconut Pineapple Flavor	1
Natural Color	6
Natural Colorant	2
Natural Colorants	6
Natural Colors	1
Natural Creme Caramel	1
Natural Cucumber Flavor	1
Natural Cucumber Fragrance	1
Natural Distilled Witch Hazel	1
Natural Dried Flowers	1
Natural Essence	1
Natural Essential Oil Blend	2
Natural Essential Oils	10
Natural Eucalyptus Oil	1
Natural Flavor	44
Natural Flavor Of Lemon	1
Natural Flavors	17
Natural Flavour	1
Natural Fragrance	238
Natural Fragrance Blend	5
Natural Fragrance Derived From Plants	1
Natural Fragrance Made From A Refreshing Blend Of Orange Oil	1
Natural Fragrance Oil	8
Natural Fragrance Oil Black Currant	1
Natural Fragrance Oil Blend	1
Natural Fragrance Oil Gardenia	1
Natural Fragrance Oils	42
Natural Fragrance With Essential Oils	1
Natural Fragrance With Plant Extracts And/Or Essential Oils	1
Natural Fragrance/Flavor	4
Natural Fragrance/Fragrance Naturelle	1
Natural Fragrance/Parfum Naturel	3
Natural Fragrances	1
Natural Fragrances Oil	1
Natural French Vanilla Fragrance	1
Natural Fruit Extract	1
Natural Ginger Flavor	1
Natural Glycerin	1
Natural Grain Alcohol	2
Natural Grapefruit	1
Natural Grapefruit Extract	1
Natural Grapefruit Fragrance	2
Natural Hinokitiol	5
Natural Honey Flavor	1
Natural Isolates	3
Natural Lactic Acid	1
Natural Lavender Oil	1
Natural Lavender Oil Blend	1
Natural Lemongrass Essential Oil	1
Natural Lemongrass Fragrance	2
Natural Loofah Plant	1
Natural Macadamia Oil	1
Natural Marshmallow Flavor Oil	1
Natural Mineral Pigments	3
Natural Mixed Tocopherols	2
Natural Non-Gmo Vitamin E Oil	1
Natural Oils	1
Natural Orange Mint Flavor	1
Natural Origin Fragrance	8
Natural Patchouli Oil	1
Natural Patchouli Rose Fragrance	1
Natural Pear Fragrance	2
Natural Peppermint Oil	2
Natural Plant Extracts	1
Natural Pomegranate Peach Flavor Oil	1
Natural Preservative	1
Natural Rosa Damascena Flower Extract Fragrance	2
Natural Rose Flavor	1
Natural Rose Fragrance	5
Natural Rosemary Extract	1
Natural Rosemary Mint Essential Oil Blend	1
Natural Scent	1
Natural Sodium Copper Chlorphyllin Color	1
Natural Spiced Apple CIDER	1
Natural Squalane	1
Natural Strawberry Flavor	1
Natural TEA Tree Oil	1
Natural Tocopherol	7
Natural Tocopherols	7
Natural Vanilla Aroma	1
Natural Vanilla Flavor	7
Natural Vanilla Fragrance	6
Natural Vanilla Infused Oil	1
Natural Vanilla Oil	1
Natural Vegetable Glycerin	8
Natural Vitamin C*	2
Natural Vitamin E	24
Natural Vitamin E From Sunflowers	2
Natural Vitamin E In Soy Oil	1
Natural Vitamin E Oil	8
Natural Wild Jasmine Fragrance	1
Natural Witch Hazel Extract	1
Natural Xanthan Gum	1
Naturally Derived Fragrance	15
Naturally Occurring Lauric	1
Naturally Saponified Coconut*	1
Naturally-Derived Hydrosol	6
Nectarine Aromatic Extract	2
Nectarine Extract	2
Neel Kamal	1
Neem	3
Neem Bark	3
Neem Bark 1.8%	1
Neem Extract	11
Neem Flower Extract	1
Neem Leaf	2
Neem Leaf Extract	7
Neem Leaf Powder	1
Neem Oil	13
Neem Seed Oil	2
Nelumbium Speciosum Extract	1
Nelumbium Speciosum Extract / Nelumbium Speciosum Flower Extract	1
Nelumbium Speciosum Extract/Nelumbium Speciosum Flower Extract	2
Nelumbium Speciosum Flower Extract	44
Nelumbium Speciosum Flower Oil	3
Nelumbo Nucifera	2
Nelumbo Nucifera Callus Culture Extract	4
Nelumbo Nucifera Extract	25
Nelumbo Nucifera Flower Extract	193
Nelumbo Nucifera Flower Water	9
Nelumbo Nucifera Flower Wax	2
Nelumbo Nucifera Germ Extract	19
Nelumbo Nucifera Leaf Cell Extract	3
Nelumbo Nucifera Leaf Extract	41
Nelumbo Nucifera Leaf Extract*	1
Nelumbo Nucifera Root Extract	30
Nelumbo Nucifera Root Water	7
Nelumbo Nucifera Seed Extract	12
Nelumbo Nucifera Seed Powder	4
Nelumbo Nucifera Stamen Extract	3
Neofinetia Falcata Callus Culture Extract	3
Neohesperidin Dihydrochalcone	35
Neohesperidindihydrochalcone	1
Neop Ntyl Glycol Diheptanoate	1
Neopentanoic Acid	1
Neopentyl Glycol	7
Neopentyl Glycol Diactanoate	1
Neopentyl Glycol Dicaprate	31
Neopentyl Glycol Dicaprylate / Dicaprate	1
Neopentyl Glycol Dicaprylate/Dicaprate	87
Neopentyl Glycol Dicapryte	1
Neopentyl Glycol Diethylhexanoate	70
Neopentyl Glycol Diheptanoate	388
Neopentyl Glycol Diisooctanoate	2
Neopentyl Glycol Diisostearate	11
Neopentyl Glycol Dyheptanoate	1
Neopentylglycol Dicaprylate/Dicaprate	2
Neopicrorhiza Scrophulariiflora Extract	1
Neoruscogenin	1
Neotame	14
Neotusogenin	1
Nepeta Cataria Extract	33
Nepeta Cataria Extract*	3
Nepeta Cataria Extract**	1
Nephelium Lappaceum Branch/Fruit/Leaf Extract	4
Nephelium Lappaceum Extract	1
Nephelium Lappaceum Leaf Extract	22
Nephelium Lappaceum Peel Extract	19
Nephelium Longana Seed Extract	1
Nephrite Powder	6
Neral	2
Nerium Oleander Leaf	3
Nerol	2
Neroli	1
Neroli Essential Oil	11
Neroli Flower Oil	2
Neroli Hydrosol	1
Neroli Oil	20
Neroli Oils	1
Neroli Water	1
Neryl Acetate	1
Nettle	4
Nettle Extract	7
Nettle Gum	1
Nettle Leaf	2
Nettle Leaf Extract	2
Nettle Leaf Powder	1
Nettle Leaves	1
Nettles	1
New Zealand Manuka Honey	1
Niacin	143
Niacin Amide	6
Niacinamid	2
Niacinamide	5668
Niacinamide Polypeptide	1
Niacinamide Vitamin B3	2
Niacinamide*	2
Niacinamide/Niacin	2
Niacinanide	1
Niacinimide	1
Niaouli Essential Oil	1
Nicotiana Benthamiana Hexapeptide-40 Sh-Oligopeptide-1	21
Nicotiana Benthamiana Hexapeptide-40 Sh-Polipeptide-5	1
Nicotiana Benthamiana Hexapeptide-40 Sh-Polypeptide-2	1
Nicotiana Benthamiana Hexapeptide-40 Sh-Polypeptide-47	17
Nicotiana Benthamiana Hexapeptide-40 Sh-Polypeptide-76	35
Nicotiana Benthamiana Hexapeptide-40 Sh-Polypeptide-86	1
Nicotiana Benthamiana Octapeptide-30 Sh-Oligopeptide-2	13
Nicotiana Benthamiana Sh-Polypeptide-15 Hexapeptide-40	2
Nicotiana Benthamiana Sh-Polypeptide-7	2
Nicotiana Sylvestris Leaf Cell Culture	35
Nicotiana Tabacum Leaf Oil	1
Nicotinamide	10
Nicotinamide Adenine Dinucleotide	21
Nicotinamide Mononucleotide	1
Nicotinoyl Dipeptide-22	2
Nicotinoyl Dipeptide-23	2
Nicotinoyl Tripeptide-1	2
Nicotinoyl Tripeptide-35	1
Nigella Damascena Flower Extract	3
Nigella Sativa L Seed Oil	2
Nigella Sativa Oil	6
Nigella Sativa Seed Extract	15
Nigella Sativa Seed MEAL	1
Nigella Sativa Seed Oil	90
Nile Flower Essential Oil	1
Nitrocellulose	2
Nitrogen	32
Nitrogen Composition	1
Nn'-Bisurea	1
Non Gmo CITRIC Acid	3
Non Gmo Grass Fed Tallow	1
Non Gmo Vitamin E	1
Non Gmo Xanthan Gum	1
Non-Aluminum Baking Soda	1
Non-Gmo CITRIC Acid From Sugar Cane	1
Non-Gmo Mixed Tocopherol Vitamin E	2
Non-Gmo Mixed Tocopherols	4
Non-Gmo Papaya Extract	1
Non-Gmo Soy	1
Non-Gmo Sunflower Seed Lecithin	2
Non-Gmo Tocopherol	11
Non-Gmo Vitamin E	14
Non-Gmo Vitamin E Oil	3
Non-Gmo Xanthan Gum	9
Non-Micro & Uncoated Zinc Oxide	1
Non-Nano	1
Non-Nano Colloidal Gold	1
Non-Nano Uncoated Zinc Oxide	1
Non-Nano Zinc	1
Non-Nano Zinc Oxide	7
Non-Nano Zinc Oxide 10%	1
Non-Sensitizing Fragrance	1
Non-Soy Vitamin E	1
Nonan-1-Ol	1
Nonapeptide-1	71
Nonapeptide-7	1
Nonfat Dry Milk	36
Nonfat Dry Milk Extract	1
Nonfat Dry Milk/Poudre De Lait √©C√©M√©	1
Nonfat Dry Milk/Sine Adipe Lac/Poudre De Lait √Âcr√Âm√Â	2
Noni Extract	8
Nonionic Emulsifying Wax Nf	1
Nonoxynol 10	1
Nonoxynol 9	2
Nonoxynol-10	5
Nonoxynol-14	2
Nonoxynol-15	2
Nonoxynol-20	3
Nonoxynol-9	4
Nonporous Silicone	2
Nonxynol-9	1
Nonyl Phenol Ethamoxide	1
Nonylphenol Ethoxylate	2
Norbornanediamine / Resorcinol Diglycidyl Ether Crosspolymer	4
Nordihydroguaiaretic Acid	48
Nori Extract	1
Nori Seaweed	3
Nucifera Oil	2
Nut Shell Powder	1
Nutgrass	6
Nutmeg Essential Oil	2
Nutmeg Oil	4
Nutmeg Oil Extract	1
Nutmeg Seed Extract	2
Nyctanthes Arbor-Tristis Flower Extract	4
Nylon	1
Nylon 12	5
Nylon 6	1
Nylon 6/12	7
Nylon 66	1
Nylon-10/10	1
Nylon-11	1
Nylon-12	443
Nylon-12 Fluorescent Brightener 230 Salt	10
Nylon-6	5
Nylon-6/12	7
Nylon-66	10
Nymphaea Alba Extract	2
Nymphaea Alba Extract / Nymphaea Alba Flower Extract	1
Nymphaea Alba Extract/Nymphaea Alba Flower Extract	1
Nymphaea Alba Flower	1
Nymphaea Alba Flower Extract	84
Nymphaea Alba Root Extract	32
Nymphaea Caerulea Flower Extract	17
Nymphaea Caerulea Flower Water	3
Nymphaea Caerulea Leaf Cell Extract	1
Nymphaea Cearulea Flower Extract	1
Nymphaea Coerulea Extract	1
Nymphaea Coerulea Flower Extract	23
Nymphaea Coerulea Flower Water	1
Nymphaea Odorata Root Extract	24
Nymphaea Stellata Flower Extract	1
Nymphaea Tetragona Extract	1
Nymphea Alba Flower Extract	1
O-Cymen-5-Ol	209
O-Phenylphenol	2
Oak Bark Extract	1
Oak Extract	1
Oak Moss	1
Oak Root Extract	6
Oakmoss Extract	2
Oat Amino Acids	17
Oat Amino Protein	9
Oat Beta Glucan	11
Oat Beta-Glucan	5
Oat Bran Extract	6
Oat Extract	6
Oat Flour	3
Oat Grass Juice	1
Oat Kernel Extract	9
Oat Kernel Flour	7
Oat Kernel Oil	1
Oat Kernel Protein	3
Oat Milk	11
Oat Peptide	1
Oat Powder	1
Oat Protein	8
Oat Straw Extract	1
Oatmeal	22
Oatmeal Flakes	1
Oatmeal Flour	3
Oatmeal Powder	1
Oats	12
Oc Violet 2	1
Ocamellia Sinensis Leaf Extract	1
Ocean Sulphur	1
Ocimum Balsilicum Flower/Leaf Extract	2
Ocimum Basilicum	3
Ocimum Basilicum Essential Oil	2
Ocimum Basilicum Extract	13
Ocimum Basilicum Flower Extract	1
Ocimum Basilicum Flower Leaf Extract	2
Ocimum Basilicum Flower/Leaf Extract	155
Ocimum Basilicum Flower/Leaf Extract*	4
Ocimum Basilicum Flower/Leaf/Stem Extract	5
Ocimum Basilicum Herb Oil	2
Ocimum Basilicum L. Oil	1
Ocimum Basilicum Leaf Extract	32
Ocimum Basilicum Leaf Extract/Ocimum Basilicum Leaf Extract	1
Ocimum Basilicum Leaf/Ocimum Basilicum Leaf	1
Ocimum Basilicum Oil	97
Ocimum Basillicum Oil	2
Ocimum Canum Aqueous Extract	8
Ocimum Sanctum	2
Ocimum Sanctum Extract	4
Ocimum Sanctum Leaf Extract	403
Ocimum Sanctum Oil	1
Ocimum Tenuiflorum	3
Ocimum Tenuiflorum Extract	3
Ocimum Tenuiflorum Leaf	1
Ocimum Tenuiflorum Leaf Extract	2
Ocimum Tenuiflorum Leaf Water	1
Ocimum Tenuiflorum Oil	1
Ocimum Tenuiflorum Plant Water	1
Octadecane	4
Octadecanoic Acid	1
Octadecanol	3
Octadecene	21
Octadecenedioic Acid	11
Octadecyl Di Butyl 4 Hydroxyhydrocinnamate	1
Octadecyl Di-T-Butyl-4-Hydroxyhydrocinnamate	25
Octanal	8
Octanohydroxamic Acid	3
Octanoic Acid	4
Octapeptide-2	9
Octapeptide-45	4
Octenidine Hci	4
Octenidine Hcl	1
Octenyl Succinate	3
Octenylsuccinate	17
Octinoxate	450
Octinoxate 1%	3
Octinoxate 2%	2
Octinoxate 5%	3
Octinoxate 5.5%	1
Octinoxate 5.6%	1
Octinoxate 6%	4
Octinoxate 6.0%	2
Octinoxate 6.6%	3
Octinoxate 6.7%	1
Octinoxate 6.75%	1
Octinoxate 7%	4
Octinoxate 7.1%	1
Octinoxate 7.4%	1
Octinoxate 7.49%	9
Octinoxate 7.5 %	1
Octinoxate 7.5%	39
Octinoxate 7.50%	7
Octinoxate-6 %	1
Octinoxate-6.0 %	1
Octisalate	710
Octisalate 2%	2
Octisalate 2.5%	1
Octisalate 3%	1
Octisalate 3.2%	1
Octisalate 4%	2
Octisalate 4.0%	1
Octisalate 4.4%	2
Octisalate 4.5%	5
Octisalate 4.8%	1
Octisalate 4.9%	1
Octisalate 5%	16
Octisalate 5.0%	6
Octisalate 5.00%	3
Octisalate-5.0 %	1
Octocrylene	678
Octocrylene 0.5%	1
Octocrylene 1.7%	3
Octocrylene 1.8%	1
Octocrylene 10%	4
Octocrylene 10.00%	1
Octocrylene 2%	9
Octocrylene 2.0 %	1
Octocrylene 2.0%	9
Octocrylene 2.2%	1
Octocrylene 2.35%	1
Octocrylene 2.5%	2
Octocrylene 2.5% Sunscreen	1
Octocrylene 2.6%	8
Octocrylene 2.7%	3
Octocrylene 2.70%	4
Octocrylene 3%	3
Octocrylene 3.0%	3
Octocrylene 4.0%	1
Octocrylene 4.5%	1
Octocrylene 5%	6
Octocrylene 5.0%	3
Octocrylene 6%	2
Octocrylene 7%	9
Octocrylene 7.0%	1
Octocrylene 7.20%	2
Octocrylene 7.5%	2
Octocrylene 7.6%	1
Octocrylene 8%	3
Octocrylene 9%	1
Octocrylene 9.0%	1
Octocrylene 9.09%	1
Octocrylene-1.8 %	1
Octocrylene-10.0 %	2
Octorylene 8.0%	1
Octoxynol	1
Octoxynol-10	4
Octoxynol-12	6
Octoxynol-13	1
Octoxynol-40	1
Octoxynol-9	40
Octy Palmitate	1
Octyl Cocoate	2
Octyl Decyl Dimethyl Ammonium Chloride	1
Octyl Dimethyl Paba	3
Octyl Dodecanol	5
Octyl Hydroxystearate	1
Octyl Isononanoate	2
Octyl Methoxycinnamate	25
Octyl Palmitate	108
Octyl Salicylate	24
Octyl Stearate	7
Octyl Triazone	1
Octylacrylamide/Acrylates/Butylaminoethyl Methacrylate Copolymer	1
Octyldecanol	3
Octyldocecanol	1
Octyldodcanol	1
Octyldodecanol	1838
Octyldodeceth-16	64
Octyldodeceth-20	4
Octyldodeceth-25	1
Octyldodecyl Behenate	5
Octyldodecyl CITRATE Crosspolymer	5
Octyldodecyl Isostearate	10
Octyldodecyl Lactate	1
Octyldodecyl Myristate	176
Octyldodecyl Neopentanoate	205
Octyldodecyl Oleate	46
Octyldodecyl Olivate	9
Octyldodecyl Pca	23
Octyldodecyl Ricinoleate	1
Octyldodecyl Shea Butterate	1
Octyldodecyl Stearate	23
Octyldodecyl Stearoyl Stearate	115
Octyldodecyl Xyloside	20
Octylmethoxycinnamate	2
Octylphenoxypolythoxethanol	2
Octylphenyl	1
Odium Chloride	1
Odopropynyl Butylcarbamate	1
Oenanthe Javanica Extract	5
Oenocarpus Bataua Fruit Oil	11
Oenocarpus Bataua Oil	4
Oenocarpus Pulp Oil	1
Oenothera Biennis	2
Oenothera Biennis *	4
Oenothera Biennis Evening Primrose Oil	1
Oenothera Biennis Extract	3
Oenothera Biennis Flower Extract	91
Oenothera Biennis Flower/Leaf/Stem Extract	15
Oenothera Biennis Leaf Cell Extract	2
Oenothera Biennis Leaf Extract	1
Oenothera Biennis Oil	512
Oenothera Biennis Oil / Evening Primrose Oil	3
Oenothera Biennis Oil*	6
Oenothera Biennis Oil/Evening Primrose Oil	9
Oenothera Biennis Oils	1
Oenothera Biennis Root Extract	23
Oenothera Biennis Seed	3
Oenothera Biennis Seed Extract	39
Oenothera Biennis Seed Oil	18
Oenotherus Biennis Oil	2
Officinale Root Extract	1
Ogliopeptide-1	1
Ogliopeptide-2	1
Ogliopeptide-3	1
Oil Cajeput	1
Oil Leuconostoc/Radish Root Ferment Filtrate	1
Oil Of Camphor	1
Oil Of Cloves	1
Oil Of Eucalyptus	1
Oil Of Grapefruit	2
Oil Of Kumquat	1
Oil Of Myrcia	1
Oil Of Rose	2
Oil Of Rosemary	4
Oil Of Thyme	1
Oil Sassafras	1
Oil Soluble Licorice Extract	4
Oils Of Chia Seed	1
Okra Extract	1
Oldenlandia Diffusa Extract	3
Ole Europaea Seed Oil	1
Olea Euopaea	1
Olea Europa	1
Olea Europa Leaf Extract	1
Olea Europaea	28
Olea Europaea / Olive Fruit Oil	1
Olea Europaea Bud Extract	2
Olea Europaea Callus Culture Lysate	4
Olea Europaea Extract	110
Olea Europaea Fruit	2
Olea Europaea Fruit Extract	157
Olea Europaea Fruit Extract*	3
Olea Europaea Fruit Juice	2
Olea Europaea Fruit Oil	2120
Olea Europaea Fruit Oil / Olive Fruit Oil	7
Olea Europaea Fruit Oil*	34
Olea Europaea Fruit Oil/0Live Fruit Oil	1
Olea Europaea Fruit Oil/Hydrogenated Olive Oil	1
Olea Europaea Fruit Oil/Olea Europaea Fruit Oil	19
Olea Europaea Fruit Oil/Olive Fruit Oil	9
Olea Europaea Fruit Saponified Oil	1
Olea Europaea Fruit Unsaponifiables	21
Olea Europaea Fruitoil	1
Olea Europaea Frut Oil	1
Olea Europaea Husk Oil	25
Olea Europaea Husk Powder	3
Olea Europaea Kernel Powder	1
Olea Europaea Leaf	2
Olea Europaea Leaf Cell Extract	31
Olea Europaea Leaf Extract	235
Olea Europaea Leaf Extract / Olive Leaf Extract	11
Olea Europaea Leaf Powder	12
Olea Europaea Leaf Water	10
Olea Europaea Leaves	1
Olea Europaea Oil	482
Olea Europaea Oil / Olive Fruit Oil	6
Olea Europaea Oil Extract	3
Olea Europaea Oil Unsaponifiables	140
Olea Europaea Oil Unsaponifiables / Olive Oil Unsaponifiables	2
Olea Europaea Oil Unsaponifiables/Olea Europaea Oil Unsaponifiables	1
Olea Europaea Oil"	1
Olea Europaea Oil*	1
Olea Europaea Oil/Olive Fruit Oil	12
Olea Europaea Olive Fruit Extract	5
Olea Europaea Olive Fruit Oil	2
Olea Europaea Polyphenols	1
Olea Europaea Seed Powder	16
Olea Europaea Seed Powder Exfoliant	1
Olea Europea Fruit Oil	58
Olea Europea Fruit Oil*	5
Olea Europea Husk Oil	1
Olea Europea Leaf Extract	2
Olea Europea Oil	21
Olea Europea Oil Unsaponifiables	2
Olea Eurpaea Fruit Oil	1
Olealkonium Chloride	1
Oleamide DEA	1
Oleamide Mipa	2
Oleamine Oxide	2
Oleanolic Acid	74
Olefin Sulfonate	11
Oleic Acid	511
Oleic Fatty Acid Glycerides	2
Oleic/Linoleic/Linolenic Polyglycerides	98
Oleo Europaea Fruit Oil	3
Oleoresin Capsicum Extract	1
Oleoyl Dipeptide-15	5
Oleoyl Sarcosine	4
Oleoyl Tetrapeptide-31	5
Oleoyl Tyrosine	2
Oleth 10	3
Oleth 20	3
Oleth-10	720
Oleth-10 Phosphate	10
Oleth-12	5
Oleth-15	1
Oleth-16	4
Oleth-2	4
Oleth-20	53
Oleth-3	32
Oleth-3 Phosphate	71
Oleth-30	4
Oleth-5	39
Oleth-7	2
Oleuropein	6
Oleyl Acetate	4
Oleyl Adapalenate	3
Oleyl Alcohol	96
Oleyl Betaine	3
Oleyl Erucate	36
Oleyl Lactate	16
Oleyl Oleate	1
Olibanum	2
Olibanum Oil	3
Oligo-Peptide-1	1
Oligomeric Proanthocyanidins	1
Oligopeptid	1
Oligopeptide	1
Oligopeptide-1	88
Oligopeptide-10	38
Oligopeptide-107	1
Oligopeptide-17	3
Oligopeptide-177	41
Oligopeptide-2	28
Oligopeptide-20	3
Oligopeptide-24	31
Oligopeptide-28	1
Oligopeptide-29	25
Oligopeptide-3	12
Oligopeptide-32	24
Oligopeptide-34	7
Oligopeptide-4	3
Oligopeptide-41	4
Oligopeptide-5	9
Oligopeptide-51	2
Oligopeptide-6	6
Oligopeptide-68	31
Oligopeptide-76	2
Oligopeptide-78	12
Oligopeptide-L	2
Oligosaccharide Fatty Acid Esters	2
Olivamidopropyl Betaine	2
Olive	8
Olive Butter	3
Olive Extract	3
Olive Fatty Acids	2
Olive Fruit Extract	4
Olive Fruit Oil	87
Olive Fruit Oil*	2
Olive Glucoside	1
Olive Glycerides	18
Olive Leaf	1
Olive Leaf Extract	25
Olive Oil	226
Olive Oil Decyl Esters	21
Olive Oil Decylesters	2
Olive Oil Glycereth 8 Esters	2
Olive Oil Glycereth Esters	1
Olive Oil Glycereth-8 Esters	35
Olive Oil Infused With Calendula Flower	1
Olive Oil PEG 7 Esters	1
Olive Oil PEG-7 Esters	55
Olive Oil PEG-8 Esters	21
Olive Oil Polyglyceryl-4 Esters	4
Olive Oil Polyglyceryl-6 Esters	28
Olive Oil Squalene	1
Olive Oil Unsaponifiables	9
Olive Oil*	1
Olive Oils	3
Olive Pomace Oil	1
Olive Saponified Oil	12
Olive Squalane	22
Olive Squalane Oil	3
Olive Squalene	3
Olivem-800	1
Olivine Extract	14
Olivoyl Hydrolyzed Wheat Protein	4
Olus	20
Olus Oil	136
Olus Oil/Vegetable Oil	8
Olus Oil/Vegetable Oil/Huile V√©G√©Tale	33
Olus Oit/Vegetable Oil / Huile Vegetale	1
Olus Vegetable Oil	1
Olus/Vegetable Oil/Huile V√©G√©Tale	9
Olus/Vegetable Oil/Huile V√©G√©Tale*	9
Omega 3/6	1
Omega 6 Fatty Acid Esters	1
Omega-3	1
Onoins Spinosa Root Extract	1
Ononis Spinosa Root Extract	3
Onopordum Acanthium Extract	3
Onopordum Acanthium Flower Extract	1
Onopordum Acanthium Flower/Leaf/Stem Extract	6
Onsen-Sui	28
Ophiopogon Japonicas Root Extract	3
Ophiopogon Japonicus Root Extract	123
Opopanax Oil	1
Opoponax Oil	2
Optiphen	14
Optiphen Plus	4
Opunita Coccenellefera Fruit Extract	2
Opuntia Coccinellifera	1
Opuntia Coccinellifera Flower Extract	16
Opuntia Coccinellifera Fruit Extract	18
Opuntia Dillenii Extract	3
Opuntia Dillenii Seed Oil	1
Opuntia Ficus Indica	10
Opuntia Ficus Indica Extract	12
Opuntia Ficus Indica Flower Extract	3
Opuntia Ficus Indica Leaf Cell Extract	5
Opuntia Ficus Indica Oil	2
Opuntia Ficus Indica Seed Oil	13
Opuntia Ficus Indica Stem Extract	12
Opuntia Ficus-Indica	2
Opuntia Ficus-Indica Callus Culture Extract	20
Opuntia Ficus-Indica Extract	34
Opuntia Ficus-Indica Flower Extract	20
Opuntia Ficus-Indica Fruit Extract	33
Opuntia Ficus-Indica Fruit Water	4
Opuntia Ficus-Indica Leaf Cell Extract	1
Opuntia Ficus-Indica Powder	1
Opuntia Ficus-Indica Seed Oil	64
Opuntia Ficus-Indica Stem Extract	159
Opuntia Ficus-Indica Stem Water	4
Opuntia Ficus-Lndica Extract	1
Opuntia Humifusa Stem Extract	4
Opuntia Oil	1
Opuntia Robusta	1
Opuntia Streptacantha Flower Extract	1
Opuntia Streptacantha Stem Extract	6
Opuntia Streptacantha Stem/Leaf Extract	1
Opuntia Tuna Extract	33
Opuntia Tuna Flower/Stem Extract	10
Opuntia Tuna Fruit Extract	27
Opuntia Tuna Stem Extract	1
Opuntia Vulgaris Extract	10
Opuntia Vulgaris Leaf Extract	12
Orange	14
Orange 11	1
Orange 4	139
Orange 5	20
Orange 5 CI 45370	1
Orange Blossom	1
Orange Blossom Enfleurage	1
Orange Blossom Essential Oil	1
Orange Blossom Extract	3
Orange Blossom Honey	1
Orange Blossom Honey Water	1
Orange Blossom Water	2
Orange Essential Oil	24
Orange Extract	8
Orange Flower	1
Orange Flower Absolute	3
Orange Flower Extract	5
Orange Flower Oil	8
Orange Flower Water	2
Orange Fragrance	1
Orange Fruit Extract	15
Orange Fruit Peel Oil	1
Orange Fruit Water	1
Orange Juice	3
Orange Oil	40
Orange Peel	8
Orange Peel Butter	2
Orange Peel Extract	10
Orange Peel Oil	26
Orange Peel Tincture	1
Orange Peel Wax	6
Orange Roughy Oil	3
Orange Sweet Oil	3
Orange Terpenes	15
Orange Terpenes Oil	1
Orange-Grapefruit Aroma	2
Orange-Grapefruit Fragrance	2
Orbignya Oleifera	1
Orbignya Oleifera Oil	4
Orbignya Oleifera Oil / Orbignya Oleifera Seed Oil	1
Orbignya Oleifera Seed Oil	178
Orbignya Speciosa Kernel Oil	7
Orchid Extract	37
Orchid Leaf/Root/Stem Extract	3
Orchid Oil	1
Orchis Mascula	1
Orchis Mascula Extract	15
Orchis Mascula Flower Exract	1
Orchis Mascula Flower Extract	41
Orchis Masculata Extract	1
Orchis Morio	2
Orchis Morio Flower Extract	4
Oregano	2
Oregano Leaf	1
Oregano Leaf Extract	1
Oregano Oil	3
Oregon Grape Root	2
Oregon Peppermint Essential Oil	1
Organic & Raw Apple CIDER Vinegar	1
Organic Acerola Cherry Extract	1
Organic Achillea Millefolium	4
Organic Adansonia Digitata Seed Oil	1
Organic Agania Spinosa Oil	1
Organic Agave Nectar	1
Organic Agave Syrup	1
Organic Alba Bulgarian Rose Water	1
Organic Alcohol	11
Organic Alcohol Denat	2
Organic Algae Extract	1
Organic Almond Butter	1
Organic Almond Oil	2
Organic Aloe	21
Organic Aloe Barbadensis	13
Organic Aloe Barbadensis Extract	13
Organic Aloe Barbadensis Extract*	2
Organic Aloe Barbadensis Gel	2
Organic Aloe Barbadensis Gel Extract	1
Organic Aloe Barbadensis Inner Leaf Juice	2
Organic Aloe Barbadensis Juice	10
Organic Aloe Barbadensis Leaf	13
Organic Aloe Barbadensis Leaf Extract	16
Organic Aloe Barbadensis Leaf Juice	112
Organic Aloe Barbadensis Leaf Juice Extract	4
Organic Aloe Barbadensis Leaf Juice Powder	7
Organic Aloe Barbadensis Leaf Oil	1
Organic Aloe Barbadensis Leaf Polysaccharide	3
Organic Aloe Barbadensis Powder	1
Organic Aloe Barbadensis Vera Leaf Juice	4
Organic Aloe Barbadensis Water	2
Organic Aloe Leaf	1
Organic Aloe Leaf Extract	4
Organic Aloe Leaf Juice	23
Organic Aloe Vera	40
Organic Aloe Vera Extract	1
Organic Aloe Vera Gel	4
Organic Aloe Vera Juice	14
Organic Aloe Vera Juice Concentrate	1
Organic Aloe Vera Leaf Extract	3
Organic Aloe Vera Leaf Juice	4
Organic Althaea Officinalis Extract	1
Organic Amorphophallus Konjac Root Powder	1
Organic Amur Velvet Extract	1
Organic Ananas Sativus Extract	1
Organic Ananas Sativus Fruit Extract	1
Organic Anthemis Nobilis Flower Extract	5
Organic Aphanizomenon Flos Aquae Extract	2
Organic Apple CIDER Vinegar	8
Organic Apple Flavor	1
Organic Apricot Kernel Oil	5
Organic Arctium Lappa	1
Organic Arctium Lappa Root Extract	8
Organic Arctostaphylos Uva-Ursi Extract	2
Organic Argan Oil	31
Organic Argania Spinosa Kernal Oil	1
Organic Argania Spinosa Kernel Oil	16
Organic Argania Spinosa Kernel Oil**	2
Organic Argania Spinosa Nut Oil	1
Organic Argania Spinosa Oil	4
Organic Arnica	3
Organic Arnica Essential Oil	1
Organic Arnica Extract	6
Organic Arnica Hydrosol	2
Organic Arnica Montana Extract	3
Organic Arnica Montana Flower Extract	2
Organic Arnica Oil	2
Organic Arrowroot	1
Organic Arrowroot Powder	11
Organic Arthrospira Platensis Powder	1
Organic Ashwagandha Root Powder	1
Organic Asian Pear Flavor	1
Organic Aspalanthus Linearis Leaf Extract	1
Organic Aspalathus Linearis Extract	1
Organic Aspalathus Linearis TEA	1
Organic Avena Sativa	3
Organic Avena Sativa Kernel Powder	1
Organic Avena Sativa Straw Extract	1
Organic Avocado Butter	1
Organic Avocado Oil	28
Organic Azadirachta Indica Leaf Oil	1
Organic Azadirachta Indica Leaf Powder	1
Organic Azadirachta Indica Seed Oil	1
Organic Babassu Oil	8
Organic Backhousia CITRIODORA Essential Oil	1
Organic Balsam Fir Essential Oil	1
Organic Baobab Oil	2
Organic Basil Essential Oil	1
Organic Bearberry	1
Organic Beeswax	117
Organic Bergamot	1
Organic Bergamot Essential Oil	1
Organic Bergamot Oil	2
Organic Bilberry Fruit Extract	3
Organic Bilberry Leaf Herb	1
Organic Black Pepper Essential Oil	1
Organic Black Seed Oil	1
Organic Blackberry	1
Organic Blackberry Oil	1
Organic Blackcurrant Oil	1
Organic Blood Orange Essential Oil	3
Organic Blueberry	2
Organic Borage Seed Oil	1
Organic Borago Officinalis Oil	1
Organic Borago Officinalis Seed Oil	6
Organic Boswelia Serrata Oil	1
Organic Botanical Extracts Of Glycyrrhiza Glabra *	1
Organic Botanicals	1
Organic Brassica Oleracea Italica Seed Oil	1
Organic Brazilian Acai Butter	1
Organic Bulgarian Rose Oil	1
Organic Butyrospermum Parkii	110
Organic Butyrospermum Parkii Butter	42
Organic Butyrospermum Parkii Butter Extract	5
Organic Butyrospermum Parkii Butter**	4
Organic Butyrospermum Parkii Fruit	1
Organic Cabernet Grapeseed Oil	1
Organic Cacao	1
Organic Calendula	10
Organic Calendula Blend	1
Organic Calendula Extract	19
Organic Calendula Flower Extract	6
Organic Calendula Flowers	2
Organic Calendula Officinalis	4
Organic Calendula Officinalis Extract	4
Organic Calendula Officinalis Flower Extract	80
Organic Calendula Officinalis Flower Extract*	1
Organic Calendula Officinalis Flower Oil	1
Organic Calendula Officinalis Petals	1
Organic Calendula Oil	9
Organic Calendula Succus	1
Organic California Extra Virgin Olive Oil	7
Organic Camelia Sinensis	2
Organic Camelia Sinensis Extract	2
Organic Camelia Sinensis Leaf Extract	18
Organic Camellia Japonica Seed Oil	1
Organic Camellia Oleifera Leaf Extract	2
Organic Camellia Oleifera Oil	2
Organic Camellia Sinensis	5
Organic Camellia Sinensis Concentrate	1
Organic Camellia Sinensis Extract	2
Organic Camellia Sinensis Leaf Extract	58
Organic Camellia Sinensis Oil	1
Organic Camellia Sinensis Powder	1
Organic Camellia Sinensis Seed Oil	2
Organic Cane Alcohol	2
Organic Cane Sugar	2
Organic Cannabis Sativa Oil	4
Organic Cannabis Sativa Seed Oil	18
Organic Canola Oil	2
Organic Caprylic/Capric Triglyceride	2
Organic Carnauba Wax	5
Organic Carrot Infused Sunflower Oil	1
Organic Carrot Juice	1
Organic Carrot Root Extract	1
Organic Carrot Seed Oil	3
Organic Carthamus Tinctorius Oil	2
Organic Carthamus Tinctorius Seed	1
Organic Carthamus Tinctorius Seed Oil	5
Organic Cashew Butter	1
Organic Castile Soap	1
Organic Castor	3
Organic Castor Oil	61
Organic Castor Seed Oil	2
Organic Catnip Extract	1
Organic Cbd Hemp Flower Extract	1
Organic Cedar Oil	1
Organic Cedarwood Oil	1
Organic Cedrus Atlantica	1
Organic Centella Asiatica	2
Organic Centella Asiatica Extract	1
Organic Cera Alba	12
Organic Cera Alba **	1
Organic Cera Flava	6
Organic Cetearyl Olivate	1
Organic Chamomile	1
Organic Chamomile Essential Oil	3
Organic Chamomile Extract	3
Organic Chamomile Flower Extract	2
Organic Chamomile Oil	2
Organic Chamomile TEA	2
Organic Chamomilla Recutita Flower	1
Organic Chamomilla Recutita Flower Extract	59
Organic Chamomilla Recutita Flower Extract*	1
Organic Chamomilla Recutita Flower Oil*	1
Organic Chaparral Leaf Oil	1
Organic Cherry	1
Organic Chia Seed Oil	1
Organic Chlorella Extract	1
Organic Chlorella Pyrenoidosa Extract	2
Organic CINNAMON Oil	1
Organic CITRULLUS Vulgaris Distillate	2
Organic CITRUS Aurantifolia Oil	4
Organic CITRUS Aurantium Dulcis Fruit Peel Oil	2
Organic CITRUS Aurantium Dulcis Oil	2
Organic CITRUS Aurantium Dulcis Peel Oil	2
Organic CITRUS Aurantium Extract	1
Organic CITRUS Extract	6
Organic CITRUS Extracts	1
Organic CITRUS Grandis Extract	1
Organic CITRUS Grandis Fruit Oil	1
Organic CITRUS Grandis Peel Oil	1
Organic CITRUS Limonium Extract	2
Organic CITRUS Medica Limonum Oil	2
Organic CITRUS Reticulata Extract	1
Organic CITRUS Sinensis	3
Organic CITRUS Sinensis Essential Oil	2
Organic CITRUS Sinensis Oil	4
Organic CITRUS Sinensis Peel Oil	1
Organic Clary Sage Essential Oil	1
Organic Clay	1
Organic Clove Bud Essential Oil	1
Organic Clove Bud Oil	2
Organic Clove Essential Oil	2
Organic Clove Oil	1
Organic Coco Butter	5
Organic Coco Nucifera Oil	1
Organic Cocoa Butter	26
Organic Coconut	7
Organic Coconut Flavor	6
Organic Coconut Flavoring	1
Organic Coconut Nucifera Fruit Oil	1
Organic Coconut Oil	133
Organic Cocos Nucifera	4
Organic Cocos Nucifera Extract	4
Organic Cocos Nucifera Flavor Extract	3
Organic Cocos Nucifera Flour	1
Organic Cocos Nucifera Fruit Oil	4
Organic Cocos Nucifera Oil	100
Organic Cocos Nucifera Oil Saponified	1
Organic Cocos Nucifera Oil*	2
Organic Cocos Nucifera Water	2
Organic Coffea Arabica Powder	2
Organic Coffee Arabica Oil	1
Organic Coffee Bean Oil	2
Organic Cold Pressed Argan Oil	1
Organic Cold Pressed Cocoa Butter	1
Organic Cold Pressed Extra Virgin Coconut Oil	6
Organic Cold Pressed Grapeseed Oil	4
Organic Cold Pressed Jojoba Oil	1
Organic Cold Pressed Olive Oil	1
Organic Cold Pressed Rosehip Seed Oil	1
Organic Cold-Pressed Avocado Oil	1
Organic Cold-Pressed Evening Primrose Oil	2
Organic Cold-Pressed Olive Oil	1
Organic Cold-Pressed Virgin Coconut Oil	1
Organic Cold-Pressed Wheatgerm Oil	1
Organic Comfrey	9
Organic Comfrey Infused Oils	1
Organic Comfrey Oil	1
Organic Copernicia Cerifera	1
Organic Cornstarch	2
Organic Cranberry	1
Organic Cranberry Extract	1
Organic Cranberry Fruit Extract	2
Organic Cranberry Seed Oil	1
Organic Cucumber Flavor Extract	1
Organic Cucumber Hydrosol	2
Organic Cucumis Sativus Distillate	2
Organic Cucumis Sativus Extract	5
Organic Cucumis Sativus Fruit Extract	12
Organic Cucumis Sativus Seed Oil	1
Organic Cucurbita Pepo L Oil	2
Organic Cucurbita Pepo Seed Oil	6
Organic Curcuma Longa	1
Organic Curcuma Longa Root Extract	1
Organic Curcuma Longa Root Powder	1
Organic Cyamopsis Tetragonoloba Gum	1
Organic Cymbopogon Flexuosus Oil	2
Organic Cymbopogon Martini Oil	5
Organic Cymbopogon Oil	1
Organic Dandelion	3
Organic Dandelion Extract	3
Organic Dandelion Root Extract	2
Organic Deionized Herbal Infusion	14
Organic Distilled White Vinegar	1
Organic Elaeis Guineensis Oil	1
Organic Elaeis Oleifera Kernel	2
Organic Elderberry Fruit Extract	1
Organic Emulsifying Wax Nf	2
Organic Equisetum Arvense Extract	2
Organic Equisetum Arvense Leaf Extract	1
Organic Essential Fatty Acids Of Oenothera Biennis *	1
Organic Essential Oil	2
Organic Essential Oil Blend	2
Organic Essential Oil Lavender	1
Organic Essential Oil Of Clove	1
Organic Essential Oil Of Orange	1
Organic Essential Oil Of Peppermint	1
Organic Essential Oil Rosemary	1
Organic Essential Oils	6
Organic Essential Oils Of Eucalyptus	2
Organic Eternal Flower Extract	2
Organic Ethanol	1
Organic Ethyl Alcohol	4
Organic Eucalyptus	1
Organic Eucalyptus Essential Oil	5
Organic Eucalyptus Globulus Leaf Oil	2
Organic Eucalyptus Oil	6
Organic Euterpe Oleracea Berry	3
Organic Euterpe Oleracea Butter	1
Organic Euterpe Oleracea Extract	1
Organic Euterpe Oleracea Fruit Extract	1
Organic Euterpe Oleracea Fruit Oil	4
Organic Euterpe Oleracea Oil	2
Organic Evening Primrose Oil	16
Organic Extra Virgin Coconut Oil	7
Organic Extra Virgin Cold-Pressed Coconut Oil	3
Organic Extra Virgin Olea Europaea Fruit Oil	2
Organic Extra Virgin Olea Europaea Oil	1
Organic Extra Virgin Olive	1
Organic Extra Virgin Olive Oil	33
Organic Extra Virgin Olive Oil Infused With Wildcrafted Calendula & Chamomile Flowers	1
Organic Extract Of Nanai Lemongrass	1
Organic Extract Of Snowy Cladonia	1
Organic Fair DEAL Hemp Oil	1
Organic Fair Trade Certified Camellia Sinensis	1
Organic Fair Trade Certified Rooibos	1
Organic Fair Trade Cocoa Butter	2
Organic Fair Trade Palm Kernel Oil	4
Organic Fair Trade Shea Butter	4
Organic Fair Trade Sucrose	1
Organic Fair-Trade Palm Wax	1
Organic Fennel Essential Oil	1
Organic First Cold Pressed Jojoba Oil	1
Organic Flavocetraria Nivalis Extract	1
Organic Flavor	5
Organic Flavors	3
Organic Flavours	2
Organic Flaxseed	1
Organic Fractionated Coconut Oil	2
Organic Fragrance	5
Organic Fragrance*	1
Organic Frangipani Extract	3
Organic Frankincense Essential Oil	2
Organic Frankincense Hydrosol	1
Organic Frankincense Oil	2
Organic Frankincense Serrata Essential Oil	1
Organic Fucus Vesiculosus	1
Organic Geranium Essential Oil	3
Organic Geranium Flower Oil	1
Organic Geranium Oil	3
Organic Ginger Extract	3
Organic Ginseng Root Powder	1
Organic Gluten Free Oat Flour	1
Organic Gluten Free Oats	1
Organic Glycerin	20
Organic Glycerine	2
Organic Glycyrrhiza Glabra Root Extract	2
Organic Goat Milk	1
Organic Goldenseal	2
Organic Gotu Kola	17
Organic Gotu Kola Extract	8
Organic Gotu Kola Powder	1
Organic Grape Alcohol	1
Organic Grape Alcohol Denatured	1
Organic Grape Seed Oil	3
Organic Grapefruit Essential Oil	1
Organic Grapefruit Flavor	1
Organic Grapefruit Oil	2
Organic Grapeseed Oil	3
Organic Grass Fed Beef Tallow	5
Organic Green Coffee Oil	3
Organic Green TEA	20
Organic Green TEA Extract	8
Organic Green TEA Leaf Extract	4
Organic Guar Gum	3
Organic Hamaelis Virginiana Leaf Extract	2
Organic Hamamelis Virginiana	1
Organic Hamamelis Virginiana Distillate	2
Organic Hamamelis Virginiana Extract	4
Organic Hamamelis Virginiana Leaf Powder	1
Organic Hamamelis Virginiana Water	1
Organic Helianthus Annuus	1
Organic Helianthus Annuus Oil	7
Organic Helianthus Annuus Seed Oil	56
Organic Helianthus Annuus Sunflower Seed Extract	2
Organic Helichrysum Italicum Essential Oil	2
Organic Helichrysum Stoechas Extract	1
Organic Hemp Oil	48
Organic Hemp Seed Oil	33
Organic Herbal Astringent Of Rose Petal	1
Organic Herbal Extracts Of Aloe Barbadensis	1
Organic Herbal Infusion	10
Organic Herbs	1
Organic Hibiscus Extract	2
Organic Hibiscus Flower Extract	1
Organic Hibiscus Sabdariffa Flower Extract	3
Organic High Oleic Expeller Pressed Sunflower Seed Oil	1
Organic Hippophae Rhamnoides Fruit Oil	1
Organic Hippophae Rhamnoides Kernel Extract	2
Organic Hippophae Rhamnoides Oil	2
Organic Honey	18
Organic Honey Flavor	2
Organic Honey Powder	1
Organic Horsetail Extract	2
Organic Horsetail Hydrosol	1
Organic Horsetail Plant Extract	1
Organic Hypericum Perforatum	1
Organic Ilex Paraguariensis Water	1
Organic Illipe Butter	1
Organic Immortelle Hydrosol	1
Organic Ipomoea Batatas Root Extract	2
Organic Jasmine Grandiflorum	1
Organic Jasmine Oil	1
Organic Jojoba Oil	101
Organic Jojoba Oil Infused With Hand-Picked Marigold Flowers And Wild Rose Petals	1
Organic Jojoba Seed Oil	12
Organic Juice Of Aloe Barbadensis *	3
Organic Juices Of Pyrus Malus *	4
Organic Juices Of Vitis Vinifera *	4
Organic Kale Extract	1
Organic Kelp Powder	2
Organic Kisolite¬Æ Bmp-Biogenic Mineral Powder	2
Organic Kisolite¬Æbmp ‚Äì Biogenic Mineral Powder	1
Organic Kisolite¬Æbmp-Biogenic Mineral Powder	1
Organic Kokum Butter	2
Organic Laminaria Digitata Extract	1
Organic Laminaria Digitata Powder	1
Organic Lavandin	1
Organic Lavandin Oil	3
Organic Lavandula Angustifolia	5
Organic Lavandula Angustifolia Flower Extract	5
Organic Lavandula Angustifolia Oil	7
Organic Lavandula Hybrida Grosso Oil	2
Organic Lavandula Hybrida Oil	5
Organic Lavender	1
Organic Lavender Distillate	1
Organic Lavender Essential Oil	18
Organic Lavender Essential Oils	1
Organic Lavender Extract	5
Organic Lavender Flower	1
Organic Lavender Flower Oil	1
Organic Lavender Flower Water	1
Organic Lavender Fragrance Oil	1
Organic Lavender Oil	12
Organic Lavender Water	1
Organic Lecithin	7
Organic Lemon	1
Organic Lemon Balm	4
Organic Lemon Balm Leaf Extract	1
Organic Lemon Distillate	1
Organic Lemon Essential Oil	1
Organic Lemon Essential Oils	3
Organic Lemon Extract	1
Organic Lemon Juice	2
Organic Lemon Oil	10
Organic Lemon Peel Extract	1
Organic Lemon Peel Oil	1
Organic Lemongrass	1
Organic Lemongrass Oil	4
Organic Lentinus Edodes Extract	3
Organic Licorice	1
Organic Licorice Root	4
Organic Licorice Root Extract	1
Organic Lime Essential Oil	2
Organic Lime Oil	9
Organic Linum/Sitatissimum Seed Oil	2
Organic Lonicera Japonica Extract	1
Organic Lonicera Japonica Flower Extract	3
Organic Lycium Barbarum Extract	1
Organic Lycium Barbarum Fruit Extract	3
Organic Macadamia Nut Oil	2
Organic Macadamia Oil	2
Organic Macadamia Ternifolia Seed Oil	1
Organic Macrocystis Pyrifera Extract	2
Organic Malpighia Glabra Extract	1
Organic Mandarin Essential Oil	1
Organic Mandarin Oil	5
Organic Mango Butter	8
Organic Manuka Honey	4
Organic Manuka Honey Blend	1
Organic Maple Sugar	1
Organic Marigold Flower Extract	2
Organic Marshmallow Flavor	1
Organic Marula Oil	1
Organic Matcha TEA	1
Organic Matricaria Flower Extract	1
Organic Matricaria Recutita	1
Organic Matricaria Recutita Flower Extract	3
Organic Mct Coconut Oil	1
Organic Mel	1
Organic Melaleuca Alternifolia Leaf Oil	1
Organic Melaleuca Alternifolia Oil	1
Organic Melilotus Albus Flower/Leaf/Steam Extract	1
Organic Melissa Officinalis Leaf Extract	1
Organic Mentha Piperita Oil	8
Organic Menthol	1
Organic Menthol Crystals	1
Organic Milk Powder	1
Organic Mint	1
Organic Mongongo Oil	2
Organic Moringa Oil	3
Organic Moringa Oleifera Seed Oil	2
Organic Moroccan Argan Cold Pressed Oil	1
Organic Moroccan Rose Water	1
Organic Morus Alba Water	2
Organic Msm	1
Organic Nasturtium Officinale Extract	1
Organic Natural Fruit Flavor	1
Organic Natural Vitamin E Oil	1
Organic Neem Leaf	1
Organic Neem Oil	2
Organic Neem Seed Oil	11
Organic Neroli Flower Oil	1
Organic Neroli Oil	2
Organic Nettle Extract	3
Organic Nettle Leaf Extract	1
Organic Nettle Powder	1
Organic Non-Fat Milk	1
Organic Non-Fat Milk Powder	1
Organic Noni Fruit Extract	1
Organic Oat Extract	1
Organic Oat Powder	1
Organic Oats	3
Organic Oatstraw Extract	1
Organic Oenothera Biennis Oil	7
Organic Olea Europaea	4
Organic Olea Europaea Fruit	1
Organic Olea Europaea Fruit Oil	37
Organic Olea Europaea Fruit Oil*	4
Organic Olea Europaea Leaf Extract	1
Organic Olea Europaea Oil	5
Organic Olea Europaea Oil Saponified	1
Organic Olive Fruit Oil	4
Organic Olive Juice Extract	1
Organic Olive Leaf Extract	1
Organic Olive Leaf Oil	1
Organic Olive Oil	61
Organic Olive Oil*	3
Organic Optunia Streptacantha	1
Organic Orange	2
Organic Orange Essential Oil	4
Organic Orange Fruit Extract	1
Organic Orange Oil	11
Organic Orange Peel Extract	3
Organic Orange Scent	1
Organic Oryza Sativa Bran	1
Organic Oryza Sativa Bran Extract	2
Organic Oryza Sativa Extract	1
Organic Palm	1
Organic Palm Kernel Oil	49
Organic Palm Oil	27
Organic Palmarosa Essential Oil	1
Organic Palmarosa Oil	1
Organic Panax Ginseng Root Extract	1
Organic Papaya Leaf Hydrosol Water	1
Organic Passiflora Incarnata	1
Organic Passiflora Incarnata Extract	1
Organic Passionflower	2
Organic Patchouli Essential Oil	2
Organic Patchouli Essential Oils	1
Organic Peach	1
Organic Peppermint Essential Oil	8
Organic Peppermint Oil	15
Organic Persea Americana Oil	1
Organic Persea Gratissima Butter	1
Organic Persea Gratissima Oil	28
Organic Persea Gratissima Oil*	2
Organic Petitgrain	1
Organic Phytonutrient Blend Aloe Barbadensis Leaf Juice	6
Organic Phytonutrient Blend‚Ñ¢	5
Organic Phytonutrient Blend‚Ñ¢ Sempervivum Tectorum Juice	1
Organic Pikake Flowers	1
Organic Pineapple Flavor	1
Organic Pink Grapefruit Oil	1
Organic Plantago Lanceolata	4
Organic Plantago Major	1
Organic Plantain	1
Organic Plantain Oil	1
Organic Plantain*	1
Organic Plukenetia Volubilis Seed Oil	3
Organic Plum	1
Organic Plum Kernel Oil	1
Organic Pogostemon Cablin Oil	1
Organic Pomegranate	2
Organic Pomegranate Extract	1
Organic Potassium Cocoate	3
Organic Potassium Olivate	3
Organic Primrose Oil	1
Organic Prunus Amygdalus Dulcis Oil	30
Organic Prunus Armeniaca Kernel Oil	6
Organic Prunus Domestica Oil	1
Organic Prunus Domestica Seed Oil	2
Organic Pulsatilla Koreana Extract	2
Organic Pumpkin Seed Oil	3
Organic Punica Granatum	2
Organic Punica Granatum Extract	4
Organic Punica Granatum Linn Oil	1
Organic Punica Granatum Linn Seed Oil	2
Organic Punica Granatum Oil	1
Organic Punica Granatum Seed Oil	10
Organic Punica Granatum Water	1
Organic Quillaja Saponaria Extract	4
Organic Raspberry	3
Organic Raspberry Seed Oil	2
Organic Raw & Unrefined Coconut Oil	1
Organic Raw Honey	3
Organic Raw Shea Butter	2
Organic Red Palm Oil	3
Organic Refined Coconut Oil	5
Organic Reishi Mushroom Hydrosol Water	1
Organic Rhodiola Rosea Root Extract	1
Organic Rice Bran Oil	1
Organic Rice Ferment Filtrate	2
Organic Ricinus Communis Oil	6
Organic Ricinus Communis Seed Oil	10
Organic Rooibos Extract	1
Organic Rooibos Leaf Extract	3
Organic Rosa Canina Fruit Extract	1
Organic Rosa Canina Fruit Oil	8
Organic Rosa Canina Hips Oil	1
Organic Rosa Canina Oil	4
Organic Rosa Canina Seed Extract	1
Organic Rosa Canina Seed Oil	13
Organic Rosa Centifolia Flower Water	2
Organic Rosa Damascena Extract	1
Organic Rosa Damascena Flower Distillate	2
Organic Rosa Damascena Flower Extract	3
Organic Rosa Damascena Flower Oil	3
Organic Rosa Damascena Flower Water	1
Organic Rosa Mosqueta Seed Oil	1
Organic Rosa Rubginosa Fruit Oil	1
Organic Rosa Rubiginosa Seed Oil	2
Organic Rose Absolute	2
Organic Rose Essential Oil	2
Organic Rose Hip Oil	4
Organic Rose Hips Oil	2
Organic Rose Hydrosol	2
Organic Rose Oil	3
Organic Rose Petal Hydrosol	1
Organic Rose Petals	2
Organic Rose Water	2
Organic Rosehip Extract	7
Organic Rosehip Fruit Oil	3
Organic Rosehip Oil	7
Organic Rosehip Seed Oil	12
Organic Rosemary	2
Organic Rosemary Blend	1
Organic Rosemary Essential Oil	3
Organic Rosemary Extract	45
Organic Rosemary Leaf	1
Organic Rosemary Leaf Extract	11
Organic Rosemary Oil	14
Organic Rosemary Oil Extract	5
Organic Rosewater	1
Organic Rosewater Hydrosol	1
Organic Rosmarinus Officinalis Leaf Extract	17
Organic Rosmarinus Officinalis Leaf Oil	2
Organic Rspo Palm Oil	3
Organic Rubus Fruticosus	2
Organic Rubus Fruticosus Extract	1
Organic Rubus Ideaus Seed Oil	1
Organic Sacha Inchi Oil	1
Organic Safflower Oil	20
Organic Sage Essential Oil	1
Organic Salix Alba Bark Extract	5
Organic Salix Alba Willow Bark Extract	2
Organic Salvia Hispanica Seed Extract	2
Organic Salvia Officinalis Leaf Extract	2
Organic Sambucus Nigra Extract	1
Organic Sandalwood Oil	1
Organic Santalum Acuminatum Essential Oil	1
Organic Saponified Coconut Oil	1
Organic Saponified Jojoba Oil	1
Organic Saponified Olive Oil	1
Organic Schizandra Chinensis Fruit Extract	1
Organic Scutellaria Baicalensis Root Extract	1
Organic Sda 38B	3
Organic Sea Buckthorn Extract	4
Organic Sea Buckthorn Oil	5
Organic Sea Buckthorn Seed Oil	1
Organic Seabuckthorn Extract	2
Organic Seabuckthorn Oil	1
Organic Seed Oii	1
Organic Sesame Oil	1
Organic Sesame Seed Oil	1
Organic Sesamum Indicum Seed Oil	16
Organic Shea Butter	73
Organic Shea Fruit Butter	1
Organic Shea Nilotik Shea Butter	1
Organic Shikakai Powder	8
Organic Siberian Mountain Ash Extract	1
Organic Silken Tofu	3
Organic Silybum Marianum Extract	1
Organic Sim-Mondsia Chinensis Oil Saponified	1
Organic Simmondia Chinensis Seed Oil	1
Organic Simmondsia Chinensis	5
Organic Simmondsia Chinensis Oil	5
Organic Simmondsia Chinensis Seed Oil	50
Organic Soapberry Fruit Extract	1
Organic Sorbus Aucuparia Fruit Extract	1
Organic Soy Bean Oil	2
Organic Soy Lecithin	5
Organic Soy Oil	12
Organic Spearmint Oil	3
Organic Spotted Cranesbill Flower Extract	1
Organic Stellaria Media	1
Organic Stellaria Media Extract	1
Organic Stevia	7
Organic Stevia Leaf Extract	5
Organic Stevia Rebaudiana Leaf/Stem Extract	2
Organic Strawberry Flavor	1
Organic Sucrose	8
Organic Sugar	1
Organic Sugar Cane Alcohol	2
Organic Sugar Cane Extract	3
Organic Sugar Maple	1
Organic Sugarcane Alcohol	1
Organic Sunflower	8
Organic Sunflower Carrier Oil	1
Organic Sunflower Lecithin	1
Organic Sunflower Oil	108
Organic Sunflower Seed Oil	17
Organic Sustainable Palm Oil	6
Organic Sweet Almond Oil	11
Organic Sweet Orange Essential Oil	6
Organic Sweet Orange Oil	1
Organic Sweet Potato	1
Organic Symphytum Officianale Oil	1
Organic Symphytum Officinale	5
Organic Tallow	1
Organic Tallow From Grass-Fed Cows	1
Organic Tamanu Oil	9
Organic Tanacetum Annuum Essential Oil	1
Organic Tangerine Essential Oil	2
Organic Tangerine Oil	1
Organic Tapioca Flour	1
Organic Tapioca Starch	7
Organic Taraxacum Officinale	2
Organic TEA Tree Essential Oil	3
Organic TEA Tree Oil	4
Organic TEA Tree Oil*	1
Organic Theobroma Cacao Butter	4
Organic Theobroma Cacao Seed Butter	10
Organic Theobroma Grandiflorum Seed Butter	8
Organic Thyme Essential Oil	2
Organic Tilia Platyphyllos Flower Extract	1
Organic Tomato Juice	1
Organic Tomato Puree	1
Organic Turmeric Extract	4
Organic Turmeric Hydrosol	1
Organic Turmeric Oil	3
Organic Unrefined Cocoa Bean Butter	1
Organic Unrefined Cocoa Butter	2
Organic Unrefined Cold Pressed Coconut Oil	2
Organic Unrefined Cold Pressed Grapeseed Oil	3
Organic Unrefined Cold Pressed High Oleic Sunflower Oil	3
Organic Unrefined Cold Pressed Roselle Hibiscus Seed Oil	2
Organic Unrefined Cold-Pressed Virgin Coconut Oil	1
Organic Unrefined Evening Primrose Oil	1
Organic Unrefined Extra Virgin Coconut Oil	2
Organic Unrefined Shea Butter	3
Organic Unrefined Sweet Almond Oil	1
Organic Unrefined Virgin Coconut Oil	2
Organic Urtica Dioica Extract	1
Organic Usnea Barbata Extract	2
Organic Usnea Spp	1
Organic Vaccinium Angustifolium Fruit Extract	3
Organic Vaccinium Corymbosum Fruit Extract	3
Organic Vaccinium Macracarpon Fruit Extract	1
Organic Vaccinium Macrocarpon Fruit Extract	4
Organic Vaccinium Macrocarpon Seed Oil	3
Organic Vaccinum Macrocarpon Fruit Extract	4
Organic Vanilla Extract	1
Organic Vanilla Flavor	3
Organic Vanilla Flavor Oil	1
Organic Vanilla Flavoring	4
Organic Vanilla Oil	1
Organic Vanilla Planifolia Fruit Extract	2
Organic Vanilla Pod Infusion	1
Organic Vegan Hyaluronic Acid	2
Organic Vegetable Glycerin	28
Organic Verbena Officialis Extract	1
Organic Virgin Coconut Oil	24
Organic Virgin Cold-Pressed Coconut Oil	2
Organic Virgin Sea-Buckthorn Fruit Oil	1
Organic Virgin Shea Butter	9
Organic Vitamin E	2
Organic Vitamin E Oil	4
Organic Vitis Vinifera	1
Organic Vitis Vinifera Extract	1
Organic Vitis Vinifera Grape Seed Extract	3
Organic Vitis Vinifera Seed Oil	1
Organic Watermelon Flavor	1
Organic Wheatgrass Extract	1
Organic Wheatgrass Powder	1
Organic White Grape Juice	9
Organic White TEA Extract	4
Organic White Willow Bark	2
Organic White Willow Bark Extract	4
Organic Whole Leaf Aloe Vera Barbadensis Juice	1
Organic Wilelaiki Honey	4
Organic Willow Bark Extract	2
Organic Witch Hazel Extract	3
Organic Ylang Ylang Oil	3
Organic Ylang-Ylang Flower Oil	1
Organic Yucca Schidigera	1
Organic Zanthoxylum Piperitum Fruit Extract	1
Organic Zea Mays	1
Organic Zea Mays Silk Extract	2
Organic Zea Mays Starch	2
Organic Zingiber Officinale	1
Organic. Green TEA Leaf Extract	1
Oridonin	2
Origanum Compactum	2
Origanum Dictamnus Flower/Leaf/Stem Extract	1
Origanum Heacleoticum Flower Oil	1
Origanum Majora Oil	1
Origanum Majorana Extract	1
Origanum Majorana Flower Oil	1
Origanum Majorana Leaf Extract	52
Origanum Majorana Leaf Oil	23
Origanum Majorana Oil	3
Origanum Marjorana Oil	1
Origanum Oil	1
Origanum Turkish Oil	1
Origanum Volgare Leaf Extract	1
Origanum Vulgare Extract	7
Origanum Vulgare Flower/Leaf/Stem Extract	2
Origanum Vulgare Leaf	7
Origanum Vulgare Leaf Extract	70
Origanum Vulgare Leaf Oil	4
Origanum Vulgare Oil	8
Origanum Vulgrae Extract	1
Origanum Vulgrare Flower/Leaf/Stem Extract	1
Oriza Sativa Bran Wax	1
Oriza Sativa Oil	1
Ormenis Multicaulis Extract	18
Ormenis Multicaulis Flower Extract	1
Ormenis Multicaulis Flower Oil	1
Ormenis Multicaulis Flower Wax	1
Ormenis Multicaulis Oil	90
Ornithine	23
Ornithine Hcl	19
Orobanche Rapum Extract	11
Orostachys Japonica Extract	1
Oroxylum Indicum Root Extract	1
Orthosiphon Stamineus Extract	10
Oryza Bativa Bran Extract	1
Oryza Ceramide	3
Oryza Sativa	11
Oryza Sativa *	1
Oryza Sativa Bran	27
Oryza Sativa Bran Cera	7
Oryza Sativa Bran Cera/Oryza Sativa Bran Wax	1
Oryza Sativa Bran Extract	597
Oryza Sativa Bran Oil	387
Oryza Sativa Bran Oil / Rice Bran Oil	21
Oryza Sativa Bran Oil Extract	1
Oryza Sativa Bran Oil/Oryza Sativa Bran Oil	1
Oryza Sativa Bran Oil/Oryza Sativa Rice Bran Oil	1
Oryza Sativa Bran Oil/Rice Bran Oil	29
Oryza Sativa Bran Protein	2
Oryza Sativa Bran Water	58
Oryza Sativa Bran Wax	132
Oryza Sativa Bran Wax/Oryza Sativa Bran Cera	4
Oryza Sativa Callus Culture Extract	3
Oryza Sativa Cera	18
Oryza Sativa Cera / Rice Bran Wax	2
Oryza Sativa Cera/Oryza Sativa Bran Wax	2
Oryza Sativa Extract	368
Oryza Sativa Extract*	2
Oryza Sativa Extract/Oryza Sativa Extract	4
Oryza Sativa Extract/Rice Extract	5
Oryza Sativa Flour	2
Oryza Sativa Germ Extract	31
Oryza Sativa Germ Oil	39
Oryza Sativa Germ Powder	10
Oryza Sativa Germ/Bran Oil	1
Oryza Sativa Hull Extract	6
Oryza Sativa Hull Powder	19
Oryza Sativa Lees Extract	23
Oryza Sativa Lipids	2
Oryza Sativa Oil	13
Oryza Sativa Paper	2
Oryza Sativa Phytoceramide	1
Oryza Sativa Powder	92
Oryza Sativa Seed Extract	9
Oryza Sativa Seed Ferment Filtrate	1
Oryza Sativa Seed Oil	2
Oryza Sativa Seed Protein	13
Oryza Sativa Starch	109
Oryza Sativa Starch / Rice Starch	2
Oryza Sativa Starch/Oryza Sativa Starch	1
Oryza Sativa Starch/Rice Starch	6
Oryza Sativa Water	1
Oryza Sativa Wax	1
Oryza Satvia Bran Water	1
Oryzanol	90
Oryzasativa Bran Extract	1
Orzya Sativa Bran Extract	1
Osmanthus Fragrans Flower Extract	23
Osoleucine	1
Osun	3
Oxacyclohexadecenone	2
Oxidized Corn Oil	5
Oxidized Glutathione	8
Oxidized Polyethylene	16
Oxidized Starch Acetate	6
Oxido Reductases	7
Oxothiazolidine	2
Oxothiazolidinecarboxylic Acid	16
Oxybenzone	215
Oxybenzone 1.0%	3
Oxybenzone 1.5%	1
Oxybenzone 2%	4
Oxybenzone 2.0%	1
Oxybenzone 3%	8
Oxybenzone 3.0%	3
Oxybenzone 3.5%	2
Oxybenzone 3.9%	1
Oxybenzone 4%	5
Oxybenzone 4.0%	1
Oxybenzone 4.5%	2
Oxybenzone 5%	5
Oxybenzone 5.0%	2
Oxybenzone 5.00%	2
Oxybenzone 5.4%	1
Oxybenzone 6%	3
Oxybenzone 6.0%	1
Oxycoccus Palustris Co2 Extract	1
Oxycoccus Palustris Seed Oil	34
Oxydendron Arboreum Leaf/Stem Callus Culture Extract	2
Oxygen	12
Oxygenated Purified Water	1
Oxyquinoline Sulfate	1
Oyster Shell Extract	2
Oyster Shell Powder	1
Ozokerite	397
Ozokerite Wax	8
Ozonized Ethyl Oleate	2
Ozonized Olive Oil	2
Ozonized Oryza Sativa Callus Culture Enzyme Extract	3
Ozonized Sunflower Seed Oil	1
P Anisic Acid	4
P Chloro M Cresol	1
P-Anisic Acid	257
P-Anisic Acid*	1
P-Chloro-M-Cresol	10
P-Cymene	1
P-Glucan	1
P-Hydroxyacetophenone	1
P-Menthanone	1
P-Methoxybenzyl Acetate	4
Paba Strict Cross Reactors: Removes Ppd And Caines: Esters From Shopping List	2
Pachyrhizus Erosus Root Extract	3
Pacific Northwest Beeswax	1
Pacific Nw Beeswax	6
Pacific Yew Branch Tip	1
Padimate	3
Padimate O	6
Padimate-0	2
Padina Pavonica Extract	14
Padina Pavonica Thallus Extract	133
Padmaka	1
Paeonia Albiflora Extract	1
Paeonia Albiflora Flower Extract	34
Paeonia Albiflora Root Extract	114
Paeonia Albiflora Root Extract*	1
Paeonia Lactiflora Bark/Sap Extract	2
Paeonia Lactiflora Extract	11
Paeonia Lactiflora Leaf Cell Extract	2
Paeonia Lactiflora Root Extract	133
Paeonia Lactiflora Root Water	1
Paeonia Officinalis Flower Extract	17
Paeonia Officinalis Root Extract	3
Paeonia Suffruticosa Branch/Flower/Leaf Extract	2
Paeonia Suffruticosa Extract	8
Paeonia Suffruticosa Extract / Paeonia Suffruticosa Root Extract	5
Paeonia Suffruticosa Flower Extract	4
Paeonia Suffruticosa Root Extract	268
Paeonia Suffruticosa Root/Bark Extract	1
Paeonial Actiflora Root Extract	1
Paeonie Suffruticosa Root Extract	1
Paeonol	3
Paeuonia Suffruticosa Root Extract	1
Paimitoyl Tripeptide-5	1
Pakar	1
Palargonium Graveolens Flower Oil	2
Palm	1
Palm Acid	235
Palm Acid*	1
Palm Alcohol	4
Palm Ash	1
Palm Bunch Ash	1
Palm Butter	1
Palm Extract	1
Palm Glycerides	5
Palm Kernel	2
Palm Kernel Acid	281
Palm Kernel Acid*	1
Palm Kernel Flakes	1
Palm Kernel Glycerides	1
Palm Kernel Oil	45
Palm Kernel/Coco Glucoside	5
Palm Kernelamide DEA	1
Palm Kernelate	24
Palm Kernels	1
Palm Oil	131
Palm Oil Aminopropanediol Esters	1
Palm Oils	3
Palm Saponified Oil	2
Palm Stearic Acid	11
Palmaria Palmata Extract	117
Palmarosa	8
Palmarosa Essential Oil	5
Palmarosa Oil	8
Palmatic Acid	8
Palmetic Acid	1
Palmitamide MEA	20
Palmitamidopropyltrimonium Chloride	6
Palmitate	4
Palmitic Acid	2992
Palmitic Acid*	2
Palmitic Acids	1
Palmitic Glyceride	1
Palmiticacid	5
Palmitoy Fetrapep-Tide-7	1
Palmitoyl Camellia Sinensis Extract	1
Palmitoyl Carnitine	12
Palmitoyl Decapeptide-21	9
Palmitoyl Dipeptide	1
Palmitoyl Dipeptide 7	1
Palmitoyl Dipeptide-10	8
Palmitoyl Dipeptide-5 Diaminobutyloyl Hydroxythreonine	1
Palmitoyl Dipeptide-5 Diaminobutyroyl Hydroxythreonine	85
Palmitoyl Dipeptide-5 Diaminohydroxybutyrate	43
Palmitoyl Dipeptide-6 Diaminohydroxybutyrate	6
Palmitoyl Dipeptide-7	36
Palmitoyl Glycine	27
Palmitoyl Grape Seed Extract	46
Palmitoyl Grape Seed Extract*	3
Palmitoyl Grapevine Shoot Extract	54
Palmitoyl Heptapeptide-18	16
Palmitoyl Heptapeptide-27	3
Palmitoyl Hexapeptide	2
Palmitoyl Hexapeptide-1	1
Palmitoyl Hexapeptide-12	344
Palmitoyl Hexapeptide-14	33
Palmitoyl Hexapeptide-19	20
Palmitoyl Hexapeptide-26	1
Palmitoyl Hexapeptide-52	23
Palmitoyl Hexapeptide-6	1
Palmitoyl Hydrolyzed Wheat Protein	5
Palmitoyl Hydrolyzed Wheat Protien	1
Palmitoyl Hydroxypropyl Trimonium Amylopectin/Glycerin Crosspolymer	2
Palmitoyl Hydroxypropyltrimonium	2
Palmitoyl Hydroxypropyltrimonium Amylopectin/Glycerin Crosspolymer	27
Palmitoyl Isoleucine	1
Palmitoyl Lysyl Aminovaleroyl Lysine	7
Palmitoyl Myristyl Serinate	9
Palmitoyl Octapeptide-24	3
Palmitoyl Octapeptide-26	2
Palmitoyl Octapeptide-26 Amide	1
Palmitoyl Oligopeptide	346
Palmitoyl Oligopeptide Palmitoyl Tripeptide-7	2
Palmitoyl Oligopeptide-7	2
Palmitoyl Oligopeptide-78	3
Palmitoyl Palmitamide MEA	1
Palmitoyl Pentapeptide 4	6
Palmitoyl Pentapeptide-3	16
Palmitoyl Pentapeptide-4	474
Palmitoyl Pine Bark Extract	5
Palmitoyl Proline	5
Palmitoyl Sh-Hexapeptide-13 Serine Sp Amide	4
Palmitoyl Sh-Octapeptide-24 Amide	4
Palmitoyl Sh-Octapeptide-8 Glutamine Sp Amide	3
Palmitoyl Sh-Tripeptide-4-Amide	1
Palmitoyl Sh-Tripeptide-5 Norisoleucyl Sh-Nonapeptide-1	4
Palmitoyl Tetr Apeptide-7	1
Palmitoyl Tetrapeptide	7
Palmitoyl Tetrapeptide 7	6
Palmitoyl Tetrapeptide-1	1
Palmitoyl Tetrapeptide-10	32
Palmitoyl Tetrapeptide-3	20
Palmitoyl Tetrapeptide-38	2
Palmitoyl Tetrapeptide-4	1
Palmitoyl Tetrapeptide-50	12
Palmitoyl Tetrapeptide-7	1287
Palmitoyl Tetrapeptide-72	1
Palmitoyl Tetrapeptide-72 Amide	9
Palmitoyl Tetrapeptide-94	13
Palmitoyl Tetrapeptide-95	1
Palmitoyl Tetrapeptide7	3
Palmitoyl Triepeptide-3	1
Palmitoyl Tripepetide-38	1
Palmitoyl Tripeptide	4
Palmitoyl Tripeptide 1	7
Palmitoyl Tripeptide 38	3
Palmitoyl Tripeptide 7	1
Palmitoyl Tripeptide-1	1190
Palmitoyl Tripeptide-1 Acetate	18
Palmitoyl Tripeptide-27	2
Palmitoyl Tripeptide-28	24
Palmitoyl Tripeptide-29	1
Palmitoyl Tripeptide-3	9
Palmitoyl Tripeptide-37	13
Palmitoyl Tripeptide-38	293
Palmitoyl Tripeptide-42	1
Palmitoyl Tripeptide-5	495
Palmitoyl Tripeptide-7	2
Palmitoyl Tripeptide-7 Hcl	1
Palmitoyl Tripeptide-8	76
Palmitoyl Tripeptide-I	6
Palmitoylethanolamide	1
Palmitoyltetrapeptide-7	3
Palmitoyltripeptide-5	2
Palmityl Alcohol	6
Palms	1
Palo Santo Essential Oil	1
Panax Extract	1
Panax Ginseng Berry Extract	18
Panax Ginseng Callus Culture Extract	5
Panax Ginseng Extract	40
Panax Ginseng Extract/Panax Ginseng Root Extract	3
Panax Ginseng Flower Extract	4
Panax Ginseng Leaf/Stem Extract	1
Panax Ginseng Meristem Cell Culture Conditioned Media	1
Panax Ginseng Root	6
Panax Ginseng Root Etract	1
Panax Ginseng Root Extract	810
Panax Ginseng Root Extract Ferment Filtrate	1
Panax Ginseng Root Extract*	2
Panax Ginseng Root Powder	3
Panax Ginseng Root Water	12
Panax Ginseng Seed Oil	5
Panax Meristem Cell Culture Conditioned Media	1
Panax Notoginseng Root Extract	5
Panax Quinquefolium Root Extract	3
Panax Quinquefolius Root Extract	9
Panax Quinquefollium Root Extract	1
Panax Root Extract	11
Panax Root Water	2
Pancratium Maritimum Extract	61
Pandanus Conoideus Fruit Oil	5
Panicum Miliaceum Extract	1
Panicum Miliaceum Seed Extract	22
Panicummiliaceum Seed Extract	1
Pantago Major	1
Pantenol	5
Pantethine	76
Panthendl	1
Panthenol	7920
Panthenol Vegan	1
Panthenol Vitamin B5	7
Panthenol*	1
Panthenol**	1
Panthenyl Ethyl Ether	20
Panthenyl Hydroxypropyl Steardimonium Chloride	1
Panthenyl Triacetate	45
Pantheon	5
Panthine	1
Pantolactone	559
Pantothenic Acid	126
Pantylene Glycol	2
Papain	321
Papain Extract	9
Papaver Orientale	1
Papaver Orientale Seed Oil	2
Papaver Rhoeas Extract	3
Papaver Rhoeas Flower Extract	10
Papaver Rhoeas Flower Powder	1
Papaver Rhoeas Petal Extract	6
Papaver Somniferum Seed	3
Papaver Somniferum Seed Extract	2
Papaver Somniferum Seed Oil	8
Papaver Somniferum Seeds	4
Papaversomniferum Seeds	1
Papaya	1
Papaya Enzyme	1
Papaya Enzymes	2
Papaya Extract	13
Papaya Fruit Extract	13
Papaya Fruit Ferment Extract/Lactobacillus	1
Papaya Leaf Extract	1
Papaya Seed	1
Paprika	1
Paprika Extract	2
Paprika Oleoresin	1
Paraben	1
Parabens	4
Parachlorella Beijerinckii Exopolysaccharides	23
Paradisi Oil*	2
Paraffin	661
Paraffin Beeswax	1
Paraffin Hard	1
Paraffin Liquid	9
Paraffin Liquidum	2
Paraffin Oil	2
Paraffin Oils	5
Paraffin Soft White	1
Paraffin Wax	33
Paraffina Liquidum	3
Paraffine Liquide Usp	1
Paraffine Solide	1
Paraffinium Liquidum	4
Paraffinum Liquidium	2
Paraffinum Liquidum	598
Paraffinum Liquidum / Mineral Oil	20
Paraffinum Liquidum / Mineral Oil / Huile Minerale	11
Paraffinum Liquidum Mineral Oil	2
Paraffinum Liquidum Oil	1
Paraffinum Liquidum/ Mineral Oil	18
Paraffinum Liquidum/ Mineral Oil/ Huile Minerale	1
Paraffinum Liquidum/ Mineral Oil/Huile Minerale	4
Paraffinum Liquidum/Mineral Oil	15
Paraffinum Liquidum/Mineral Oil/Huile Minerale	36
Paraffinum Liquium	8
Paraffinumliquidum / Mineral Oil	1
Parafina L√≠Quida	3
Paraguay TEA Extract	1
Paraxanthine	1
Pareth-9	1
Parfum	4367
Parfum *	11
Parfum **	28
Parfum / Fragrance	410
Parfum / Fragrance*	4
Parfum /Fragrance	19
Parfum CITRUS Paradisi Peel Oil/Citrus Paradisi Peel Oil	1
Parfum Essential Oils	1
Parfum Fragrance	28
Parfum Lillial	2
Parfum*	2
Parfum/ Fragrance	63
Parfum/Fragance	3
Parfum/Fragrance	1487
Parfum/Fragrance/Aroma	2
Parfum/Fragrance/Fragancia	2
Parfum/Frogrance	1
Parfume	6
Parfumfragrance	1
Parietaria Officinalis Extract	39
Parkii Butter/Butyrospermum Parkii Butter	1
Parkii Butyrospermum Butter	3
Parrafin	1
Parsley	1
Parsley Essential Oil	1
Parsley Extract	3
Parsley Leaf	2
Parsley Seed Extract	1
Partum	7
Passiflora Edulis	1
Passiflora Edulis Extract	10
Passiflora Edulis Flower Extract	4
Passiflora Edulis Fruit Extract	42
Passiflora Edulis Fruit Juice	2
Passiflora Edulis Oil / Passiflora Edulis Seed Oil	1
Passiflora Edulis Seed Oil	209
Passiflora Edulis Seed Powder	3
Passiflora Incarmata Extract	2
Passiflora Incarnata	1
Passiflora Incarnata Extract	45
Passiflora Incarnata Flower Extract	57
Passiflora Incarnata Fruit Extract	55
Passiflora Incarnata Oil	1
Passiflora Incarnata Seed Oil	40
Passiflora Incarnate Flower Extract*	4
Passiflora Incarnate Fruit Extract	1
Passiflora Laurifolia Flower Extract	3
Passiflora Laurifolia Fruit Extract	1
Passiflora Quadrangularis Fruit Extract	9
Passion Flower	1
Passion Flower Extract	2
Passion Fruit Extract	3
Passionflower Extract	5
Passionflower Oil	1
Passionflower Vine	1
Passionfruit Extract	2
Passionfruit Seed Oil	2
Pasteurized Goat Milk	1
Patala	1
Patchouli	5
Patchouli Essential Oil	6
Patchouli Essential Oils	1
Patchouli Oil	26
Patented Echinacea Purpurea ‚Äògreenenvytm‚Äô Root Extract	1
Patented Silver Solution	1
Pathenol	1
Patolactone	1
Pattanga	1
Paullina Cupana Seed Extract	3
Paullinia Cupana	1
Paullinia Cupana Extract	5
Paullinia Cupana Fruit Extract	9
Paullinia Cupana Seed Extract	50
Paullinia Cupana Seed Powder	1
Pavlova Lutheri Extract	3
Pavonia Odorata Root Extract	1
Pca	315
Pca Dimethicone	21
Pca Ethyl Cocoyl Arginate	4
Pca Glyceryl Oleate	5
Pca-Na	1
Pe6-6 Caprylic/Capric Glycerides	1
Pea Extract	3
Pea Isolate	1
Peach	1
Peach Extract	3
Peach Flavor	2
Peach Fruit Essence	1
Peach Fruit Extract	5
Peach Juice	1
Peach Kernel Extract	1
Peach Kernel Oil	3
Peach Kernel Oil Glycereth-8 Esters	1
Peach Leaf Extract	1
Peanut Butter	1
Peanut Oil	2
Pear Fruit Extract	1
Pearl Extract	35
Pearl Mica	2
Pearl Powder	75
Pearls Extract	1
Peat	14
Peat Extract	21
Peat Water	10
Pecan Oil	3
Pecan Seed Oil	3
Pectin	56
Pectinase	1
Peel Apples	1
Peepal	2
PEG	3
PEG / PPG-18 / 18 Dimethicone	1
PEG 10	1
PEG 10 Dimethicone Crosspolymer	1
PEG 10 Rapeseed Sterol	2
PEG 100	3
PEG 100 Stearate	80
PEG 12 Dimethicone	6
PEG 120 Methyl Glucose Dioleate	10
PEG 14M	2
PEG 150	2
PEG 150 Distearate	16
PEG 18 Glyceryl Oleate/Cocoate	1
PEG 2 Stearate	4
PEG 20 Sorbitan Laurate	1
PEG 200 Hydrogenated Glyceryl Palmate	1
PEG 25 Soy Sterol	1
PEG 4 Laurate	1
PEG 40	3
PEG 40 Castor Oil	4
PEG 40 Hydrogenated Castor Oil	17
PEG 40 Sorbitan Peroleate	2
PEG 40 Stearate	5
PEG 400	3
PEG 4000	1
PEG 6	1
PEG 6 Caprylic/Capric Glycerides	2
PEG 60	1
PEG 60 Almond Glycerides	1
PEG 60 Hydrogenated Castor Oil	7
PEG 7 Caprylic/Capric Glycerides	3
PEG 7 Glyceryl Cocoate	5
PEG 7 Hydrogenated Castor Oil	1
PEG 75 Lanolin	2
PEG 75 Stearate	1
PEG 7M	1
PEG 8	8
PEG 8 Caprylic/Capric Glycerides	3
PEG 8 Distearate	1
PEG 8 Hydrogenated Castor Oil	1
PEG 8 Stearate	1
PEG 80 Sorbitan Laurate	4
PEG 9 Polydimethylsiloxyethyl Dimethicone	2
PEG Distearate	1
PEG Hydrogenated Castor Oil	1
PEG PPG-18/18 Dimethicone	1
PEG Stearates	2
PEG-1 Trideceth-6	2
PEG-10	32
PEG-10 Dimethicone	367
PEG-10 Dimethicone Crosspolymer	5
PEG-10 Dimethicone/Vinyl Dimethicone Crosspolymer	13
PEG-10 Hydrogenated Castor Oil	1
PEG-10 Isostearate	33
PEG-10 Laurate	3
PEG-10 Methyl Ether Dimethicone	1
PEG-10 Olive Glycerides	2
PEG-10 Phytosterol	88
PEG-10 Rapeseed Sterol	38
PEG-10 Soy Sterol	24
PEG-10 Soya Sterol	1
PEG-10 Stearate	5
PEG-10 Sunflower Glycerides	4
PEG-100	38
PEG-100 Glyceryl Stearate	2
PEG-100 Setearate	1
PEG-100 Stearate	4741
PEG-100 Stearate L	1
PEG-100 Stearate Manganese Tripeptide-1	1
PEG-100 Strearate	1
PEG-11 Methyl Ether Dimethicone	37
PEG-11 Stearate	1
PEG-11 Stearyl Ether	1
PEG-12	49
PEG-12 Allyl Ether	12
PEG-12 Diisostearate	16
PEG-12 Dimethicone	268
PEG-12 Dimethicone Crosspolymer	11
PEG-12 Dimethicone Propylene Glycol	1
PEG-12 Dimethicone/Ppg Crosspolymer	2
PEG-12 Dimethicone/Ppg-20 Crosspolymer	34
PEG-12 Dioleate	1
PEG-12 Distearate	1
PEG-12 Glyceryl Dimyristate	19
PEG-12 Glyceryl Distearate	5
PEG-12 Glyceryl Laurate	5
PEG-12 Glyceryl Stearate	2
PEG-12 Laurate	9
PEG-12 Sorbitan Trioleate	2
PEG-120	1
PEG-120 Esters	3
PEG-120 Glyceryl Stearate	1
PEG-120 Methyi Glucose Dioleate	1
PEG-120 Methyl Glucose Dioleate	953
PEG-120 Methyl Glucose Triisostearate	2
PEG-120 Methyl Glucose Trioleate	29
PEG-120 Methyl Glucoside Dioleate	5
PEG-120 Methyl Glucosyl Dioleate	1
PEG-120 Stearate	3
PEG-14	8
PEG-14 Dimethicone	3
PEG-140 Glyceryl Tristearate	1
PEG-14M	102
PEG-15 Cocamine	3
PEG-15 Cocopolyamine	3
PEG-15 Glyceryl Isostearate	2
PEG-15 Glyceryl Stearate	1
PEG-15 Pentaerythrityl Tetra	1
PEG-15 Stearyl Ether Benzoate	1
PEG-15/LAURYL Dimethicone Crosspolymer	4
PEG-150	61
PEG-150 Distearate	344
PEG-150 Pentaerthrityl Tetrastearate	10
PEG-150 Pentaerythityl Tetrastearate	1
PEG-150 Pentaerythrityl Tetrastearate	286
PEG-150 Stearate	24
PEG-150/DECYL Alcohol/Smdi Copolymer	1
PEG-150/STEARYL Alcohol/Smdi Copolymer	1
PEG-16	1
PEG-16 Macadamia Glyceride	1
PEG-16 Macadamia Glycerides	36
PEG-16 Soy Sterol	34
PEG-17 Dimethicone	1
PEG-18 Glyceryl Oleate/Cocoate	103
PEG-180	13
PEG-2 Caprylylamine	1
PEG-2 Cocamide	2
PEG-2 Dimeadowfoamamidoethylmonium Methosulfate	2
PEG-2 Distearate	1
PEG-2 Hydrogenated Castor Oil	18
PEG-2 Laurate	1
PEG-2 Soyamine	1
PEG-2 Stearate	26
PEG-2 Stearate Se	2
PEG-20	66
PEG-20 Almond Glycerides	3
PEG-20 Castor Oil	3
PEG-20 Glyceryl Isostearate	2
PEG-20 Glyceryl Laurate	7
PEG-20 Glyceryl Stearate	7
PEG-20 Glyceryl Triisostearate	142
PEG-20 Hydrogenated Lanolin	3
PEG-20 Itaconate Copol	2
PEG-20 Methyl Glucose Distearate	1
PEG-20 Methyl Glucose Sesquistearate	165
PEG-20 Methyl Glucose Sesquistereate	1
PEG-20 Phytosterol	2
PEG-20 Sorbitan Beeswax	1
PEG-20 Sorbitan Cocoate	2
PEG-20 Sorbitan Isostearate	6
PEG-20 Soy Sterol	3
PEG-20 Stearate	144
PEG-20 TEARATE	1
PEG-200	3
PEG-200 Castor Oil	2
PEG-200 Glyceryl Stearate	5
PEG-200 Hydrogenated Glyceryl Palmate	126
PEG-200 Hydrogenated Glyceryl Palmitate	1
PEG-22/DODECYL Glycol Copolymer	11
PEG-23	1
PEG-23 Glyceryl Distearate	8
PEG-240/HDI Copolymer Bis-Decyltetradeceth-20 Ether	53
PEG-25 Castor Oil	2
PEG-25 Glyceryl Trioleate	1
PEG-25 Hydrogenated Castor Oil	4
PEG-2M	3
PEG-3 Cocamide	1
PEG-3 Dimethicone	4
PEG-3 Distearate	39
PEG-3 Glyceryl Cocoate	1
PEG-30 Almond Glycerides	1
PEG-30 Castor Oil	2
PEG-30 Dipolyhydroxystearate	168
PEG-30 Glyceryl Cocoate	14
PEG-30 Glyceryl Isostearate	1
PEG-30 Glyceryl Laurate	2
PEG-30 Glyceryl Stearate	15
PEG-30 Lanolin	3
PEG-30 Phytosterol	26
PEG-30 Sorbitan Tetraoleate	1
PEG-30 Stearate	62
PEG-30O Dipolyhydrokystearate	1
PEG-32	195
PEG-32 Distearate	1
PEG-32 Stearate	8
PEG-33	7
PEG-33 Castor Oil	1
PEG-35 Castor Oil	33
PEG-36 Castor Oil	2
PEG-4	58
PEG-4 Diheptanoate	2
PEG-4 Dilaurate	32
PEG-4 Distearyl Ether	1
PEG-4 Hydrogenated Castor Oil	1
PEG-4 Laurate	40
PEG-4 Olivate	8
PEG-4 Proline Linoleate	1
PEG-4 Rapeseedamide	20
PEG-4 Sorbitan Stearate	1
PEG-40	8
PEG-40 Castor Oil	45
PEG-40 Glyceryl Cocoate	12
PEG-40 Hydrogenated Caster Oil	4
PEG-40 Hydrogenated Castor	1
PEG-40 Hydrogenated Castor Oi	1
PEG-40 Hydrogenated Castor Oil	1807
PEG-40 Hydrogenated Castor Oil Laurate	1
PEG-40 Hydrogenated Castor Oil Pca Isostearate	4
PEG-40 Hydrogenated Castrol Oil	1
PEG-40 Sorbitan Laurate	2
PEG-40 Sorbitan Perisostearate	22
PEG-40 Sorbitan Peroleate	37
PEG-40 Sorbitan Stearate	10
PEG-40 Stearate	558
PEG-400	45
PEG-400 Stearate	3
PEG-40HYDROGENATED Castor Oil	1
PEG-45 Dodecyl Glycol Copolymer	4
PEG-45 Palm Kernel Glycerides	2
PEG-45/DODECYL Glycol Copolymer	20
PEG-450	1
PEG-45M	14
PEG-5 Cocamide	1
PEG-5 Cocoate	2
PEG-5 Ditrimethylopropane Tetrahydroxystearate	3
PEG-5 Ethylhexanoate	5
PEG-5 Glyceryl Stearate	29
PEG-5 Glyceryl Triisostearate	12
PEG-5 Glyceryl Trisostearate	1
PEG-5 Hydrogenated Castor Oil	1
PEG-5 Isononanoate	8
PEG-5 Octanoate	1
PEG-5 Pentaerythrityl Ether	15
PEG-5 Rapeseed Sterol	9
PEG-5 Soy Sterol	2
PEG-50 Glyceryl Stearate	1
PEG-50 Hydrogenated Castor Oil	7
PEG-50 Shea Butter	12
PEG-55 Propylene Glycol Oleate	40
PEG-6	118
PEG-6 Caprylic /Capric Glycerides	1
PEG-6 Caprylic/ Capric Glycerides	2
PEG-6 Caprylic/Capric Glyceride	4
PEG-6 Caprylic/Capric Glycerides	373
PEG-6 Caprylic/Capric Triglycerides	2
PEG-6 Cocamide	3
PEG-6 Esters	3
PEG-6 Isostearate	12
PEG-6 Methyl Ether	26
PEG-6 Oleate	3
PEG-6 Sorbitan Oleate	1
PEG-6 Stearate	13
PEG-6-32	1
PEG-60	6
PEG-60 Almond Glycerides	73
PEG-60 Castor Oil	3
PEG-60 Glyceryl Isostearate	26
PEG-60 Hydrogenate Castor Oil	1
PEG-60 Hydrogenated Castor Oil	963
PEG-60 Hydrogenatedcastor Oil	1
PEG-60 Lanolin	7
PEG-60 Sorbitan Stearate	10
PEG-60HYDROGENATED Castor Oil	4
PEG-65M	1
PEG-7	6
PEG-7 Amodimethicone	3
PEG-7 Caprylic/Capric Glycerides	11
PEG-7 Dimethicone	2
PEG-7 Glyceryl Cocoate	941
PEG-7 Glycery√¨ Cocoate	1
PEG-7 Hydrogenated Castor Oil	36
PEG-7 Olivate	1
PEG-7 Propylheptyl Ether	1
PEG-7 Trimethylolpropane Coconut Ether	69
PEG-70 Mango Glycerides	1
PEG-75	112
PEG-75 Lanolin	36
PEG-75 MEADOWFOAM Oil	5
PEG-75 Shea Butter Glycerides	33
PEG-75 Stearate	181
PEG-7M	11
PEG-8	849
PEG-8 Beeswax	65
PEG-8 C12-20 Alkyl Ester	1
PEG-8 Caprylic/Capric Glycerides	8
PEG-8 Dicocoate	2
PEG-8 Diisostearate	20
PEG-8 Dilaurate	2
PEG-8 Dimethicone	104
PEG-8 Distearate	17
PEG-8 Glyceryl Cocoate	5
PEG-8 Glyceryl Isostearate	8
PEG-8 Hydrogenated Castor Oil	3
PEG-8 Isostearate	22
PEG-8 Laurate	44
PEG-8 Methyl Ether Dimethicone	1
PEG-8 Methyl Ether Triethoxysilane	3
PEG-8 Propylene Glycol Cocoate	2
PEG-8 Ricinolate	1
PEG-8 Ricinoleate	5
PEG-8 Sorbitan Laurate	1
PEG-8 Stearate	73
PEG-8/PEG-32	1
PEG-8/SMDA Copolymer	1
PEG-8/SMDI Copolymer	33
PEG-80	3
PEG-80 Glyceryl Cocoate	5
PEG-80 Hydrogenated Castor Oil	2
PEG-80 Sorbitan Laurate	84
PEG-800	15
PEG-8O Sorbitan Laurate	1
PEG-9	21
PEG-9 Cocoate	1
PEG-9 Cocoglycerides	1
PEG-9 Dimethicone	2
PEG-9 Polydimethylsiloxyethyl Dimethicone	87
PEG-90	9
PEG-90 Diisostearate	1
PEG-90 Glyceryl Isostearate	16
PEG-90 Stearate	3
PEG-90M	39
PEG/ PPG-18/18 Dimethicone	3
PEG/PG-18/18 Dimethicone	2
PEG/PPG 17/6 Copolymer	1
PEG/PPG 18/18 Dimethicone	7
PEG/PPG 20/6 Dimethicone	1
PEG/PPG-12/16 Dimethicone	1
PEG/PPG-120/10 Trimethylolpropane Trioleate	10
PEG/PPG-14/4 Dimethicone	10
PEG/PPG-14/7 Dimethyl Ether	95
PEG/PPG-15/15 Dimethicone	1
PEG/PPG-17/18 Dimethicone	1
PEG/PPG-17/4 Dimethyl Ether	46
PEG/PPG-17/6 Copolyme	1
PEG/PPG-17/6 Copolymer	234
PEG/PPG-18/18 Dimethicone	261
PEG/PPG-18/4 Copolymer	2
PEG/PPG-18/8 Dimethicone	1
PEG/PPG-19/19 Dimethicone	13
PEG/PPG-20/15 Dimethicone	19
PEG/PPG-20/20 Dimethicone	22
PEG/PPG-20/22 Butyl Ether Dimethicone	1
PEG/PPG-20/23 Dimethicone	10
PEG/PPG-20/6 Dimethicone	24
PEG/PPG-25/30 Copolymer	4
PEG/PPG-35/40 Dimethyl Ether	1
PEG/PPG-36/41 Dimethyl Ether	15
PEG/PPG-4/12 Dimethicone	4
PEG/PPG-8/3 Diisostearate	76
PEG/PPG-8/3 Laurate	5
PEG/PPG-9/2 Dimethyl Ether	1
PEG/PPG-POLYBUTYLENE Glycol-8/5 Glycerin	1
PEG/PPG/POLYBUTYLENE Glycol-8/5/ 3 Glycerin	2
PEG/PPG/POLYBUTYLENE Glycol-8/5/3 Glycerin	91
PEG/PPG/POLYBUTYLENEGLYCOL-8/5/3 Glycerin	1
PEG100-STEARATE	2
PEG40 Hydrogenated Castor Oil	3
PEG40 Stearate	1
PEG¬≠ 100 Stearate	1
Pei-10	1
Pei-14 PEG-24/PPG-16 Copolymer	4
Pelagonium Gravoleons	1
Pelargonic Acid	1
Pelargonium Graveolens	1
Pelargonium Graveolens Essential Oil	4
Pelargonium Graveolens Extract	20
Pelargonium Graveolens Flower	1
Pelargonium Graveolens Flower Essential Oil	1
Pelargonium Graveolens Flower Extract	1
Pelargonium Graveolens Flower Oil	269
Pelargonium Graveolens Flower Oil*	7
Pelargonium Graveolens Flower Oil¬Π	1
Pelargonium Graveolens Flower Water	2
Pelargonium Graveolens Flower/Leaf/Stem Extract	9
Pelargonium Graveolens Flower/Leaf/Stem Water	3
Pelargonium Graveolens Leaf Oil	22
Pelargonium Graveolens Oil	74
Pelargonium Graveolens Oil*	1
Pelargonium Graveolens Water	5
Pelargonium Odoratissimum Oil	1
Pelargonium Roseum	1
Pelargonium Roseum Essential Oil	4
Pelargonium Roseum Flower Oil	1
Pelargonium Roseum Leaf Oil	8
Pellitory	1
Pelvetia Canaliculata Extract	21
Pemulan Tr-1	1
Penaerythrityl Tetra-Di-T-Butyl Hydroxyhydrocinnamate	3
Penoxyethanol	4
Pentaclethra Macroloba Oil	5
Pentaclethra Macroloba Oil/Pentaclethra Macroloba Seed Oil	1
Pentaclethra Macroloba Seed Oil	12
Pentaclethra Macroloba Seed Oil/Behenic Acid/Aminopropanediol Amides/Esters	6
Pentadecalactone	34
Pentadesma Butyracea Butter	5
Pentaerithrityl Distearate	1
Pentaerithrityl Tetra-Di-T-Butyl Hydroxyhydrocinnamate	1
Pentaerithrityl Tetraisostearate	1
Pentaery Tetra-Di-T-Butyl Hydroxyhydrocinnamate	1
Pentaerythityl Tetraethylhexanoate	2
Pentaerythritol	2
Pentaerythritol Tetraisostearate	2
Pentaerythritol Tetrastearate	1
Pentaerythrityl Adipate/Caprate/Caprylate/Heptanoate	10
Pentaerythrityl Adipate/Caprate/Carpylate/Heptanoate	9
Pentaerythrityl Distearate	116
Pentaerythrityl Isostearate/Caprate/Caprylate/Adipate	4
Pentaerythrityl Stearate/Caprate/Caprylate/Adipate	8
Pentaerythrityl Tetra Di T Butyl Hydroxyhydrocinnamate	4
Pentaerythrityl Tetra Di-T-Butyl Hydroxyhydrocinnamate	3
Pentaerythrityl Tetra-Di-Butyl Hydroxyhydrocinnamate	5
Pentaerythrityl Tetra-Di-It-Butyl Hydroxyhydrocinnamate	1
Pentaerythrityl Tetra-Di-T Butyl Hydroxyhydrocinnamate	5
Pentaerythrityl Tetra-Di-T-Buty Hydroxyhydrocinnamate	7
Pentaerythrityl Tetra-Di-T-Butyl	7
Pentaerythrityl Tetra-Di-T-Butyl Hydrohydroxycinnamate	2
Pentaerythrityl Tetra-Di-T-Butyl Hydroxy	1
Pentaerythrityl Tetra-Di-T-Butyl Hydroxy-Hydrocinnamate	1
Pentaerythrityl Tetra-Di-T-Butyl Hydroxycinnamate	54
Pentaerythrityl Tetra-Di-T-Butyl Hydroxyhy Drocinnamate	1
Pentaerythrityl Tetra-Di-T-Butyl Hydroxyhydro-Cinnamate	6
Pentaerythrityl Tetra-Di-T-Butyl Hydroxyhydrocinnamate	1102
Pentaerythrityl Tetra-Dit-Butyl Hydroxyhydrocinnamate	2
Pentaerythrityl Tetrabehenate	4
Pentaerythrityl Tetracaprylate/Tetracaprate	34
Pentaerythrityl Tetracocoate	1
Pentaerythrityl Tetraditbutyl Hydroxyhydrocinnamate	4
Pentaerythrityl Tetraethylhexanoate	464
Pentaerythrityl Tetraethylhexanoate/Benzoate	1
Pentaerythrityl Tetraisononanoate	1
Pentaerythrityl Tetraisostearate	370
Pentaerythrityl Tetraoctanoate	5
Pentaerythrityl Tetrapelargonate	1
Pentaerythrityl Tetrastearate	9
Pentaerythrityltetra-Di-T-Butyl Hydroxyhydrocinnamate	4
Pentafluoropropane	4
Pentapeptide	2
Pentapeptide-18	34
Pentapeptide-28	1
Pentapeptide-3	3
Pentapeptide-31	2
Pentapeptide-34 Trifluoroacetate	9
Pentapeptide-4	5
Pentapeptide-48	10
Pentapeptide-59	13
Pentapeptide-84 Amide Acetate	13
Pentapotassium Triposphyate	1
Pentasodiuim Aminotrimethylene Phosphonate	1
Pentasodium Ethylenediamine Tetramethylene Phosphonate	1
Pentasodium Penetate	5
Pentasodium Pentatate	7
Pentasodium Pentate	4
Pentasodium Pentetate	338
Pentasodium Tetracarboxymethyl Acetylhydroxyprolyl Dipeptide-12	3
Pentasodium Tetracarboxymethyl Dipeptide-51	1
Pentasodium Triphosphate	6
Pentetic Acid	2
Pentlyene Glycol	3
Pentyl Rhamnoside	1
Pentylene Giycol	2
Pentylene Glycol	4860
Pentylene Glycol From Natural Origin	1
Pentyleneglycol	4
Peony	1
Peony Natural Fragrance	1
Peony Root Extract	6
Pepo Fruit Extract	1
Peppermint	10
Peppermint Eo	1
Peppermint Essential Oil	32
Peppermint Essential Oils	5
Peppermint Extract	5
Peppermint Fragrance	1
Peppermint Hydrosol	1
Peppermint Leaf Extract	15
Peppermint Leaf Oil	1
Peppermint Leaves	2
Peppermint Oil	88
Peppermint Piperita Leaf Oil	1
Peptide	29
Peptide Complex	3
Perboric Acid	1
Perfluorodecalin	60
Perfluorodimethylcyclohexane	10
Perfluorohexane	24
Perfluoroisohexane	1
Perfluoromethylcyclopentane	1
Perfluorononyl Dimethicone	1
Perfluorononylethyl Stearyl Dimethicone	1
Perfluorooctyl Triethoxysilane	2
Perfluoroperhydrophenanthrene	19
Perfluoropolymethylisopropyl Ether	1
Perfum	10
Perfum/Fragrance	1
Perfume	1605
Perfume/Fragrance	7
Perfume/Parfum	1
Perhydrosqualene	1
Perilla Frutescens Extract	8
Perilla Frutescens Leaf Extract	24
Perilla Frutescens Seed Oil	6
Perilla Ocymoides Extract	3
Perilla Ocymoides Leaf Extract	87
Perilla Ocymoides Leaf/Stem Oil	3
Perilla Ocymoides Seed Extract	16
Perilla Ocymoides Seed Oil	15
Perilla Oil	1
Perilla Seed Oil	1
Perillyl Alcohol	1
Periwinkle Extract	1
Perlite	106
Persea Americana	3
Persea Americana Fruit Oil	1
Persea Americana Oil	21
Persea Gratisima Oil	1
Persea Gratissima	20
Persea Gratissima / Avocado Oil	7
Persea Gratissima Avocado Oil	6
Persea Gratissima Butter	19
Persea Gratissima Extract	6
Persea Gratissima Fruit	1
Persea Gratissima Fruit Butter	2
Persea Gratissima Fruit Extract	155
Persea Gratissima Fruit Extract*	4
Persea Gratissima Fruit Oil	18
Persea Gratissima Fruit Powder	2
Persea Gratissima Leaf Extract	4
Persea Gratissima Oil	1863
Persea Gratissima Oil / Avocado Oil	40
Persea Gratissima Oil Unsaponifiables	25
Persea Gratissima Oil*	11
Persea Gratissima Oil/Avocado Oil	27
Persea Gratissima Oil/Persea Gratissima Oil	6
Persea Gratissima Seed Oil	3
Persea Gratissima Sterols	3
Persea Gratissima/Avocado Oil	2
Persea Gratissma	1
Persea Grattisima Fruit Oil	1
Persea Grattisima Oil	1
Perseagratissima Oil	1
Persian Lilac Flower Extract	2
Persian Lilac Leaf Extract	2
Persian Lime Oil	2
Persicaria Hydropiper Extract	1
Peru Balsam Oil	2
Peru Balsam Resin Oil	1
Peruvian Bark Extract	1
Pet-40 Sorbitan Perisostearate	1
Petasites Hybridus Leaf Extract	2
Petitgrain Essential Oil	2
Petitgrain Oil	3
Petrolatum	3478
Petrolatum 0.3%	1
Petrolatum 30%	3
Petrolatum 31.0%	1
Petrolatum 41%	10
Petrolatum 46.5%	2
Petrolatum 71.5%	1
Petrolatum 89.5%	1
Petrolatum Distillates	1
Petrolatum Usp	7
Petrolaturm	2
Petroleum	5
Petroleum Distillates	2
Petroleum Hydrocarbon	1
Petroleum Jelly	10
Petroleum Jelly And Wax	1
Petroleum Resin	7
Petroleum Usp	2
Petroselinum Crispum	1
Petroselinum Crispum Extract	4
Petroselinum Crispum Extract/Petroselinum Crispum Extract	1
Petroselinum Crispum Leaf	3
Petroselinum Crispum Seed Oil	4
Petroselinum Crispum Seed Oil*	1
Petroselinum Sativum Extract	5
Petroselinum Sativum Leaf Powder	1
Petroselinum Sativum Leaves	1
Peucedanum Graveolens Extract	62
Peucedanum Japonicum Extract	1
Peucedanum Japonicum Leaf/Stem Extract	15
Peucedanum Ostruthium Leaf Extract	12
Peucedanum Ostruthium Leaf Extract*	2
Peumus Boldus Leaf Extract	20
Pfaffia Paniculata Root Extract	22
Pg-Propyl Methylsilanediol	1
Phaeodactylum Tricomutum Extract	1
Phaeodactylum Tricornutum Extract	22
Phaeophyceae Extract	1
Phalaenopsis Amabilis Extract	24
Phaseolus Angularis Seed Extract	19
Phaseolus Angularis Seed Powder	7
Phaseolus Lunatus Extract	1
Phaseolus Lunatus Seed Extract	22
Phaseolus Radiatus Extract	5
Phaseolus Radiatus L. Callus Extract	1
Phaseolus Radiatus Meristem Cell Culture Extract	4
Phaseolus Radiatus Seed Extract	32
Phaseolus Radiatus Seed Powder	3
Phaseolus Radiatus Seed Water	1
Phaseolus Radiatus Sprout Extract	3
Phaseolus Vulgaris Seed Extract	4
Phellinus Inteus Extract	1
Phellinus Linteus Extract	71
Phellinus Linteus/Rice Ferment Extract	2
Phellodendron	1
Phellodendron Amurense	3
Phellodendron Amurense Bark Extract	87
Phellodendron Amurense Extract	3
Phen Oxyethanol	1
Phenaxyethanoi	1
Phenaxyethanol	7
Phenayethanol	3
Phencayethanol	2
Phenerol Ergocalciferol	4
Phenethyl Acetate	4
Phenethyl Alcohol	759
Phenethyl Benzoate	11
Phenethyl Caffeate	2
Phenethyl Dimethicone	5
Phenethyl Salicylate	2
Phenetyl Alcohol	2
Phenl Trimethicone	4
Phenokyethanol	4
Phenol	47
Phenol Ergocalciferol	1
Phenonip	2
Phenoryethanol	8
Phenoxethanol	9
Phenoxetol	2
Phenoxy Ethanol	18
Phenoxy-Ethanol	22
Phenoxyeihanol	1
Phenoxyetanol	3
Phenoxyeth-Anol	10
Phenoxyethand	7
Phenoxyethannol	1
Phenoxyethanol	22292
Phenoxyethanol Acetate	1
Phenoxyethanol Hadasei-3	1
Phenoxyethanol Sa	1
Phenoxyethanol*	1
Phenoxyethanol/Caprylyl Glycol	5
Phenoxyethaqnol	1
Phenoxyethenol	5
Phenoxyethyl Caprylate	3
Phenoxyethyl Pca	1
Phenoxyisopropanol	14
Phenoxypropanol	1
Phenoxythanol	8
Phenoyxethanol	2
Phenyl Acetate	1
Phenyl Alcohol	1
Phenyl Benzimidazolesulfonic Acid	1
Phenyl Dimethicone	2
Phenyl Ethanol	1
Phenyl Methicone	11
Phenyl T Butylnitrone	1
Phenyl T-Butylnitrone	37
Phenyl Trimethicone	715
Phenylacetaldehyde	1
Phenylalanine	350
Phenylbenzimidazole Sulfonic Acid	73
Phenylcarbinol	1
Phenylethanol	6
Phenylethyl Acetate	1
Phenylethyl Alcohol	8
Phenylethyl Resorcinol	93
Phenylisohexanol	6
Phenylpropanol	259
Phenylpropyldimethylsiloxysilicate	3
Phenyltrimethicone	7
Phenypropanol	2
Pheoxyethanol	5
Pheromone Molecules	1
Phloretin	27
Phloroglucinol Trimethyl Ether	6
Phlox Drummondii Seed Extract	2
Phoenix Dactylifera Extract	1
Phoenix Dactylifera Fruit Extract	41
Phoenix Dactylifera Leaf Cell	1
Phoenix Dactylifera Leaf Cell Extract	1
Phoenix Dactylifera Seed	6
Phoenix Dactylifera Seed Extract	22
Phormidium Persicinum Extract	3
Phormium Tenax Extract	7
Phormium Tenax Leaf Extract	1
Phosphate	10
Phosphate Buffered Saline	2
Phosphatidyl Choline	1
Phosphatidylcholine	142
Phosphatidylglycerol	15
Phosphatidylglycerol**	1
Phosphatidylinositol	2
Phosphatidylserine	14
Phospholipid	8
Phospholipids	950
Phosphonic Acid	1
Phosphoric Acid	34
Photolyase	1
Phragmites Communis Extract	20
Phragmites Kharka Extract	9
Phthalate Free Fragrance	2
Phthalate-Free Essential Oils	1
Phthalate-Free Fragrance	5
Phthalate-Free Fragrance Oil	1
Phthalate-Free Parfum	1
Phthalimidoperoxycaproic Acid	1
Phycocyanin	4
Phyllanthis Emblica Fruit Extract	2
Phyllanthus Emblica	2
Phyllanthus Emblica Extract	11
Phyllanthus Emblica Fruit Exract	1
Phyllanthus Emblica Fruit Extract	149
Phylloquinone	1
Phyllosilicate	1
Phyllostachis Bambusoides Juice	10
Phyllostachis Bamusoides Juice	1
Phyllostachys Bambusoides Extract	8
Phyllostachys Bambusoides Juice	1
Phyllostachys Bambusoides Leaf Extract	4
Phyllostachys Edulis Shoot	1
Phyllostachys Edulis Shoot Water	3
Phyllostachys Nigra Juice	1
Phyllostachys Nigra Leaf Extract	2
Phyllostachys Pubescens Extract	1
Phyllostachys Pubescens Shoot Bark Extract	13
Phymatosorus Grossus Leaf Extract	1
Physalis Alkekengi Calyx Extract	20
Physalis Alkekengi Franchetii Extract	1
Physalis Alkekengi Fruit Extract	1
Physalis Angulata Extract	33
Physalis Peruviana Fruit Extract	7
Physalis Pubescens Fruit Juice	23
Physallis Pubescens Fruit Extract	2
Phytantriol	46
Phytelephas Aequatorialis Seed Powder	10
Phytic Acid	632
Phyto Collagen	2
Phyto Squalane	1
Phytocannabinoid Rich Cbd Hemp Oil	1
Phytocelltec Alp Rose	1
Phytocelltec Alpine Rose	1
Phytocelltec Malus Domestica	1
Phytocelltec Solar Vitis	1
Phytoceramides	1
Phytoecdysteroids	4
Phytol	25
Phytonadione	67
Phytonadione Epoxide	4
Phytosphingosine	1357
Phytosphingosine Hcl	3
Phytosqualane	2
Phytostearyl Canola Glycerides	1
Phytostearyl Macadamiate	2
Phytostearyl/Isostearyl/Cetyl/Stearyl/Behenyl Dimer Dilinoleate	1
Phytostearyl/Octyldodecyl Lauroyl Glutamate	1
Phytosterol	4
Phytosterol Esters	13
Phytosterol Isostearate	2
Phytosterol/Octyldodecyl Lauroyl Glutamate	3
Phytosterols	470
Phytosteryl Canola Glycerides	58
Phytosteryl Canolate	4
Phytosteryl Hydroxystearate	5
Phytosteryl Isostearate	14
Phytosteryl Isostearyl Dimer Dilinoleate	27
Phytosteryl Macadamate	1
Phytosteryl Macadamiate	155
Phytosteryl Oleate	16
Phytosteryl Sunflowerseedate	11
Phytosteryl/ Octyldodecyl Lauroyl Glutamate	4
Phytosteryl/Behenyl/Octyldodecyl Lauroyl Glutamate	28
Phytosteryl/Isostearyl/ Cetyl/Stearyl/Behenyl Dimerdilinoleate	3
Phytosteryl/Isostearyl/Cetyl/Stearyl/Behenyl Dimer Dilinoleate	181
Phytosteryl/Octyldodecyl Lauroyl Glucamate	1
Phytosteryl/Octyldodecyl Lauroyl Glutamate	173
Picea Abies Extract	6
Picea Abies Wood Extract	5
Picea Excelsa Bud Extract	1
Picea Excelsa Leaf Extract	1
Picea Glauca Leaf Oil	1
Picea Mariana Bark Extract	7
Picea Mariana Leaf Oil	6
Picea Mariana Needle Oil	3
Pichia Anomala Extract	4
Pichia Ferment Lysate Filtrate	6
Pichia/Resveratrol Ferment Extract	26
Pichia/Sea Silt Ferment Lysate Extract	1
Picolinamide	1
Picris Echioides Leaf Extract	2
Pigment Green 7	1
Pigment Violet 36	1
Pigment Yellow 1	1
Pikake Hawaiian Hydrosol	2
Pikea Robusta Extract	8
Pimenta Acris Leaf Oil	3
Pimenta Acris Oil	1
Pimenta Dioica Essential Oil	1
Pimenta Dioica Fruit Extract	1
Pimenta Officinalis Fruit	3
Pimenta Officinalis Leaf Oil	1
Pimenta Racemosa Essential Oil	1
Pimento Berry Oil	1
Pimpinella Anisum Essential Oil	2
Pimpinella Anisum Fruit Extract	23
Pimpinella Anisum Seed Extract	6
Pimpinella Anisum Seed Oil	1
Pimpinella Saxifraga Extract	2
Pinanediol	10
Pine Cone Extract	2
Pine Essential Oil	1
Pine Extract	1
Pine Fragrance	1
Pine Leaf Essential Oil	1
Pine Needle Oil	3
Pine Oil	4
Pine Tar	3
Pine Wood Resin	1
Pineamidopropyl Betaine	1
Pineapple	4
Pineapple Enzyme Extract	1
Pineapple Extract	8
Pineapple Flavor	1
Pineapple Fruit Extract	8
Pineapple Juice	2
Pinene	43
Pinetree Extract	1
Pink Clay	2
Pink French Clay	1
Pink Grapefruit	3
Pink Grapefruit Essential Oil	1
Pink Grapefruit Oil	1
Pink Grapefruit Peel Oil	2
Pink Himalayan Salt	6
Pink Kaolin Clay	1
Pinon Pine Pitch	1
Pinon Resin	1
Pinus Banksiana Bark Extract	6
Pinus Banksiana Extract	5
Pinus Cembra Wood Extract	6
Pinus Densiflora Bark Extract	4
Pinus Densiflora Extract	7
Pinus Densiflora Leaf Extract	31
Pinus Densiflora Oil	1
Pinus Elliottii Extract	1
Pinus Heldreichii Bark Extract	1
Pinus Koraiensis Seed Extract	1
Pinus Koraiensis Seed Oil	3
Pinus Mugo Leaf Oil	1
Pinus Nigra Bark Extract	3
Pinus Nigra Bud/Needle Extract	7
Pinus Palustris Leaf Extract	66
Pinus Palustris Oil	11
Pinus Palustris Wood Tar	4
Pinus Paulstris Wood Tar	1
Pinus Pentaphylla Seed Oil	1
Pinus Pinaster Bark Extract	112
Pinus Pinaster Bark/Bud Extract	12
Pinus Pinaster Extract	3
Pinus Pinea Kernel Oil	1
Pinus Ponderosa Needle Extract	1
Pinus Pumila Needle Extract	1
Pinus Pumilio Branch/Leaf Oil	1
Pinus Siberica Oil	1
Pinus Sibirica Seed Oil	1
Pinus Sibirica Seed Oil Polyglyceryl-6 Esters	1
Pinus Stobus Bark Extract	1
Pinus Strobus Bark Extract	19
Pinus Strobus Cone Extract	3
Pinus Strobus Extract	1
Pinus Sylvestiris Cone Extract	1
Pinus Sylvestris Bark Extract	23
Pinus Sylvestris Bud Extract	7
Pinus Sylvestris Cone Extract	23
Pinus Sylvestris Extract	2
Pinus Sylvestris Leaf Extract	42
Pinus Sylvestris Leaf Oil	29
Pinus Sylvestris Needle Oil	1
Pinus Sylvestris Oil	6
Pinus Sylvestris Oil*	1
Pinus Sylvostris Cone Extract	1
Pinus Tabulaeformis Bark Extract	1
Pinus Taeda Bark Extract	2
Pinus Taeda Extract	1
Pinus Thunbergii Bark Extract	1
Pipali Fruit	1
Piper Cubeba Fruit Extract	9
Piper Longum Fruit Extract	1
Piper Mentha Piperita Oil	2
Piper Methysticum	1
Piper Methysticum Extract	1
Piper Methysticum Leaf/Root/Stem Extract	20
Piper Methysticum Root Extract	6
Piper Nigrum	1
Piper Nigrum Essential Oil	3
Piper Nigrum Fruit	1
Piper Nigrum Fruit Extract	25
Piper Nigrum Fruit Oil	24
Piper Nigrum Oil	1
Piper Nigrum Seed Extract	11
Piper Nigrum Seed Oil	18
Piperidinepropionic Acid	1
Piperonyl Glucose	4
Piperonyl Glucoside	13
Piptadenia Colubrina Peel Extract	5
Pipterus Albidus Leaf Extract	1
Piroctone Olamine	108
Pisium Sativum Extract	2
Pistacia Integerrima Extract	1
Pistacia Lentiscus Gum	81
Pistacia Lentiscus Gum Oil	5
Pistacia Vera Seed Extract	1
Pistacia Vera Seed Oil	19
Pisum Sativum Extract	147
Pisum Sativum Extract/Pea Extract	6
Pisum Sativum Peptide	14
Pisum Sativum Peptides	3
Pisum Sativum Seed Extract	8
Pisum Sativum Sprout Extract	1
Pitchea/Resveratrol Ferment Extract	1
Placenta Extract	1
Placental Protein	11
Plai Root Oil	1
Plaintain Leaf Extract	2
Plama Christi Oil	1
Plankton Extract	278
Planktont	1
Plant Cellulose	2
Plant Collagen	1
Plant Extracts	5
Plant Stearic Acid	1
Plant Stem Cells	11
Plant Sugar	2
Plant-Based Fragrance Oil	2
Plant-Based Stem Cells	1
Plant-Derived Fragrance	3
Plant-Derived Fragrances	1
Plant-Derived Maltodextrin	10
Plant-Derived Surfactant	1
Plantago Asiatica Extract	8
Plantago Lancelata	1
Plantago Lanceolata Leaf Extract	78
Plantago Lanceolata Leaf Extract*	1
Plantago Lanceolata Oil	1
Plantago Major	6
Plantago Major Extract	3
Plantago Major Leaf Extract	31
Plantago Major Leaf Oil	1
Plantago Major Seed Extract	3
Plantago Ovata Leaves Extract	1
Plantago Ovata Seed Extract	4
Plantago Psyllium Seed Extract	1
Plantain	3
Plantain Extract	6
Plantain Leaf	11
Plantain Leaf Extract	1
Plantain Leaf Powder	1
Plantain Oil	1
Plantain Peel Ash	1
Plantain Peel Powder	1
Plantain Skin Ash	3
Plantain*	1
Plasticized Base	1
Platago Lanceolata Leaf Extract	1
Platinum	2
Platinum Powder	4
Platonia Insignis Seed Butter	16
Plectranthus Barbatus Root Extract	1
Pleiogynium Timorense Fruit Extract	13
Pleiogynium Timoriense Fruit Extract	18
Plinia Cauliflora Fruit Extract	3
Ploysilicone-11	1
Pluchea Lanceolata Leaf Extract	2
Plukenelia Valubis Seed Extract	1
Plukenelia Volubis Seed Extract	1
Plukenetia Vollubus Seed Oil	1
Plukenetia Volubilis	1
Plukenetia Volubilis Fruit Oil	1
Plukenetia Volubilis Linneo Oil	1
Plukenetia Volubilis Oil	4
Plukenetia Volubilis Seed Extract	1
Plukenetia Volubilis Seed Oil	111
Plukenetia Volubilis Seed Oil/Oleic Acid Aminopropanediol Amides/Esters	4
Plukenetia Volubis Seed Butter	2
Plum Juice	3
Plum Kernel Oil	4
Plum Seed Oil	1
Plumbago Zeylancia Root Extract	1
Plumeria Acutifolia Flower Extract	26
Plumeria Alba Extract	1
Plumeria Alba Flower Extract	23
Plumeria Alba Flower Oil	1
Plumeria Blossom Fragrance	1
Plumeria Essential Oil	1
Plumeria Flower Extract	2
Plumeria Fragrance	1
Plumeria Rubra Flower Extract	50
Pm/Ma Copolymer	1
Poacecae	1
Podocarpus Elatus Fruit Extract	31
Poe-21 Stearyl Ether	1
Poe-21-Stearyl Ether	1
Pogostemon Cablin	4
Pogostemon Cablin Essential Oil*	2
Pogostemon Cablin Extract	2
Pogostemon Cablin Leaf Essential Oil	1
Pogostemon Cablin Leaf Extract	17
Pogostemon Cablin Leaf Oil	68
Pogostemon Cablin Oil	214
Pogostemon Cablin Root Oil	1
Polawax	2
Polaxamer 124	12
Polaxamer 188	1
Polaxamer 407	1
Polianthes Tuberosa	1
Polianthes Tuberosa Callus Extract	5
Polianthes Tuberosa Extract	12
Polianthes Tuberosa Flower Extract	2
Polianthes Tuberosa Polysaccharide	2
Polianthes Tuberose Flower Cera	1
Polivinyl Alcohol	1
Pollen	1
Pollen Extract	31
Pollen Oils	1
Pollen*	1
Pollia Condensata Fruit Extract	2
Poloxamer	8
Poloxamer 101	5
Poloxamer 123	1
Poloxamer 124	231
Poloxamer 182	29
Poloxamer 184	173
Poloxamer 185	1
Poloxamer 188	45
Poloxamer 235	8
Poloxamer 338	106
Poloxamer 407	37
Poloxamer-234	2
Poloxamine 1307	1
Poloxyl 40 Stearate	1
Poly	1
Poly C10-30 Alkyl Acrylate	24
Poly Methyl Methacrylate	1
Poly Vinyl Alcohol	1
Poly-Glyceryl-4 Isostearate	4
Poly-Glyceryl-6 Palmitate/Succinate	1
Poly-L-Lactic Acid	1
Poly-Sorbate 85	1
Poly/Bis-Hydroxyethoxypropyl Dimethicone Copolymer	1
Polyaccrylamide	1
Polyacry-Amide	1
Polyacryla-Mide	1
Polyacrylamide	1252
Polyacrylamide & C13-C14 Isoparaffin & Laureth-7	1
Polyacrylamide C13-14 Isoparaffin	9
Polyacrylamide C13-14 Isoparaffin Laureth 7	5
Polyacrylate	7
Polyacrylate 13	10
Polyacrylate Crosspolymer 6	7
Polyacrylate Crosspolymer-11	27
Polyacrylate Crosspolymer-4	5
Polyacrylate Crosspolymer-6	752
Polyacrylate-1 Crosspolymer	26
Polyacrylate-13	662
Polyacrylate-15	2
Polyacrylate-17	2
Polyacrylate-21	2
Polyacrylate-33	9
Polyacrylate-4	1
Polyacrylate-5	1
Polyacryldimethyltauramide / Ammonium Polyacryloyldimethyl Taurate	1
Polyacrylic Acid	77
Polyacryloyldimethyl Taurate	5
Polyactic Acid	6
Polyamide 8	8
Polyamide-2	1
Polyamide-3	11
Polyamide-5	12
Polyamide-8	11
Polyamino Sugar Condensate	6
Polyaminopropyl Biguanid	1
Polyaminopropyl Biguanide	179
Polyaminopropyl Biguanide Hydrochloride	1
Polyaminopropyl Biguanide*	1
Polybutene	470
Polybutylene Glycol/Ppg-9/1 Copolymer	6
Polybutylene Terephthalate	2
Polycaprolactone	30
Polycitronellol	2
Polycitronellol Acetate	6
Polycrylene¬Æ	1
Polydatin	3
Polydecene	25
Polydextrose	73
Polydiethyleneglycol Adipate/Ipdi Copolymer	7
Polydiethylsiloxane	1
Polydimethylcyclosiloxane	1
Polydimethylsiloxane	3
Polydimethylsiloxyethyl Dimethicone	5
Polydipentene	1
Polydodecanamideaminium Triazadiphenylethenesulfonate	3
Polyehtylene	1
Polyepsilon-Lysine	8
Polyester	1
Polyester 8	1
Polyester-1	12
Polyester-11	1
Polyester-25	1
Polyester-27	1
Polyester-3	2
Polyester-37	2
Polyester-4	3
Polyester-5	14
Polyester-7	34
Polyester-8	51
Polyether-1	3
Polyethylacrylate	6
Polyethylene	662
Polyethylene Glycol	24
Polyethylene Glycol 25 Soy Sterol	1
Polyethylene Glycol 400	2
Polyethylene Glycol Monomethyl Ether	1
Polyethylene Glycol Monostearate	2
Polyethylene Glycol-150 Distearate	1
Polyethylene Terephthalate	26
Polyethylene Wax	2
Polyethylmethacrylate	1
Polygala Senega Root Extract	1
Polygala Tenuifolia Root Extract	1
Polyglucose	1
Polyglucuronic Acid	35
Polyglutamic Acid	301
Polyglycer M2Dipoly Hydroxystearate	1
Polyglycerin-10	42
Polyglycerin-10 Myristate	1
Polyglycerin-20	1
Polyglycerin-3	411
Polyglycerin-3 Diisostearate	2
Polyglycerin-4	1
Polyglycerin-6	76
Polyglycerine-3	2
Polyglycerly-4 Caprate	2
Polyglycerol Ester Of Fatty Acids	3
Polyglycerol Polyricinoleate	1
Polyglycerol-3 Beeswax	4
Polyglycery-3 Cetearyl Ether Olivate	2
Polyglyceryl 10 Laurate	2
Polyglyceryl 2 Dipolyhydroxystearate	1
Polyglyceryl 2 Triisostearate	2
Polyglyceryl 3 Caprate	2
Polyglyceryl 3 Diisostearate	4
Polyglyceryl 3 Methylglucose Distearate	4
Polyglyceryl 3 Polyricinoleate	1
Polyglyceryl 3 Stearate	3
Polyglyceryl 4 Diisostearate/Polyhydroxystearate/Sebacate	1
Polyglyceryl 4 Isostearate	3
Polyglyceryl 4 Oleate	2
Polyglyceryl 6 Dioleate	1
Polyglyceryl Isostearate	1
Polyglyceryl Laurate	1
Polyglyceryl Methacrylate	1
Polyglyceryl Oleate	1
Polyglyceryl Sorbitol	1
Polyglyceryl-10 0Leate	1
Polyglyceryl-10 Behenate/Eicosadioate	15
Polyglyceryl-10 Caprylate	8
Polyglyceryl-10 Caprylate/Caprate	28
Polyglyceryl-10 Decaisostearate	23
Polyglyceryl-10 Decamacadamiate	1
Polyglyceryl-10 Decaoleate	7
Polyglyceryl-10 Diisostearate	30
Polyglyceryl-10 Dilaurate	3
Polyglyceryl-10 Dioleate	65
Polyglyceryl-10 Dipalmitate	34
Polyglyceryl-10 Distearate	5
Polyglyceryl-10 Eicosanedioate/Tetradecanedioate	14
Polyglyceryl-10 Esters	1
Polyglyceryl-10 Heptahydroxystearate	8
Polyglyceryl-10 Hexaoleate	1
Polyglyceryl-10 Isostearate	18
Polyglyceryl-10 Laurate	736
Polyglyceryl-10 Mono/Dioleate	9
Polyglyceryl-10 Myristate	204
Polyglyceryl-10 Oleate	194
Polyglyceryl-10 Pentaisostearate	25
Polyglyceryl-10 Pentaoleate	14
Polyglyceryl-10 Pentastearate	35
Polyglyceryl-10 Polyricinoleate	1
Polyglyceryl-10 Stearate	311
Polyglyceryl-10 Stearate*	1
Polyglyceryl-10 Tristearate	8
Polyglyceryl-10-Caprylate	2
Polyglyceryl-10-Laurate	5
Polyglyceryl-2	1
Polyglyceryl-2 Caprate	79
Polyglyceryl-2 Caprylate	1
Polyglyceryl-2 Diioleate	1
Polyglyceryl-2 Diisostearate	128
Polyglyceryl-2 Dioleate	1
Polyglyceryl-2 Dipolyhydroxystearate	117
Polyglyceryl-2 Isostearate	45
Polyglyceryl-2 Isostearate/Dimer Dilineolate Copolymer	2
Polyglyceryl-2 Isostearate/Dimer Dilinoleate Copolymer	40
Polyglyceryl-2 Laurate	7
Polyglyceryl-2 Oleate	19
Polyglyceryl-2 Sesquicaprylate	11
Polyglyceryl-2 Sesquiisostearate	11
Polyglyceryl-2 Sesquioleate	29
Polyglyceryl-2 Stearate	136
Polyglyceryl-2 Tetraisostearate	2
Polyglyceryl-2 Triisostearate	271
Polyglyceryl-2 Trisostearate	13
Polyglyceryl-2-Dipolyhydroxystearate	12
Polyglyceryl-2-Sesquiisostearate	3
Polyglyceryl-2-Stearate	5
Polyglyceryl-20 Octadecabehenate/Hydroxystearate	2
Polyglyceryl-3	5
Polyglyceryl-3 Beeswax	186
Polyglyceryl-3 Beeswax/Polyglyceryl-3 CIRE D‚Äôabeille	1
Polyglyceryl-3 Caprate	30
Polyglyceryl-3 Caprate/Caprylate/Succinate	6
Polyglyceryl-3 Caprylate	10
Polyglyceryl-3 Cetyl Ether Olivate/Succinate	2
Polyglyceryl-3 Cocoate	55
Polyglyceryl-3 Dicitrate/Stearate	44
Polyglyceryl-3 Diiostearate	1
Polyglyceryl-3 Diisostearate	507
Polyglyceryl-3 Diisosterate	2
Polyglyceryl-3 Diisotearate	1
Polyglyceryl-3 Dioleate	1
Polyglyceryl-3 Disiloxane Dimethicone	1
Polyglyceryl-3 Disostearate	16
Polyglyceryl-3 Distearate	107
Polyglyceryl-3 Lactate/ Laurate	3
Polyglyceryl-3 Lactate/Laurate	7
Polyglyceryl-3 Laurate	112
Polyglyceryl-3 Laurate*	2
Polyglyceryl-3 Methyl Glucose Distearate	6
Polyglyceryl-3 Methylglucose Distearate	475
Polyglyceryl-3 Oleate	33
Polyglyceryl-3 Palmitate	4
Polyglyceryl-3 Pca	1
Polyglyceryl-3 Pentaolivate	1
Polyglyceryl-3 Poly Rice Branate	1
Polyglyceryl-3 Polydimethylsiloxyethyl Dimethicone	49
Polyglyceryl-3 Polyricinoleate	207
Polyglyceryl-3 Rice Branate	28
Polyglyceryl-3 Ricinoleate	25
Polyglyceryl-3 Sorbityl Linseedate	3
Polyglyceryl-3 Stearate	116
Polyglyceryl-3 Tetrastearate	1
Polyglyceryl-3-Diisostearate	1
Polyglyceryl-3-Dipolyhydroxystearate	1
Polyglyceryl-3-Poyricinoleate	2
Polyglyceryl-3-Stearate	2
Polyglyceryl-3Diisostearate	2
Polyglyceryl-4 Caprate	345
Polyglyceryl-4 Caprylate	2
Polyglyceryl-4 Caprylate/Caprate	9
Polyglyceryl-4 Cocoate	15
Polyglyceryl-4 Diisostearate/ Polyhydroxystearate/ Sebacate	2
Polyglyceryl-4 Diisostearate/ Polyhydroxystearate/Sebacate	6
Polyglyceryl-4 Diisostearate/Polyhydroxystearate/ Sebacate	5
Polyglyceryl-4 Diisostearate/Polyhydroxystearate/Sebacate	102
Polyglyceryl-4 Esters	1
Polyglyceryl-4 Isostearate	194
Polyglyceryl-4 Laurate	90
Polyglyceryl-4 Laurate Succinate	2
Polyglyceryl-4 Laurate/Sebacate	29
Polyglyceryl-4 Laurate/Succinate	95
Polyglyceryl-4 Oleate	98
Polyglyceryl-4 Oleate*	1
Polyglyceryl-4 Olivate	6
Polyglyceryl-4 Stearate	2
Polyglyceryl-5 Laurate	5
Polyglyceryl-5 Oleate	25
Polyglyceryl-5 Polyricinoleate	4
Polyglyceryl-5 Stearate	1
Polyglyceryl-5 Trioleate	5
Polyglyceryl-6	6
Polyglyceryl-6 Behenate	104
Polyglyceryl-6 Caprylate	139
Polyglyceryl-6 Caprylate/Caprate	22
Polyglyceryl-6 Dicaprate	27
Polyglyceryl-6 Dioleate	12
Polyglyceryl-6 Distearate	170
Polyglyceryl-6 Isostearate	5
Polyglyceryl-6 Laurate	92
Polyglyceryl-6 Octastearate	4
Polyglyceryl-6 Oleate	50
Polyglyceryl-6 Olivate	1
Polyglyceryl-6 Palmitate/Succinate	21
Polyglyceryl-6 Pentaoleate	10
Polyglyceryl-6 Polyhydroxystearate	26
Polyglyceryl-6 Polyricinoleate	117
Polyglyceryl-6 Polyricinoleate**	1
Polyglyceryl-6 Ricinoleate	49
Polyglyceryl-6 Stearate	94
Polyglyceryl-6 Tetraoleate	1
Polyglyceryl-6 Tricaplyrate	2
Polyglyceryl-6 Ximenia Americana Seedate	6
Polyglyceryl-6-Polyricinoleate	1
Polyglyceryl-8 Decabehenate/Caprate	1
Polyglyceryl010 Myristate	1
Polyglyceryl10 Laurate	2
Polyglyceryl3 Polyricinoleate	1
Polyglycerylmethacrylate	1
Polyglycol Ester	1
Polyglyeryl-3 Polyricinoleate	1
Polygonatum Multiflorum Extract	2
Polygonatum Multiflorum Rhizome/Root Extract	1
Polygonatum Odoratum Extract	1
Polygonatum Odoratum Rhizome Extract	16
Polygonatum Odoratum Rhizome Powder	1
Polygonatum Officinale Rhizome/Root Extract	15
Polygonatum Sibiricum Root/Rhizome Powder	1
Polygonum Aviculare Extract	45
Polygonum Bistorta Root Extract	24
Polygonum Cuspidatum Extract	11
Polygonum Cuspidatum Root Extract	238
Polygonum Fagopyrum	1
Polygonum Fagopyrum Flour	3
Polygonum Fagopyrum Leaf Extract	5
Polygonum Fagopyrum Seed Extract	35
Polygonum Fagopyrum Seed Extract/Polygonum Fagopyrum Seed Extract	5
Polygonum Multiflorum Extract	4
Polygonum Multiflorum Root Extract	41
Polygonum Tinctorium Leaf/Stem Extract	10
Polygyceryl-3 Diisostearate	2
Polyg≈Åyceryl-3 Cocoate	1
Polyhexamethylene Biguanide Hcl	3
Polyhexamethylene Biguanide Hydrochloride	2
Polyhydraxystearic Acid	1
Polyhydrostearic Acid	1
Polyhydroxybutyrate	1
Polyhydroxyl Stearic Acid	1
Polyhydroxystearic	1
Polyhydroxystearic Acid	575
Polyimide-1	19
Polyisobutane	2
Polyisobutene	1062
Polyisobutylene	12
Polyisoprene	4
Polylactic Acid	52
Polylysine	44
Polymer Gel	1
Polymethacrylic Acid	2
Polymethoxy Bicyclic Oxazolidine	1
Polymethyl Methacrylate	314
Polymethyl Methacrylate/Edma	1
Polymethyl Silsesquioxane	3
Polymethylmethacrylate	2
Polymethylsilsequioxane	7
Polymethylsilsesquioxane	1039
Polymethylsilsesquioxane/Silica Crosspolymer	18
Polymethylsilsesquioxane/Trimethylsiloxysilicate	1
Polymethylsilsesquixane	1
Polymethysilsesquioxane	2
Polymide-1	3
Polymnia Sonchifolia Root Extract	8
Polymnia Sonchifolia Root Juice	137
Polyolyceryl-4 Disostearate/ Polyhydroxystearate/Sebacate	1
Polyoquaternium-51	1
Polyorbate 80	1
Polyoxyethylene Cetyl Ethers	1
Polyoxyethylene Hydrogenated Castor Oil	2
Polyoxyethylene Polyoxypropylene Block Polymer	1
Polyoxyethylene Polyoxypropylene Compound	1
Polyoxyethylene Sorbitan Monolaurate	2
Polyoxyethylene-6-Cocamide	1
Polyoxyl 40 Stearate	12
Polyoxyl Stearate	1
Polyoxymethylene Urea	3
Polypeptide-121	1
Polypeptide-23	2
Polypeptides	2
Polyperfluoroethoxymethoxy Difluoroethyl PEG Phosphate	1
Polyperfluoroisopropyl Ether	1
Polyperfluoromethylisopropyl Ether	11
Polyperfluromethylisopropyl Ether	8
Polyphenol Isolate Of Camellia Sinensis Leaf	1
Polyphenols	4
Polyphenylsilsesquioxane	6
Polyphosphorylcholine Glycol Acrylate	29
Polypodium Leucotomos Leaf Extract	1
Polypodium Vulgare Rhizome Extract	4
Polyporus Umbellatus Extract	13
Polypropylene	21
Polypropylene Glycol	1
Polypropylene Terephthalate	1
Polypropylsilsesquioxane	26
Polyqauternium-17	1
Polyqauternium-30	1
Polyqauternium-37	1
Polyqauternium-51	2
Polyqauternium-6	1
Polyqauternium-7	14
Polyquarternium 7	2
Polyquarternium-51	3
Polyquarternium-7	4
Polyquat 81	1
Polyquatemium-10	3
Polyquatemium-51	5
Polyquatemium-7	9
Polyquaterium-10	2
Polyquatermium-7	3
Polyquaternium 10	17
Polyquaternium 11	3
Polyquaternium 37	1
Polyquaternium 39	2
Polyquaternium 4	1
Polyquaternium 51	2
Polyquaternium 55	1
Polyquaternium 6	1
Polyquaternium 67	1
Polyquaternium 7	27
Polyquaternium--39	1
Polyquaternium-1	1
Polyquaternium-10	361
Polyquaternium-11	40
Polyquaternium-22	17
Polyquaternium-24	4
Polyquaternium-30	1
Polyquaternium-32	1
Polyquaternium-35	1
Polyquaternium-37	70
Polyquaternium-38	1
Polyquaternium-39	149
Polyquaternium-4	27
Polyquaternium-43	4
Polyquaternium-44	1
Polyquaternium-47	14
Polyquaternium-51	344
Polyquaternium-52	5
Polyquaternium-53	20
Polyquaternium-55	5
Polyquaternium-57	1
Polyquaternium-59	2
Polyquaternium-6	15
Polyquaternium-61	6
Polyquaternium-67	28
Polyquaternium-7	753
Polyquaternium-70	4
Polyquaternium-72	1
Polyquaternium-73	8
Polyquaternium-80	13
Polyquaternium-81	2
Polyquaternium7	1
Polyquaternum-7	1
Polyquatersnium-51	1
Polyricinoleic Acid	7
Polysaccharide	13
Polysaccharide Gum	1
Polysaccharides	9
Polysilicone 11	5
Polysilicone-1	2
Polysilicone-11	843
Polysilicone-13	19
Polysilicone-14	1
Polysilicone-15	22
Polysilicone-2	32
Polysilicone-29	1
Polysilicone-8	3
Polysobutene	2
Polysorbate	20
Polysorbate 2	2
Polysorbate 20	5166
Polysorbate 40	127
Polysorbate 6	2
Polysorbate 60	2614
Polysorbate 60 Nf	3
Polysorbate 60*	2
Polysorbate 61	12
Polysorbate 80	1323
Polysorbate 80-0.5 %	2
Polysorbate 85	42
Polysorbate 90	2
Polysorbate-20	237
Polysorbate-21	3
Polysorbate-40	52
Polysorbate-60	129
Polysorbate-61	12
Polysorbate-65	6
Polysorbate-80	75
Polysorbate-85	5
Polysorbate60	1
Polysorbates	1
Polystyrene	1
Polystyrene/Hydrogenated Polyisopentene Copolymer	1
Polythylene Glycol	1
Polyurethane	8
Polyurethane 35	1
Polyurethane Crosspolmyer-1	1
Polyurethane Crosspolymer-1	13
Polyurethane Crosspolymer-2	1
Polyurethane Film	12
Polyurethane Polymer	1
Polyurethane-1	1
Polyurethane-100	23
Polyurethane-11	10
Polyurethane-2	3
Polyurethane-21	2
Polyurethane-33	1
Polyurethane-34	4
Polyurethane-35	10
Polyurethane-40	6
Polyurethane-62	8
Polyurethane-79	13
Polyurethane-9	2
Polyvinyl Acetate	10
Polyvinyl Alcohol	478
Polyvinyl Butyral	1
Polyvinyl Laurate	1
Polyvinyl Pyrrolidone	1
Polyvinyl Stearyl Ether	1
Polyvinylalcohol Crosspolymer	13
Polyvinylpyrrolidone	30
Polyvinylpyrrolidone/Eicosene Copolymer	1
Pomegranate	6
Pomegranate Extract	15
Pomegranate Flavor	5
Pomegranate Fruit Extract	3
Pomegranate Fruit Juice Extract	1
Pomegranate Oil	6
Pomegranate Rind	1
Pomegranate Seed Extract	4
Pomegranate Seed Oil	26
Poncirus Trifoliata Fruit Extract	24
Pongamia Glabra Oil	3
Pongamia Glabra Seed Oil	34
Pongamia Pinnata Seed Extract	18
Pongamia Pinnata Seed Oil	2
Pongamol	1
Poppy Seed Oil	1
Poppy Seeds	1
Populus Alba Bark Extract	1
Populus Balsamifera	1
Populus Balsamifera Resin	1
Populus Tremuloides Bark Extract	100
Populus Tremuloides Extract	9
Poria Cocos Extract	48
Poria Cocos Polysaccharide	8
Poria Cocos Root Extract	1
Poria Cocos Sclerotium Extract	29
Porphyra Red Algae	1
Porphyra Umbilicalis Extract	33
Porphyra Yezoensis Extract	13
Porphyridium Cruentum Exsuded Culture Medium	3
Porphyridium Cruentum Extract	106
Porphyridium Cruentum Exudate	1
Porphyridium Polysaccharide	2
Porphyridium Polysaccharides	1
Porphyridium Purpureum Extract	1
Porpyra Umbilicalis Extract	2
Portula Caoleracead Extract	1
Portulaca Extract	1
Portulaca Olerace Extract	2
Portulaca Oleracea	1
Portulaca Oleracea Extract	549
Portulaca Oleracea Water	1
Portulaca Pilosa Extract	42
Portulace Oleracea Extract	2
Pot Marigold Flower Extract	1
Potasium Sorbate	10
Potassim Cetyl Phosphate	1
Potassium	12
Potassium Acesulfame	6
Potassium Acrylates Copolymer	53
Potassium Acrylates/C10-30 Alkyl Acrylate Crosspolymer	1
Potassium Alginate	24
Potassium Alum	12
Potassium Aluminium Silicate	1
Potassium Ascorbyl Tocopheryl Phosphate	17
Potassium Asparatate	1
Potassium Asparate	2
Potassium Aspartate	21
Potassium Azelaoyl Diglycinate	2
Potassium Azeloyl Diglycinate	112
Potassium Behenate	7
Potassium Benzoate	58
Potassium Bitartrate	3
Potassium Butyrate	2
Potassium Caprylate/Potassium Caprylate	1
Potassium Carbomer	8
Potassium Carbomer 940	1
Potassium Carbonate	36
Potassium Castorate	2
Potassium Cetyl Phosphate	1072
Potassium Cetyl Phosphate*	1
Potassium Chloride	540
Potassium CITRATE	77
Potassium Cocoate	180
Potassium Cocoyl Glutamate	5
Potassium Cocoyl Glycinate	125
Potassium Cocoyl Hydrolyzed Collagen	1
Potassium Cocoyl Hydrolyzed Soy Protein	3
Potassium Dihydrogen Phosphate	3
Potassium Dna	1
Potassium Gluconate	22
Potassium Glutamate	1
Potassium Glutathione Isomerized Linoleate	1
Potassium Hempate	3
Potassium Hyaluronate	189
Potassium Hydroide	1
Potassium Hydrolyzed Polygamma-Glutamate	3
Potassium Hydroxide	1975
Potassium Hydroxide*	1
Potassium Hydroxide**	4
Potassium Iodide	21
Potassium Jojobate	12
Potassium Lactate	107
Potassium Laurate	66
Potassium Laureth Phosphate	6
Potassium Lauroyl Glutamate	2
Potassium Lauroyl Silk Amino Acids	2
Potassium Lauroyl Wheat Amino Acids	11
Potassium Lauryl Phosphate	5
Potassium Lauryl Sulfate	9
Potassium Magnesium Aspartate	8
Potassium Metabisulfite	2
Potassium Methoxysalicylate	24
Potassium Myristate	46
Potassium Myristoyl Glutamate	3
Potassium Nitrate	8
Potassium Oleate	39
Potassium Olivate	72
Potassium Olivoyl Hydrolyzed Oat Protein	35
Potassium Olivoyl Hydrolyzed Wheat Protein	3
Potassium Olivoyl Pca	4
Potassium Olivoyl/Lauroyl Wheat Amine Acid	1
Potassium Palm Kernelate	24
Potassium Palmate	21
Potassium Palmitate	21
Potassium Palmitoyl Hydrolyzed Oat Protein	3
Potassium Palmitoyl Hydrolyzed Rice Protein	3
Potassium Palmitoyl Hydrolyzed Wheat Protein	23
Potassium Pca	6
Potassium Persulfate	2
Potassium Phosphate	438
Potassium Phosphate Dibasic	1
Potassium Phosphate Monobasic	1
Potassium Polymetaphosphate	3
Potassium Shea Butterate	4
Potassium Sorbate	8080
Potassium Sorbate Nf	1
Potassium Sorbate**	1
Potassium Soyate	3
Potassium Stearate	115
Potassium Sulfate	44
Potassium Sunflowerate	4
Potassium Sunflowerseedate	3
Potassium Tallate	1
Potassium Tallowate	2
Potassium Thiocyanate	20
Potassium Thioglycolate	1
Potassium Undecylenoyl Hydrolyzed Soy Protein	3
Potassium-Acrylates/C10-30 Alkyl Acrylate Crosspolymer	3
Potassiumsorbate	6
Potasslum Cetyl Phosphate	1
Potasslum Sorbate	2
Potato Flour	1
Potato Powder	1
Potato Pulp	1
Potato Root Juice	1
Potato Starch	4
Potato Starch Modified	25
Potentila Erecta Root Extract	1
Potentilla Erecta Root Extract	15
Potentilla Miyabei Callus Extract	2
Potentillae Chinensis Herb	1
Poterium Officinale / Poterium Officinale Root Extract	2
Poterium Officinale Root Extract	2
Povidone	3
Powdered Charcoal	2
Powdered Goat Milk	1
Powdered Milk	1
Powdered Rose Petals	1
PPG 10 Methyl Glucose Ether	1
PPG 12/Smdi Copolymer	3
PPG 15 Stearyl Ether	3
PPG 2 Hydroxyethyl Cocamide	1
PPG 26 Buteth 26	1
PPG 5 Ceteth 20	1
PPG-1	1
PPG-1 Trideceth-6	18
PPG-1-PEG-9 Lauryl Glycol Ether	48
PPG-10	1
PPG-10 Butanediol	1
PPG-10 Cetyl Ether	5
PPG-10 Methyl Glucose Ether	24
PPG-100 Stearate	1
PPG-11 Stearyl Ether	3
PPG-12	1
PPG-12 Buteth-16	1
PPG-12 Smdi Copolymer	2
PPG-12-BUTETH-16	7
PPG-12-PEG-50 Lanolin	1
PPG-12-PEG-65 Lanolin Oil	1
PPG-12/ Smdi Copolymer	3
PPG-12/SMDI Copolymer	75
PPG-13 Decyltetradeceth-24	29
PPG-14 Butyl Ether	11
PPG-14 Polyglyceryl-2 Ether	1
PPG-15	1
PPG-15 Stearyl Ether	210
PPG-15 Stearyl Ether Benzoate	10
PPG-15-BUTETH-20	3
PPG-17	3
PPG-17 Buteth-17	1
PPG-18/18 Dimethicone	1
PPG-2 Butyl Ether	1
PPG-2 Hydroxyethyl Cocamide	159
PPG-2 Hydroxyethyl Coco/Isostearamide	17
PPG-2 Isoceteth-20 Acetate	17
PPG-2 Methyl Ether	40
PPG-2 Myreth Propionate	2
PPG-2 Myreth-10 Adipate	1
PPG-2 Myristyl Ether Propionate	70
PPG-2-DECETH-12	1
PPG-2-ISODECETH-12	2
PPG-2-METHYL Ether	3
PPG-20 Methyl Glucose Ether	16
PPG-20 Methyl Glucose Ether Distearate	1
PPG-24-GLYCERETH-24	35
PPG-25-BUTETH-26	1
PPG-25-LAURETH-25	5
PPG-26	6
PPG-26 / Dimer Dilinoleate Copolymer	1
PPG-26 Buteth-26	10
PPG-26 Oleate	3
PPG-26-BUTETH-26	297
PPG-28 Buteth-35	3
PPG-3 Benzyl Ether Ethylhexanoate	1
PPG-3 Benzyl Ether Myristate	39
PPG-3 Benzyl Myristate	1
PPG-3 Caprylyl Ether	1
PPG-3 Dipivalate	27
PPG-3 Isostearyl Methyl Ether	2
PPG-3 Myristyl Alcohol	1
PPG-3 Myristyl Ether	15
PPG-30	15
PPG-33 Butyl Ether	1
PPG-33-BUTETH-45	1
PPG-4 Laureth/Myreth-5	2
PPG-5 Ceteth-10 Phosphate	1
PPG-5 Ceteth-20	5
PPG-5 Pentaerythrityl Ether	15
PPG-5-CETETH 20	1
PPG-5-CETETH-10 Phosphate	8
PPG-5-CETETH-20	149
PPG-5-LAURETH-5	9
PPG-51/SMDI Copolymer	7
PPG-6	3
PPG-6 Decyltetradeceth-30	3
PPG-6-DECYLTETRADECETH-20	4
PPG-6-DECYLTETRADECETH-30	57
PPG-7	1
PPG-8-CETETH-20	23
PPG-9	51
PPG/PEG-18 Dimethicone	1
Pracaxi Oil	1
Pramoxine Hci	1
Pramoxine Hcl	4
Pramoxine Hydrochloride	5
Precipitated Sulfur	1
Pregnenolone Acetate	3
Premium Cold-Pressed Organic Golden Jojoba Oil	1
Premium Essential Oil	2
Premna Serratifolia Root Extract	1
Prickly Ash Fruit Extract	2
Prickly Pear Oil	6
Prickly Pear Seed Oil	3
Primrose Oil	1
Primrose Seed	1
Primula Veris Extract	52
Primula Veris Flower Extract	8
Prinsepia Utilis Seed Oil	3
Prishanaparni	1
Priyangu	1
Pro Vitamin A	1
Pro Vitamin B5	3
Pro-Vitamin B5	26
Probiotic Extract	3
Probiotics	4
Processed Skin Proteins	6
Procollagen	4
Profumo/Parfum/Fragrance	10
Progeline‚Ñ¢	1
Progesterone	7
Prolatum Oil	1
Prolinamidoethyl Imidazole	5
Proline	697
Pronus Armeniaca Kernel Oil	1
Propagermanium	1
Propan-2-Ol	1
Propandiol	11
Propane	19
Propane Diol	6
Propane-1,2-Diol	1
Propanedial	1
Propanediol	7890
Propanediol *	1
Propanediol Dicaprylate	17
Propanediol Dicaprylate/Caprate	24
Propanediol Diisostearyl Malate	1
Propanediol**	2
Propanol	2
Propanzdiol	1
Propar.Eciol	1
Propileneglycol	1
Proplene Glycol	3
Proplyene Glycol Usp	1
Proplyparaben	1
Propolis	34
Propolis Cera	5
Propolis Extract	200
Propolis Wax	10
Propoxytetramethyl Piperidinyl Dimethicone	1
Proprietary Blend Of Essental Ols Non-Gmo Vitamin E	1
Proprietary Blend Of Essential Oils	1
Proprietary Blend Of Natural Essential Oils	1
Proprietary Essential Oil Blend	4
Propy/Paraben	4
Propyiparaben	3
Propyl Alcohol	3
Propyl Gallate	194
Propyl Grapevine Shoot Extract Olivate	1
Propyl Hydroxybenzoate	6
Propyl Paraben	51
Propyl Parahydroxybenzoate	3
Propyl-Paraben	2
Propylen Glycol	2
Propylene	12
Propylene Carbonate	492
Propylene Gl Ycol	1
Propylene Glycol	6088
Propylene Glycol Alginate	16
Propylene Glycol Caprylate	16
Propylene Glycol Dibenzoate	14
Propylene Glycol Dicaprate	195
Propylene Glycol Dicaprylate	19
Propylene Glycol Dicaprylate / Dicaprate	2
Propylene Glycol Dicaprylate Dicaprate	1
Propylene Glycol Dicaprylate/ Dicaprate	7
Propylene Glycol Dicaprylate/Dicaprate	113
Propylene Glycol Diethylhexanoate	8
Propylene Glycol Diheptanoate	2
Propylene Glycol Dioctanoate	6
Propylene Glycol Dipelargonate	11
Propylene Glycol Hydroxystearate	7
Propylene Glycol Isoceteth-3 Acetate	4
Propylene Glycol Isostearate	9
Propylene Glycol Laurate	38
Propylene Glycol Monostearate	1
Propylene Glycol Oleate	1
Propylene Glycol Ricinoleate	1
Propylene Glycol Stearate	77
Propylene Glycol Stearate Se	5
Propylene Glycol Usp	8
Propylene Glyvol	1
Propylene Gycol	7
Propylene Gycol Laurate	1
Propyleneglycol	5
Propylheptyl Caprylate	150
Propylparaben	2408
Propylparaben Sodium	1
Propylparben	2
Propyparaben	7
Prostaglandin Ic	1
Protease	59
Protein	6
Protein/Soybean Protein	1
Protium Heptaphyllum Resin	3
Provitamin A	2
Provitamin B-5	1
Provitamin B5	18
Prumus Armeniaca Oil	1
Prunella Vulgaris Extract	8
Prunella Vulgaris Flower Extract*	6
Prunella Vulgaris Flower/Leaf/Stem Extract	2
Prunis Amygdalus Dulcis Oil	2
Prunis Amygdalus Dulcis Sweet Almond	1
Prunus Ameniaca Kernal Oil	6
Prunus Ameniaca Kernel Oil	1
Prunus Amigdalus Dulcis Fruit Oil	2
Prunus Amigdalus Dulcis Oil	2
Prunus Amydgalus Dulcis Oil	1
Prunus Amygdala Dulcis Oil	1
Prunus Amygdalis Dulcis Oil	1
Prunus Amygdalus	1
Prunus Amygdalus Amara	1
Prunus Amygdalus Amara Kernel Oil	22
Prunus Amygdalus Dulcis	21
Prunus Amygdalus Dulcis Extract	9
Prunus Amygdalus Dulcis Flavor	1
Prunus Amygdalus Dulcis Flour	1
Prunus Amygdalus Dulcis Flower Extract	2
Prunus Amygdalus Dulcis Fruit Extract	63
Prunus Amygdalus Dulcis Fruit Extract/Sweet Almond Fruit Extract	1
Prunus Amygdalus Dulcis Kernel Oil	6
Prunus Amygdalus Dulcis Nut Oil	1
Prunus Amygdalus Dulcis Oil	2106
Prunus Amygdalus Dulcis Oil / Sweet Almond Oil	14
Prunus Amygdalus Dulcis Oil*	20
Prunus Amygdalus Dulcis Oil/ Sweet Almond Oil	2
Prunus Amygdalus Dulcis Oil/Prunus Amygdalus Dulcis Oil	16
Prunus Amygdalus Dulcis Oil/Sweet Almond Oil	26
Prunus Amygdalus Dulcis Oleosomes	2
Prunus Amygdalus Dulcis Protein	24
Prunus Amygdalus Dulcis Protein / Sweet Almond Protein	6
Prunus Amygdalus Dulcis Protein/Sweet Almond Protein	1
Prunus Amygdalus Dulcis Seed Extract	118
Prunus Amygdalus Dulcis Seed Extract / Seed Extract	1
Prunus Amygdalus Dulcis Seed Extract/Prunus Amygdalus Dulcis Seed Extract	9
Prunus Amygdalus Dulcis Seed Extract/Sweet Almond Seed Extract	3
Prunus Amygdalus Dulcis Seed MEAL	81
Prunus Amygdalus Dulcis Seed Oil	7
Prunus Amygdalus Dulcis Seedcake Extract	1
Prunus Amygdalus Dulcis Shell Powder	5
Prunus Amygdalus Kernel Oil	2
Prunus Amygdalus Oil	8
Prunus Amygdalus Seed Extract	2
Prunus Amygoalus Dulcis Seed MEAL	1
Prunus Armeniaca	13
Prunus Armeniaca / Apricot Kernel Oil	5
Prunus Armeniaca Apricot Kernel Oil	8
Prunus Armeniaca Extract	2
Prunus Armeniaca Fruit Extract	172
Prunus Armeniaca Fruit Juice	2
Prunus Armeniaca Fruit Water	1
Prunus Armeniaca Juice	6
Prunus Armeniaca Kernal Oil	5
Prunus Armeniaca Kernel	2
Prunus Armeniaca Kernel Extract	14
Prunus Armeniaca Kernel Oi	1
Prunus Armeniaca Kernel Oil	731
Prunus Armeniaca Kernel Oil / Apricot Kernel Oil	59
Prunus Armeniaca Kernel Oil Unsaponifiables	2
Prunus Armeniaca Kernel Oil*	1
Prunus Armeniaca Kernel Oil/Apricot Kernel Oil	41
Prunus Armeniaca Kernel Oil/Prunus Armeniaca	1
Prunus Armeniaca Kernel Powder	1
Prunus Armeniaca Kernel Seed	1
Prunus Armeniaca Kernel.Oil	1
Prunus Armeniaca Malt Extract	1
Prunus Armeniaca Oil	12
Prunus Armeniaca Pulp	3
Prunus Armeniaca Seed Powder	56
Prunus Armeniaca Seed Powder / Apricot Seed Powder	2
Prunus Armeniaca Seed Powder/Apricot Seed Powder	11
Prunus Armeniaca Shell Powder	1
Prunus Armeniana Kernel Oil	1
Prunus Armenica Kernel Oil	2
Prunus Armenicia Kernel Extract	1
Prunus Avium	1
Prunus Avium Fruit	2
Prunus Avium Fruit Extract	26
Prunus Avium Juice	1
Prunus Avium Kernel Oil	4
Prunus Avium Seed Oil	36
Prunus Avium Seed Oil/Prunus Avium Seed Oil	1
Prunus Avium Seed Powder	1
Prunus Cerasoides Wood Extract	1
Prunus Cerasus Extract	13
Prunus Cerasus Flower Extract	3
Prunus Cerasus Fruit Extract	8
Prunus Cerasus Fruit Water	1
Prunus Cerasus Juice	6
Prunus Cerasus Juice*	4
Prunus Cerasus Seed Oil	13
Prunus Cerasus Shell Powder	1
Prunus Davidiana Extract	1
Prunus Domestica Extract	2
Prunus Domestica Fruit Extract	21
Prunus Domestica Seed Extract	30
Prunus Domestica Seed Oil	89
Prunus Dulcis	10
Prunus Dulcis Extract	1
Prunus Dulcis Milk	1
Prunus Dulcis Oil	16
Prunus Dulcis Oil*	3
Prunus Dulcis Powder	1
Prunus Dulcis Seed Oil	1
Prunus Insititia Seed Oil	6
Prunus Lannesiana Flower Extract	28
Prunus Mume Flower Extract	2
Prunus Mume Fruit Extract	71
Prunus Mume Fruit Water	4
Prunus Mume Leaf Extract	1
Prunus Mume Seed Extract	3
Prunus Persica	1
Prunus Persica Extract	3
Prunus Persica Flower Extract	21
Prunus Persica Fruit	1
Prunus Persica Fruit Extract	170
Prunus Persica Fruit Extract/Prunus Persica Fruit Extract	1
Prunus Persica Fruit Water	4
Prunus Persica Gum	3
Prunus Persica Juice	21
Prunus Persica Kernel Extract	11
Prunus Persica Kernel Oil	42
Prunus Persica Leaf Extract	37
Prunus Persica Nectarina Fruit Extract	1
Prunus Persica Oil	2
Prunus Persica Resin Extract	4
Prunus Persica Seed Powder	6
Prunus Salicina Fruit Extract	6
Prunus Serotina Bark Extract	24
Prunus Serotina Fruit Extract	25
Prunus Serrulata Flower Extract	56
Prunus Speciosa Flower Extract	4
Prunus Speciosa Leaf Extract	5
Prunus Spinosa Flower Extract	3
Prunus Spinosa Fruit Extract	3
Prunus Spp Oil	3
Prunus Sweet Almond Oil	1
Prunus Tomentosa Fruit Extract	1
Prunus Virginiana Bark Extract	1
Prunus Virginiana Extract	4
Prunus Yedoensis Leaf Extract	28
Prunus Yeodoensis Leaf Extract	1
Prunusamygdalus Dulcis Oil	1
Pseudoalteromonas Exopolysaccharides	11
Pseudoalteromonas Ferment Extract	171
Pseudotsuga Menziesii Branch/Leaf Oil	3
Pseudotsuga Menziesii Needle Oil	2
Pseudotsuga Menziesii Plant Water	1
Pseudozyma Epicola	5
Pseudozyma Epicola / Apricot Kernel Oil / Olive Fruit Oil / Sunflower Seed Oil / Sweet Almond Oil / Angelica Gigas Root Extract Ferment Extract Filtrate	1
Pseudozyma Epicola / Argania Spinosa Kernel Oil Ferment Filtrate	1
Pseudozyma Epicola / Camellia Sinensis Seed Oil/ Glucose / Malt Extract / Soybean Flour / Yeast Extract Ferment Filtrate	1
Pseudozyma Epicola/Apricot Kernel Oil/Olive Fruit Oil/Sunflower Seed Oil/Sweet Almond Oil/ Root	1
Pseudozyma Epicola/Apricot Kernel Oil/Olive Fruit Oil/Sunflower Seed Oil/Sweet Almond Oil/ Root Extract Ferment Extract Filtrate	1
Pseudozyma Epicola/Apricot Kernel Oil/Olive Fruit Oil/Sunflower Seed Oil/Sweet Almond Oil/Angelica Gigas Root Extract Ferment Extract Filtrate	1
Pseudozyma Epicola/Apricot Kernel Oil/Olive Fruit Oil/Sunflower Seed Oil/Sweet Almond Oil/Panax Ginseng Root Extract Ferment Extract Filtrate	2
Pseudozyma Epicola/Apricot Kernel Oil/Olive Fruit Oil/Sunflower Seed Oil/Sweet Almond Oil/Saururus Chinensis Extract Ferment Extract Filtrate	7
Pseudozyma Epicola/Apricot Kernel Oil/Olive Fruit Oil/Sweet Almond Oil/Sunflower Seed Oil/Licorice Root Extract Ferment Extract Filtrate	1
Pseudozyma Epicola/Argania Spinosa Kernel Oil Ferment Filtrate	2
Pseudozyma Epicola/Argania Spinosa Kernel Oil/Olive Fruit Oil/Sunflower Seed Oil/ Root Ferment Extract Filtrate	4
Pseudozyma Epicola/Camellia Japonica Seed Oil Ferment Extract Filtrate	6
Pseudozyma Epicola/Camellia Sinensis Seed Oil Ferment Extract Filtrate	17
Pseudozyma Epicola/Camellia Sinensis Seed Oil/Glucose/Glycine Soja MEAL/MALT Extract/Yeast Extract Ferment Filtrate	7
Pseudozyma Epicola/Camellia Sinensis Seed Oil/Glucose/Malt Extract/Soybean Flour/Yeast Extract Ferment Filtrate	3
Pseudozyma Epicola/Camellia Sinensis Seed Oil/Glucose/Yeast Extract Ferment Filtrate	1
Pseudozyma Epicola/Evening Primrose Oil Ferment Extract	1
Pseudozyma Epicola/Olive Fruit Oil Ferment Filtrate	6
Pseudozyma Epicola/Soybean Flour/Apricot Kernel Oil/Olive Fruit Oil/Sunflower Seed Oil/Sweet Almond Oil/Angelica Gigas Root Extract Ferment Extract Filtrate	1
Psidium Guajava Extract	1
Psidium Guajava Fruit Exract	4
Psidium Guajava Fruit Extract	129
Psidium Guajava Leaf Extract	20
Psidium Guajava Oil	3
Psidium Guajava Pulp	2
Psidium Guajava Seed Oil	1
Psidum Guajava Fruit Extract	1
Psilanthus Bengalensis Leaf Cell Culture Extract	3
Psoralea Corylifolia Fruit Extract	4
Psoralea Corylifolia Seed	2
Psoralea Corylifolia Seed Extract	5
Psoralea Corylifolia Seed Oil	5
Pteris Multifida Extract	6
Pterocarpus Marsupium Bark Extract	10
Pterocarpus Santalinus Oil	1
Pterocarpus Soyauxii Wood Extract	13
Ptfe	52
Ptychopentalum Olaciodes Bark/Stem Extract	2
Ptychopetalum Olacoides Bark/Root Extract	6
Ptychopetalum Olacoides Bark/Stem Extract	19
Pudina Oil	1
Pueraria Lobata Root Extract	90
Pueraria Lobata Root Extract*	3
Pueraria Lobata Symbiosome Extract	4
Pueraria Mirifica Root Extract	4
Pueraria Thunbergiana Extract	1
Pueraria Thunbergiana Root Extract	17
Pullalan	2
Pullulan	653
Pulsatilla Koreana Extract	47
Pumice	199
Pumice Powder	3
Pumpkin Ferment Extract	1
Pumpkin Fruit Puree	2
Pumpkin Seed Butter	1
Pumpkin Seed Extract	5
Pumpkin Seed Oil	23
Pumpkin Seed Oil*	2
Punarnava	1
Punica Granatam Fruit Juice	1
Punica Granatum	17
Punica Granatum Bark Extract	6
Punica Granatum Bark/Fruit Extract	4
Punica Granatum Co2 Extract	1
Punica Granatum Extract	340
Punica Granatum Extract*	3
Punica Granatum Extraxt	1
Punica Granatum Flower Extract	37
Punica Granatum Fruit Extract	309
Punica Granatum Fruit Extract*	1
Punica Granatum Fruit Juice	51
Punica Granatum Fruit Powder	1
Punica Granatum Juice	1
Punica Granatum Juice Extract	11
Punica Granatum Oil	13
Punica Granatum Oils	1
Punica Granatum Peel Extract	3
Punica Granatum Pericarp Extract	24
Punica Granatum Pomegranate Extract	1
Punica Granatum Seed Cell Culture Lysate	1
Punica Granatum Seed Extract	41
Punica Granatum Seed Oil	257
Punica Granatum Seed Oil*	8
Punica Granatum Seed Powder	5
Punica Granatum Seedoil	1
Punica Granatum Sterols	82
Punica Grantum Seed Oil	1
Purcellin Oil‚Ñ¢	2
Pure Alaskan Aqua	1
Pure Atlantic Sea Salt	1
Pure Beeswax	5
Pure Black Soap	3
Pure Cacao Powder	1
Pure Carrot Tissue Oil	1
Pure Castor Oil	2
Pure Cbd Isolate From Hemp	5
Pure Cera Alba	4
Pure Cold Pressed & Unrefined Neem Oil	1
Pure DEAD Sea Mineral Mud	1
Pure Emu Oil	3
Pure Essential Oil	1
Pure Essential Oil Blend	1
Pure Essential Oil Of Lavandin Grosso	1
Pure Essential Oil Of Pink Grapefruit	1
Pure Essential Oil Of Sweet Orange	3
Pure Essential Oils	11
Pure Essential Oils Of: Sweet Orange	1
Pure Fig Botanical Blend	1
Pure Fiji Botanical Blend Cocos Nucifera Oil	8
Pure Fractionated Coconut Oil	1
Pure Grapeseed Oil	1
Pure Honey	4
Pure Hypochlorous	1
Pure Jamaican Black Castor Oil	2
Pure Jojoba Oil	1
Pure Kaolin Clay	1
Pure Konjac Powder	1
Pure Lanolin	1
Pure Lemongrass Essential Oil	1
Pure Magnesium Chloride	1
Pure Moroccan Rose Distillate Flower Water	1
Pure Olive Oil	10
Pure Simmondsia Chinensis Seed Oil	2
Pure TEA Tree Oil	2
Pure Unrefined Raw Shea Butter	1
Pure Vitamin E Oil	1
Pure Water	4
Purifed Water	5
Purified Aqua	4
Purified Borax	1
Purified Di Water	1
Purified Lanolin	1
Purified New Zealand Spring Water	2
Purified New Zealand Water	1
Purified Oat Beta Glucan	2
Purified Seawater	1
Purified Silver	1
Purified Spring Water	2
Purified Water	880
Purified Water Ep	3
Purified Water Q.S	2
Purified Water Usp	7
Purified Water/Aqua/Eau	1
Purifying Charcoal	1
Purslane	1
Pushkarmool	1
Puyrus Malus Fruit Extract	1
Pva	1
Pva/Ma Copolymer	2
Pvm/Ma Copolymer	205
Pvm/Ma Decadiene Crosspolymer	41
Pvp	281
Pvp Eicosene Copolymer	1
Pvp/Eicosene Copolymer	6
Pvp/Hexadecene Copolymer	13
Pvp/Polycarbamyl Polyglycol Ester	1
Pycnogenol	1
Pyracantha Fortuneana Fruit Extract	3
Pyridoxine	50
Pyridoxine Dicaprylate	1
Pyridoxine Dipalmitate	32
Pyridoxine Hci	42
Pyridoxine Hcl	128
Pyridoxine Hydrochloride	8
Pyridoxine Tripalmitate	1
Pyrithione Zinc	9
Pyrola Incarnata Extract	16
Pyroxidine Hcl	1
Pyrrolidone Carbonic Acid	3
Pyrroloquinoline Quinone	1
Pyrroloquinoline Quinone Allyl Ester	3
Pyrus Communis Extract	7
Pyrus Communis Flower Extract	2
Pyrus Communis Fruit Extract	106
Pyrus Communis Fruit Pulp	1
Pyrus Cydonia Fruit Extract	15
Pyrus Cydonia Peel/Fruit Wax	1
Pyrus Cydonia Seed Extract	27
Pyrus Mallus Extract	1
Pyrus Malus	13
Pyrus Malus *	3
Pyrus Malus Extract	13
Pyrus Malus Extract / Apple Fruit Extract	1
Pyrus Malus Extract/Apple Fruit Extract	1
Pyrus Malus Fiber	4
Pyrus Malus Flower Extract	2
Pyrus Malus Fruit	4
Pyrus Malus Fruit Extract	1028
Pyrus Malus Fruit Extract/Apple Fruit Extract	1
Pyrus Malus Fruit Juice/Pyrus Malus Juice	3
Pyrus Malus Fruit Powder	1
Pyrus Malus Fruit Water	31
Pyrus Malus Juice	21
Pyrus Malus Juice*	1
Pyrus Malus Leaf Extract	6
Pyrus Malus Oil	2
Pyrus Malus Pectin Extract	1
Pyrus Malus Peel Extract	1
Pyrus Malus Saccharides	1
Pyrus Malus Seed Extract	31
Pyrus Malus Seed Oil	32
Pyrus Malus Vinegar	3
Pyrus Malus Water/Apple Fruit Water	1
Pyrus Pyrifolia Fruit Extract	3
Pyrus Sorbus Bud Extract	5
Pyrusmalus Fruit Extract	4
Pyruvic Acid	29
Quandong Fruit Extract	1
Quar Hydroxypropyltrimonium Chloride	1
Quartz	110
Quartz Crystal	2
Quartz Extract	1
Quartz Powder	14
Quassia Amara Wood Extract	4
Quatemium-17	1
Quaternary Ammonium Salt	1
Quaternium 15	7
Quaternium 90 Bentonite	1
Quaternium 95	1
Quaternium-15	32
Quaternium-18	1
Quaternium-18 Bentonite	13
Quaternium-18 Hectorite	3
Quaternium-22	3
Quaternium-33	1
Quaternium-52	3
Quaternium-60	4
Quaternium-73	3
Quaternium-8	1
Quaternium-80	1
Quaternium-87	3
Quaternium-90 Bentonite	43
Quaternium-90 Montmorillonite	4
Quaternium-90 Sepiolite	4
Quaternium-91	4
Quaternium-95	9
Quaternized Rice	2
Quatrinium-15	1
Quercetin	67
Quercetin Caprylate	3
Quercetin Flavonoid	1
Quercus Alba Bark Extract	17
Quercus Infectoria Extract	1
Quercus Mongolica Leaf Extract	1
Quercus Petraea Fruit Extract	4
Quercus Robur Bark Extract	5
Quercus Robur Root Extract	2
Quercus Robur Wood Extract	1
Quercus Suber Bark Extract	10
Querecus Acutissima Extract	1
Quilaja Saponaria Bark Extract	1
Quillaia Saponaria Molina Extract	1
Quillaja Saponaria Bark Extract	70
Quillaja Saponaria Extract	4
Quillaja Saponaria Root Extract	1
Quillaja Saponaria Wood Extract	17
Quillaja Saponarioa Extract	1
Quillajasaponaria Bark Extract	2
Quince Extract	2
R-Alpha-Lipoic Acid	1
R-Bacillus Licheniformis Keratinase	3
Radish Root	1
Radish Root Extract	3
Radish Root Ferment Filtrate	27
Radish Seed Extract	1
Radish Sprout Extract	2
Radix Polygoni Multiflori Extract	2
Radix Sophorae Flavascentis	1
Raffinose	25
Rahnella/Soy Protein Ferment	5
Rainbow Algae Extract	1
Ransou Ekisu Extract	1
Ranunculus Ficaria Extract	7
Rapeseed Acid	1
Rapeseed Oil	7
Rapeseed Seed Oil	2
Rapeseed Sterols	4
Rapeseedamidopropyl Ethyldimonium Ethosulfate	1
Raphanis Sativus Leaf Extract	3
Raphanus Sativus Extract	1
Raphanus Sativus Root Extract	44
Raphanus Sativus Seed Extract	34
Raphanus Sativus Seed Oil	7
Raspberry	3
Raspberry Butter	1
Raspberry Extract	5
Raspberry Flavor	1
Raspberry Fragrance	1
Raspberry Fruit Extract	8
Raspberry Isolates	4
Raspberry Juice	8
Raspberry Ketone	142
Raspberry Leaf	1
Raspberry Leaf Extract	5
Raspberry Peach Enzyme	1
Raspberry Seed Extract	1
Raspberry Seed Oil	16
Raspberry Seed Oil/Palm Oil Aminopropanediol Esters	12
Raspberry Seed Oil/Tocopheryl Succinate Aminopropanediol Esters	23
Raspberry Vinegar	1
Ravensara Aromatica Oil	3
Ravensara Leaf Oil	2
Ravensara Oil	1
Raw Apple CIDER Vinegar	2
Raw Butyrospermum Parkii	1
Raw Butyrospermum Parkii Oil	1
Raw Butyrospermum Parkii*	1
Raw Cacao	1
Raw Goat Milk	4
Raw Hawaiian Honey	1
Raw Honey	6
Raw Honey With Bee Pollen And Propolis	1
Raw Irish Honey	2
Raw Manuka Honey	4
Raw Shea Butter	6
Rayon	1
Rebaudiana A	2
Rebaudiana Bertoni	1
Rebaudioside A	105
Recombinant Tgf-Beta 1	1
Recombinant Vegf 165	1
Reconstituted Andronone	4
Recutita Flower Extract	1
Red #17	1
Red #22 Lake	1
Red #33	3
Red #4	1
Red #40	1
Red #7 Lake	2
Red 1	1
Red 17	25
Red 21	44
Red 21 CI 45380	2
Red 21 Lake	24
Red 22	6
Red 22 Lake	45
Red 27	85
Red 27 Al Lake	3
Red 27 Aluminum Lake	1
Red 27 Lake	57
Red 27 Lake CI 45410	1
Red 27 Lake/Ci 45410	1
Red 27/Ci 45410	2
Red 27/Red 27 Lake /Red 28 Lake	2
Red 27/Red 27 Lake/Red 28 Lake	1
Red 28	47
Red 28 Lake	187
Red 28 Lake CI 45410	2
Red 3	2
Red 30	100
Red 30 Lake	94
Red 33	1079
Red 33 CI 17200	5
Red 33 Lake	87
Red 33 Lake CI 17200	1
Red 33/C.I. 17200	5
Red 33/Ci 17200	10
Red 34	1
Red 36	5
Red 36 Lake	5
Red 4	593
Red 4 CI 14700	2
Red 4/Ci 14700	7
Red 40	601
Red 40 CI 16035	1
Red 40 Lake	38
Red 40 Lake/Ci 16035	1
Red 40/Ci 16035	2
Red 5	3
Red 6	211
Red 6 Ba Lake	2
Red 6 Lake	154
Red 6 Lake CI 15850	2
Red 6/Ci 15850	4
Red 6/Red 7/Red 7 Lake	1
Red 7	97
Red 7 Ca Lake	2
Red 7 CI 15850	1
Red 7 Lake	360
Red 7 Lake CI 15850	4
Red 7 Lake/Ci 15850	2
Red Algae Astaxanthin Extract	1
Red Algae Extract	3
Red Australian Clay	1
Red Clover	3
Red Clover Blossom	1
Red Clover Extract	9
Red Clover Extract Infused In Water	1
Red Clover Flower Extract	4
Red Ginseng Extract	4
Red Ginseng Root Extract	1
Red Iron Oxide	21
Red Iron Oxides	1
Red Lake	2
Red Lake 40	1
Red Moroccan Rhassoul Clay	2
Red No 40 Lake	1
Red No 7	1
Red No. 21 Aluminum Lake	1
Red No. 27 Lake	1
Red No. 30	1
Red No. 33	3
Red No. 4	2
Red No. 40 Lake	2
Red No.4 CI 14700	2
Red Oxide CI77491	1
Red Palm Oil	3
Red Peony Root	1
Red Raspberry Extract	2
Red Raspberry Leaf	1
Red Raspberry Seed Oil	9
Red Root TEA	1
Red Seaweed Extract	6
Red Seaweed Plant Collagen	1
Red TEA Extract	3
Red Wine Extract	1
Red Wine Polyphenol	1
Red33	2
Red4	1
Redmond Clay	1
Reetha	1
Refined Aea Certified Emu Oil	1
Refined Almond Oil	2
Refined Coconut Oil	1
Refined Organic Coconut Oil	3
Rehmannia Chinensis Root Extract	22
Rehmannia Glutinosa Root Extract	35
Reishi	2
Reishi Extract	2
Reishi Mushroom	1
Reseda Luteola	1
Resin	1
Resin Propolis Extract	1
Resina Propoli	1
Resina Propoli Extract	1
Resorcinol	7
Resorcinol Acetate	1
Resveratrol	310
Resveratrol Dimethyl Ether	6
Resveratrol Ferment Extract	1
Retinal	113
Retinal Palmitate	2
Retinoic Acid	2
Retinol	1302
Retinol Palmitate	14
Retinol/Saccharomyces Polypeptide	1
Retinols	7
Retinyl Acetate	77
Retinyl Linoleate	32
Retinyl Oleate	1
Retinyl Palmitate	2039
Retinyl Palmitate 0.1	1
Retinyl Palmitate Vitamin A	2
Retinyl Palmitate/Carrot Polypeptide	10
Retinyl Palmitate/Carrot Polypeptide*	1
Retinyl Pamitate	1
Retinyl Propionate	86
Retinyl Propionate^	1
Retinyl Retinoate	13
Retinyl Safô¨Çowerate	1
Retinyl Sunflowerseedate	1
Retinylpalmitate	1
Reverse Osmosis Water	5
Rh-Oligopeptide-1	30
Rh-Oligopeptide-2	2
Rh-Oligopeptide-2 Igf	1
Rh-Polypeptide-1	2
Rh-Polypeptide-11 Fgf	1
Rh-Polypeptide-3	2
Rh-Polypeptide-62	2
Rh-Polypeptide-9	1
Rhamnose	144
Rhaponticum Carthamoides Extract	1
Rhaponticum Carthamoides Root Extract	9
Rhassoul Clay	5
Rhassoul Mud	2
Rhassoul Nude Clay	1
Rheum Palmatum Extract	1
Rheum Palmatum Root Extract	13
Rheum Palmatum Root/Stalk Extract	2
Rheum Rhabarbarum Extract	1
Rheum Rhabarbarum Stalk Extract	4
Rheum Rhaponticum Root Extract	3
Rhizaobian Gum	1
Rhizobian Gum	45
Rhizoma Coptidis	1
Rhizoma Polygoni Cuspidati	1
Rhizophora Mangle Callus Culture Extract	2
Rhodinol	1
Rhodiola Crenulata Root Extract	4
Rhodiola Rosea	2
Rhodiola Rosea Extract	14
Rhodiola Rosea Powder	1
Rhodiola Rosea Root Extract	61
Rhodiola Sachalinensis Extract	1
Rhodochrosite	2
Rhodochrosite Extract	14
Rhododendron Chrysanthum Leaf Extract	6
Rhododendron Ferrugineium Leaf Cell Culture Extract	1
Rhododendron Ferrugineum Cell Culture Extract	1
Rhododendron Ferrugineum Extract	40
Rhododendron Ferrugineum Flower Extract	1
Rhododendron Ferrugineum Leaf Cell Culture	2
Rhododendron Ferrugineum Leaf Cell Culture Extract	23
Rhododendron Ferrugineum Leaf Cell Extract	1
Rhododendron Indicum Flower Extract	2
Rhodomyrtus Tomentosa Fruit Extract	13
Rhodophyceae Extract	1
Rhodosorus Marinus Extract	2
Rhodymenia Palmata Extract	1
Rhubarb Extract	1
Rhubarb Juice	1
Rhubarb Root Extract	2
Rhubus Idaeus Fruit Extract	1
Rhus Glabra Bark Extract	3
Rhus Glabra Bark/Berry/Root Extract	1
Rhus Glabra Extract	6
Rhus Semialata Extract	3
Rhus Semialata Gall Extract	10
Rhus Succedanea Fruit Cera	6
Rhus Succedanea Fruit Wax	16
Rhus Verniciflua Peel Cera	16
Rhus Verniciflua Peel Cera/Rhus Succedanea Fruit Cera	4
Rhus Verniciflua Peel Wax	66
Rhus Verniciflua Peel Wax/Rhus Succedanea Fruit Wax	1
Rhus Verniciflua Peel Wax/Rhus Verniciflua Peel Cera	2
Rhusverniciflua Peel Wax/Cera	1
Rhynchosia Nulubilis Seed Extract	1
Ribes Nigrum	1
Ribes Nigrum Black Currant Seed Oil	6
Ribes Nigrum Bud Extract	24
Ribes Nigrum Bud Oil	3
Ribes Nigrum Extract	1
Ribes Nigrum Fruit	4
Ribes Nigrum Fruit Extract	32
Ribes Nigrum Fruit Oil	1
Ribes Nigrum Fruit Powder	1
Ribes Nigrum Leaf Extract	13
Ribes Nigrum Oil	4
Ribes Nigrum Oil/Black Currant Seed Oil	2
Ribes Nigrum Seed Extract	7
Ribes Nigrum Seed Oil	157
Ribes Nigrum Seed Oil/Black Currant Seed Oil	2
Ribes Rubrum Fruit Extract	10
Riboflavin	100
Ribose	50
Rice	1
Rice Amino Acids	46
Rice Bran	2
Rice Bran Extract	8
Rice Bran Oil	60
Rice Bran Polyglyceryl-3 Esters	1
Rice Bran Wax	7
Rice Extract	12
Rice Ferment Filtrate	42
Rice Flour	1
Rice Germ Oil	1
Rice Milk	2
Rice Milk Extract	1
Rice Oil Glycereth-8 Esters	15
Rice Oligopeptide	1
Rice Peptide	1
Rice Powder	2
Rice Protein	2
Rice Proteins	1
Rice Saponaria Officinalis Leaf Extract	1
Rice Sh-Oligopeptide-1	1
Rice Starch	2
Rice Syrup	1
Rice Water	1
Rice/Sacchromycese Lysate	1
Ricinis Communis Seed Oil	4
Ricinoleth-40	15
Ricinus Communis	17
Ricinus Communis Oil	46
Ricinus Communis Oil / Castor Seed Oil	2
Ricinus Communis Oil/Castor Seed Oil	2
Ricinus Communis Root Extract	2
Ricinus Communis Seed	2
Ricinus Communis Seed Oil	1619
Ricinus Communis Seed Oil / Castor Seed Oil	2
Ricinus Communis Seed Oil*	7
Ricinus Communis Seed Oil/Castor Seed Oil	1
Ricinus Communis Seed Oil/Citrus Medica Limonum Peel Oil/ Litsea Cubeba Fruit Oil	1
Ricinus Communis Seed Oil/Ricinus Communis Seed Oil	23
Ricinus Communis Seed Oil¬∑	1
Rincinus Communis Seed Oil	1
Rissoella Verruculosa Extract	4
Ritha Fruit Pulp 3.0%	1
Rna	14
Ro Filtered Water	1
Roasted Cameroon Cocoa Pods	1
Roasted Cocoa Extract	2
Robinia Pseudoacaia Flower Extract	3
Roman Camomile Oil	1
Roman Chamomile Essential Oil	2
Roman Chamomile Extract	1
Roman Chamomile Flower Water	1
Roman Chamomile Oil	1
Roman Chamomile Water	1
Romarinus Officinalis Leaf Extract	1
Rooibos	3
Rooibos Extract	2
Rooibos Leaf Extract	3
Rooibos TEA Extract	1
Ros I Etract	1
Ros-Marinus Officinalis Leaf Extract	2
Rosa Alba	1
Rosa Alba Distillate	1
Rosa Alba Flower Distillate	1
Rosa Alba Flower Extract	5
Rosa Alba Leaf Cell Extract	11
Rosa Canina	5
Rosa Canina / Rose Flower Oil	7
Rosa Canina Absolute	1
Rosa Canina Bud Extract	2
Rosa Canina Co2	1
Rosa Canina Co2 Extract	3
Rosa Canina Co2*	3
Rosa Canina Extract	16
Rosa Canina Flower Extract	11
Rosa Canina Flower Oil	3
Rosa Canina Fruit Extract	198
Rosa Canina Fruit Extract*	4
Rosa Canina Fruit Extract/Rosa Canina	1
Rosa Canina Fruit Oil	720
Rosa Canina Fruit Oil*	10
Rosa Canina Fruit Seed Oil	1
Rosa Canina Fruit/ Flower Extract	1
Rosa Canina Fruitextract	82
Rosa Canina Leaf Extract	7
Rosa Canina Oil	40
Rosa Canina Seed	4
Rosa Canina Seed Extract	56
Rosa Canina Seed Oil	237
Rosa Canina Seed Oil*	3
Rosa Canina Seed Powder	2
Rosa Centiflora Flower Extract	1
Rosa Centifolia	5
Rosa Centifolia Absolute	1
Rosa Centifolia Bud Extract	1
Rosa Centifolia Essential Oil	1
Rosa Centifolia Extract	7
Rosa Centifolia Extract / Rosa Centifolia Flower Extract	3
Rosa Centifolia Flower	13
Rosa Centifolia Flower Cera	3
Rosa Centifolia Flower Extract	218
Rosa Centifolia Flower Oil	25
Rosa Centifolia Flower Powder	3
Rosa Centifolia Flower Water	139
Rosa Centifolia Flower Wax	15
Rosa Centifolia Leaf Cell Extract	5
Rosa Centifolia Oil	5
Rosa Centifolia Petal Powder	1
Rosa Centifolia Petals	3
Rosa Centifolia Petals*	1
Rosa Centifolia Water/Rosa Centifolia Flower Water	1
Rosa Chinensis Petal Extract	1
Rosa Dam-Ascena Extract	1
Rosa Damascena	11
Rosa Damascena Absolute	5
Rosa Damascena Bud Extract	1
Rosa Damascena Buds	1
Rosa Damascena Callus Culture Extract	1
Rosa Damascena Distillate	15
Rosa Damascena Distillate Water	2
Rosa Damascena Essential Oil	1
Rosa Damascena Extract	157
Rosa Damascena Floral Water	2
Rosa Damascena Flower	8
Rosa Damascena Flower Absolute	1
Rosa Damascena Flower Cera	4
Rosa Damascena Flower Cera / Rosa Damascena Flower Wax	1
Rosa Damascena Flower Distillate	11
Rosa Damascena Flower Distillate*	1
Rosa Damascena Flower Essential Oil	1
Rosa Damascena Flower Extract	168
Rosa Damascena Flower Oil	556
Rosa Damascena Flower Oil*	8
Rosa Damascena Flower Oil**	12
Rosa Damascena Flower Oll	1
Rosa Damascena Flower Powder	1
Rosa Damascena Flower Water	590
Rosa Damascena Flower Water*	1
Rosa Damascena Flower Wax	25
Rosa Damascena Fruit Extract	1
Rosa Damascena Hydrolate	1
Rosa Damascena Hydrosol	1
Rosa Damascena Hydrosol*	1
Rosa Damascena Infusion	1
Rosa Damascena Leaf Cell Extract	10
Rosa Damascena Oil	36
Rosa Damascena Oil*	6
Rosa Damascena Powder	1
Rosa Damascena Rose Flower Oil	2
Rosa Damascena Water	14
Rosa Damascena Water Extract	1
Rosa Damascene Absolute	1
Rosa Damascene Essential Oil	2
Rosa Damascene Flower Extract	1
Rosa Damascene Flower Oil	1
Rosa Damascene Flower Water	3
Rosa Damascene Hydrosol*	1
Rosa Damascene Powder	1
Rosa Damescena Flower Oil	1
Rosa Davurica Bud Extract	1
Rosa Demascena Flower Water	1
Rosa Eglantaria Seed Oil	1
Rosa Eglanteria Oil	1
Rosa Eglanteria Seed Oil	12
Rosa Flower Extract	2
Rosa Flower Oil	3
Rosa Gallic Flower Extract	1
Rosa Gallica	2
Rosa Gallica Extract	1
Rosa Gallica Extract / Rosa Gallica Flower Extract	8
Rosa Gallica Extract/Rosa Gallica Flower Extract	2
Rosa Gallica Flower Extract	71
Rosa Gallica Flower Oil	1
Rosa Gallica Flower Powder	13
Rosa Hybrid Flower Extract	68
Rosa Hybrid Flower Water	1
Rosa Meichibon/Delgramaue Callus	1
Rosa Moschata	1
Rosa Moschata Seed Oil	116
Rosa Mosqueta Fruit Oil	5
Rosa Mosqueta Hip Oil	4
Rosa Mosqueta Oil	10
Rosa Mosqueta Seed Oil	4
Rosa Multiflora Flower Cera	3
Rosa Multiflora Flower Wax	16
Rosa Multiflora Fruit Extract	59
Rosa Multiflora Root Extract	1
Rosa Roxburghii Extract	1
Rosa Roxburghii Fruit Extract	16
Rosa Rubginosa Seed Oil	3
Rosa Rubigenosa Seed Oil	1
Rosa Rubiginosa Fruit Extract	1
Rosa Rubiginosa Fruit Oil	2
Rosa Rubiginosa Oil	5
Rosa Rubiginosa Seed Oil	87
Rosa Rubiginosa Seed Oil*	2
Rosa Rubiginosa Seed Oil¬∑	1
Rosa Rubignosa Seed Oil	1
Rosa Rugosa Callus Culture Extract	1
Rosa Rugosa Extract	4
Rosa Rugosa Flower Bud Oil	1
Rosa Rugosa Flower Extract	30
Rosa Rugosa Flower Oil	14
Rosa Rugosa Flower Water	14
Rosa Rugosa Root Extract	6
Rosa Rugosa Seed Oil	1
Rosa Sp. Petals	1
Rosa Spp / Rose Flower Oil	1
Rosa Spp. Oil	2
Rosa Spp/Rose Flower Oil	6
Rosamarinus Officinalis Extract	2
Rosamarinus Officinalis Leaf Extract	6
Rosarinus Officinalis Leaf Extract	1
Rose	4
Rose Absolute	20
Rose Canina Fruit Oil	3
Rose Centifolia Flower Water	8
Rose Centifolia Flower Wax	1
Rose Clay	2
Rose Damascena Distillate	3
Rose Damascena Flower Extract	1
Rose Damascena Flower Oil	4
Rose Distillate	7
Rose Essential Oil	15
Rose Ether	6
Rose Extract	170
Rose Fiower Oil	1
Rose Flavour	1
Rose Flower Distillate	2
Rose Flower Extract	2
Rose Flower Oil	52
Rose Flower Water	12
Rose Fragrance	2
Rose Fragrance Oil	1
Rose Geranium	2
Rose Geranium Essential Oil	4
Rose Geranium Floral Water*	1
Rose Geranium Flower Water	1
Rose Geranium Hydrosol	4
Rose Geranium Oil	5
Rose Hip	5
Rose Hip Oil	15
Rose Hip Seed Oil	16
Rose Hips	2
Rose Hips Seed Oil	2
Rose Hydrosol	3
Rose Isolates	6
Rose Kaolin Clay	2
Rose Ketones	15
Rose Oil	32
Rose Oil Anatolia	1
Rose Otto Essential Oil	2
Rose Petal	2
Rose Petal Extract	2
Rose Petal Flowers	1
Rose Petal Infusion	2
Rose Petals	6
Rose Quartz Crystals	3
Rose Seed Oil	2
Rose Stem Cells	3
Rose Water	25
Rose Water/Rosa Damascena Flower Water	2
Rose*	1
Rosehip	2
Rosehip Fruit Oil	2
Rosehip Juice	2
Rosehip Oil	57
Rosehip Seed Extract	3
Rosehip Seed Fruit Oil	2
Rosehip Seed Fruit Oil*	2
Rosehip Seed Oil	54
Rosehip Seed Powder	1
Rosemarinus Officials Leaf Oil	1
Rosemarinus Officinalis	7
Rosemarinus Officinalis Extract	5
Rosemarinus Officinalis Leaf Extract	27
Rosemarinus Officinalis Leaf Oil	9
Rosemarinus Officinalis Leaf Water	3
Rosemarinus Officinalis Oil	2
Rosemary	27
Rosemary Antioxidant	1
Rosemary Antioxidant Co2 Extract	2
Rosemary Essential Oil	18
Rosemary Extract	119
Rosemary Extract*	2
Rosemary Leaf	2
Rosemary Leaf Essential Oil	2
Rosemary Leaf Extract	78
Rosemary Leaf Oil	19
Rosemary Leaf Water	1
Rosemary Officinalis Leaf Extract	4
Rosemary Officinalis Leaf Oil	2
Rosemary Officinalis Leaf Oil*	2
Rosemary Oil	24
Rosemary Oil Extract	5
Rosemary Olein Extract	1
Rosemary Oleoresin	7
Rosemary Oleoresin Extract	2
Rosemary Verbone Essential Oil	1
Rosemary Verboone Flower Oil	1
Roseomonas Mucosa	1
Roseomonas Mucosa Rsm2015	1
Roseum	1
Rosewater	9
Rosewater Extract	1
Rosewood Essential Oil	5
Rosewood Essential Oils	1
Rosewood Oil	9
Rosin	2
Rosin / Colophonium / Colophane	2
Rosin/Colophonium/Colophane	4
Rosma Pure Botanical Essence Rosemary Oil	1
Rosmari-Nus Officinalis Leaf Extract	1
Rosmarinic Acid	3
Rosmarinus Leaf Extract	1
Rosmarinus Ocinalis Leaf Extract	5
Rosmarinus Of CINALIS Leaf Oil	2
Rosmarinus Ofcinalis Leaf Extract	1
Rosmarinus Offcinalis Leaf Extract	3
Rosmarinus Offici-Nalis Leaf Essential Oil	1
Rosmarinus Officialis Leaf Extract	2
Rosmarinus Officials Oil	1
Rosmarinus Officinalis	34
Rosmarinus Officinalis Antioxidant	1
Rosmarinus Officinalis Co2 Extract	3
Rosmarinus Officinalis Essential Oil	2
Rosmarinus Officinalis Essential Oils	2
Rosmarinus Officinalis Extract	249
Rosmarinus Officinalis Extract / Rosemary Leaf Extract	2
Rosmarinus Officinalis Flower / Leaf / Stem Water	1
Rosmarinus Officinalis Flower Extract	15
Rosmarinus Officinalis Flower Oil	1
Rosmarinus Officinalis Flower/Leaf/Stem Extract	6
Rosmarinus Officinalis Flower/Leaf/Stem Extract*	2
Rosmarinus Officinalis Flower/Leaf/Stem Oil	4
Rosmarinus Officinalis Leaf	9
Rosmarinus Officinalis Leaf /Flower Water	2
Rosmarinus Officinalis Leaf Essential Oil	1
Rosmarinus Officinalis Leaf Extract	1870
Rosmarinus Officinalis Leaf Extract / Rosemary Leaf Extract	13
Rosmarinus Officinalis Leaf Extract Co2	5
Rosmarinus Officinalis Leaf Extract Essential Oil	1
Rosmarinus Officinalis Leaf Extract Rosemary	1
Rosmarinus Officinalis Leaf Extract*	15
Rosmarinus Officinalis Leaf Extract+	16
Rosmarinus Officinalis Leaf Extract/Rosemary Extract	1
Rosmarinus Officinalis Leaf Extract/Rosemary Leaf Extract	4
Rosmarinus Officinalis Leaf Extract/Rosmarinus Officinalis Leaf Extract	1
Rosmarinus Officinalis Leaf Oil	557
Rosmarinus Officinalis Leaf Oil / Rosemary Leaf Oil	22
Rosmarinus Officinalis Leaf Oil*	3
Rosmarinus Officinalis Leaf Oil/Rosemary Leaf Oil	26
Rosmarinus Officinalis Leaf Powder	3
Rosmarinus Officinalis Leaf Water	40
Rosmarinus Officinalis Leaf*	1
Rosmarinus Officinalis Leaf/Stem Oil	1
Rosmarinus Officinalis Leaf/Stem/Root Extract	1
Rosmarinus Officinalis Oil	37
Rosmarinus Officinalis Oil*	2
Rosmarinus Officinalis Oleoresin	3
Rosmarinus Officinalis Rosemary Extract	1
Rosmarinus Officinalis Rosemary Leaf Extract	4
Rosmarinus Officinalis Verbenone Oil	1
Rosmarinus Officinalis Water	1
Rosmarinus Offinalis Leaf Extract Co2	1
Rosmarinus Offocinalis Leaf Extract	1
Rosmarinyl Glucoside	15
Rosmarius Officianalis Flower Extract	1
Roxide	1
Royal Jelly	61
Royal Jelly Extract	134
Royal Jelly Powder	6
Royal Jelly/Royal Jelly Extract	10
Rspo Sustainable Palm Oil*	2
Rubia Cordifolia	2
Rubia Cordifolia Root Extract	4
Rubia Tinctorum Root Extract	1
Rubus Arcticus Fruit Extract	3
Rubus Chamaemorus Berry Cell Culture	1
Rubus Chamaemorus Fruit Extract	28
Rubus Chamaemorus Fruit Juice Extract	3
Rubus Chamaemorus Fruit Water	7
Rubus Chamaemorus Seed Extract	37
Rubus Chamaemorus Seed Oil	113
Rubus Coreanus Fruit Extract	11
Rubus Ellipiticus Root Extract	1
Rubus Fru-Ticosus Fruit Extract	1
Rubus Fruicosus Fruit	1
Rubus Fruiticosus Leaf Extract	1
Rubus Fruticosis Fruit Extract	1
Rubus Fruticosus	6
Rubus Fruticosus Fruit	2
Rubus Fruticosus Fruit Extract	118
Rubus Fruticosus Fruit Extract*	3
Rubus Fruticosus Fruit Extract/Blackberry Fruit Extract	1
Rubus Fruticosus Fruit Water	1
Rubus Fruticosus Juice	2
Rubus Fruticosus Leaf Extract	30
Rubus Fruticosus Seed	1
Rubus Fruticosus Seed Oil	13
Rubus Idaeus	9
Rubus Idaeus *	2
Rubus Idaeus Aqueous Extract	1
Rubus Idaeus Extract	3
Rubus Idaeus Fruit	14
Rubus Idaeus Fruit Extract	333
Rubus Idaeus Fruit Extract*	3
Rubus Idaeus Fruit Water	3
Rubus Idaeus Juice	34
Rubus Idaeus Leaf Cell Culture	21
Rubus Idaeus Leaf Extract	120
Rubus Idaeus Leaf Extract*	6
Rubus Idaeus Leaf Extract**	1
Rubus Idaeus Leaf Wax	2
Rubus Idaeus Raspberry Seed Oil	1
Rubus Idaeus Seed Extract	6
Rubus Idaeus Seed Juice	1
Rubus Idaeus Seed Oil	237
Rubus Idaeus Seed Oil*	12
Rubus Ideaus Seed Oil	3
Rubus Laciniatus Seed Oil	2
Rubus Ldaeus Fruit Extract	1
Rubus Ldaeus Leafextract	2
Rubus Leucodermis Seed Oil	1
Rubus Occidentalis Fruit Extract	3
Rubus Occidentalis Fruit Juice	1
Rubus Occidentalis Seed Oil	5
Rubus Suavissimus Leaf Extract	11
Rubus Villosus Fruit Extract	9
Rubus Villosus Leaf Extract	3
Rubus Vilosus Extract	1
Rubusidaeus Seed Extract	1
Ruby Crystals	5
Ruby Extract	2
Ruby Powder	24
Rue Extract	1
Rumex Acetosa Leaf Extract	6
Rumex Acetosella Extract	3
Rumex Crispus Root Extract	8
Rumex Occidentalis Extract	25
Ruscogenin	2
Ruscus Aculeatus Extract	7
Ruscus Aculeatus Extract / Ruscus Aculeatus Root Extract	3
Ruscus Aculeatus Root Extract	74
Ruta Graveolens Extract	2
Ruta Graveolens*	1
Rutin	42
Ruttnera Lamellosa Oil	4
Ryoku-Cha Ekisu	1
S-Mu-Conotoxin Cniiic	3
S-Mu-Conotoxin Cniiic Acetate	9
S-Palmitoylglutathione	11
S. Nigra Bark Extract	1
S0Dium Sulfate	1
Sabinene	1
Sabucus Nigra Oil	3
Saccaromyces Ferment	3
Saccarum Officinarum/Sugar Cane Extract/Extrait De Canne A Sucre	1
Saccharide Hydrolysate	56
Saccharide Isoerate	1
Saccharide Isomerate	1015
Saccharin	149
Saccharina Angustata/Undaria Pinnatifida Extract	7
Saccharina Latissima Ferment	2
Saccharina Longicruris Extract	5
Saccharomyces	1
Saccharomyces / Podophyllum Peltatum Ferment Filtrate	2
Saccharomyces Cerevisiae	1
Saccharomyces Cerevisiae Extract	186
Saccharomyces Copper Ferment	2
Saccharomyces Copper Ferment Extract	2
Saccharomyces Extract	1
Saccharomyces Ferment	95
Saccharomyces Ferment Extract	9
Saccharomyces Ferment Filtrate	131
Saccharomyces Ferment Lysate Filtrate	43
Saccharomyces Iron Ferment	1
Saccharomyces Lysate	23
Saccharomyces Lysate Extract	178
Saccharomyces Magnesium Ferment	1
Saccharomyces Manganese Ferment Extract	1
Saccharomyces Polypeptides	7
Saccharomyces Silicon Ferment	1
Saccharomyces Xylinum Black TEA Ferment	6
Saccharomyces Zinc Ferment	1
Saccharomyces/Agave Americana Leaf Ferment Filtrate	1
Saccharomyces/Agave Tequiliana Leaf Ferment Filtrate	1
Saccharomyces/Barley Seed Ferment Filtrate	17
Saccharomyces/Calcium Ferment	37
Saccharomyces/Camellia Sinensis Extract Ferment Filtrate	4
Saccharomyces/Camellia Sinensis Leaf/Cladosiphon Okamuranus/Rice Ferment Filtrate	42
Saccharomyces/Caragana Sinica Root Ferment Extract	2
Saccharomyces/Carrageenan Extract/Sarcodiotheca Gaudichaudii Extract Ferment	1
Saccharomyces/Coix Lacryma-Jobi Ma-Yuen Seed Ferment Filtrate	14
Saccharomyces/Coix Lacryma-Jobi Seed Ferment Filtrate	1
Saccharomyces/Copper Ferment	119
Saccharomyces/Gold Ferment	1
Saccharomyces/Grape Ferment Extract	2
Saccharomyces/Honey Ferment Filtrate	1
Saccharomyces/Imperata Cylindrica Root Ferment Extract	15
Saccharomyces/Iron Ferment	81
Saccharomyces/Laminaria Saccharina Ferment	1
Saccharomyces/Lithospermum Erythrorhizon Root Oil Ferment Filtrate	3
Saccharomyces/Magnesium Ferment	89
Saccharomyces/Magnesium Ferment Hydrolysate	7
Saccharomyces/Malachite Ferment	5
Saccharomyces/Manganese Ferment	17
Saccharomyces/Mother Of Pearl Ferment Lysate Filtrate	1
Saccharomyces/Panax Ginseng Root Ferment Filtrate	1
Saccharomyces/Persimmon Fruit Juice Ferment Extract	2
Saccharomyces/Platinum Ferment	3
Saccharomyces/Potassium Ferment	7
Saccharomyces/Potassium Ferment Hydrolysate	2
Saccharomyces/Potato Extract Ferment Filtrate	18
Saccharomyces/Rice Bran Ferment	3
Saccharomyces/Rice Ferment Filtrate	95
Saccharomyces/Rice Ferment Filtrate Extract	2
Saccharomyces/Sea Salt Ferment	1
Saccharomyces/Sea Silt Ferment	3
Saccharomyces/Selenium Ferment	6
Saccharomyces/Silicon Ferment	81
Saccharomyces/Silicone Ferment	3
Saccharomyces/Snail Secretion Filtrate Ferment Filtrate	1
Saccharomyces/Soy Protein Ferment	1
Saccharomyces/Sugarcane Juice Extract Ferment	1
Saccharomyces/Sugarcane Juice Extract Ferment Extract	1
Saccharomyces/Tourmaline Ferment	4
Saccharomyces/Viscum Album Ferment Extract	15
Saccharomyces/Xylinum Black TEA Ferment	3
Saccharomyces/Xylinum/ Black TEA Ferment	3
Saccharomyces/Xylinum/Black TEA Ferment	165
Saccharomyces/Xylinum/Turmeric Ferment	1
Saccharomyces/Zinc Ferment	117
Saccharomyces/Zinc/Copper/Silicon/Magnesium/Iron Bioferment	1
Saccharomycopsis Ferment Filtrate	5
Saccharomyses Cerevisiae Extract	4
Saccharum Extract	2
Saccharum O CINARUM Extract	2
Saccharum Ocinarum Extract	2
Saccharum Officinalis Extract	1
Saccharum Officinarium Extract	1
Saccharum Officinarum	9
Saccharum Officinarum Extract	576
Saccharum Officinarum Extract / Sugar Cane Extract	8
Saccharum Officinarum Extract / Sugar Cane Extract / Extrait De Canne A Sucre	9
Saccharum Officinarum Extract/Extrait De A Sucre	7
Saccharum Officinarum Extract/Extrait De Canne A Sucre	2
Saccharum Officinarum Extract/Extrait De C√Ånne √Ä Sucre	6
Saccharum Officinarum Extract/Sugar Cane Extract	10
Saccharum Officinarum Extract/Sugarcane Extract	1
Saccharum Officinarum Extract/Sugarcane Extract/Extrait De Canne A Sucre	1
Saccharum Officinarum Juice*	1
Saccharum Officinarum Sugar Cane	3
Saccharum Offinarum Extract	3
Sacchromyces/Copper Ferment	5
Sacharomyces/Copper Ferment	1
Safed Chandan	1
Safflower	3
Safflower Acid	1
Safflower Acids	1
Safflower Carrier Oil	1
Safflower Extract	2
Safflower Glucoside	1
Safflower Glyceride	2
Safflower Glycerides	1
Safflower Oil	45
Safflower Oil / Palm Oil Aminopropanediol Esters	3
Safflower Oil*	1
Safflower Oil/Palm Oil Aminopropanediol Esters	33
Safflower Oleosome	1
Safflower Petal Infusion	1
Safflower Seed Oil	23
Safflower Seed Oil Polyglyceryl-4 Esters	3
Saffron	1
Saffron Crocus Extract	4
Saffron Decoction	1
Sage	16
Sage Essential Oil	3
Sage Extract	9
Sage Leaf Extract	12
Sage Leaf Oil	1
Sage Oil	5
Sake Extract	4
Sake Trx Extract	1
Sal Butter	3
Salicin	1
Salicornia Herbacea Callus Culture Extract	1
Salicornia Herbacea Extract	215
Salicyclic Acid	9
Salicylate Usp	1
Salicylic Acid	2695
Salicylic Acid 0.5%	29
Salicylic Acid 0.6%	1
Salicylic Acid 1%	3
Salicylic Acid 1.5%	3
Salicylic Acid 1.50%	3
Salicylic Acid 2%	36
Salicylic Acid 2.0%	19
Salicylic Acid 5%	1
Salicylic Acid 7%	1
Salicylic Acid Usp	1
Salicylic Acid*	2
Salicylic Acid-1.0%	1
Salicyloyl Phytosphing Sine	1
Salicyloyl Phytosphingosine	73
Salicyolyl Phytosphinogosine	1
Salinicoccus Lysate Filtrate	9
Salix Alba	15
Salix Alba Bark Extract	655
Salix Alba Bark Extract Certified Organic	1
Salix Alba Bark Extract*	1
Salix Alba Bark Extract/Salix Alba Bark Extract	7
Salix Alba Bark Water	18
Salix Alba Extract	36
Salix Alba Leaf Extract	27
Salix Alba/Daphnoides/Fragilis/Purpurea Bark Extract	1
Salix Daphnoides Bud/Leaf/Stem Extract	2
Salix Nigra	2
Salix Nigra Bark Extract	201
Salix Nigra Extract	8
Salix Purpurea Bark Extract	2
Salmon Egg Extract	13
Salt	26
Salt Mine Mud	3
Salt Of Pentetic Acid	1
Salvia Hispanica	1
Salvia Hispanica Oil	8
Salvia Hispanica Seed Extract	85
Salvia Hispanica Seed Extract*	1
Salvia Hispanica Seed Oil	143
Salvia Hispanica Seed Oil*	1
Salvia Hispanica Seed Powder	1
Salvia Lavendulaefolia Oil	1
Salvia Miltiorrhiza Extract	4
Salvia Miltiorrhiza Root Extract	20
Salvia Of CINALIS Oil	1
Salvia Offcinalis Leaf Extract	3
Salvia Officianalis Flower Extract	1
Salvia Officinale Oil	1
Salvia Officinalis	13
Salvia Officinalis Co2*	5
Salvia Officinalis Essential Oils	1
Salvia Officinalis Extract	51
Salvia Officinalis Extract/Sage Leaf Extract	2
Salvia Officinalis Flower/Leaf/Stem Extract	3
Salvia Officinalis Flower/Leaf/Stem Water	4
Salvia Officinalis Leaf	12
Salvia Officinalis Leaf Extract	278
Salvia Officinalis Leaf Extract*	6
Salvia Officinalis Leaf Oil	4
Salvia Officinalis Leaf Powder	1
Salvia Officinalis Leaf Water	4
Salvia Officinalis Oil	139
Salvia Officinalus Leaf Extract	1
Salvia Scalarea	1
Salvia Sclarea	4
Salvia Sclarea Essential Oil	6
Salvia Sclarea Extract	115
Salvia Sclarea Flower Oil	2
Salvia Sclarea Flower/Leaf Oil	2
Salvia Sclarea Flower/Leaf/Stem Extract	2
Salvia Sclarea Oil	241
Salvia Sclarea Oil*	2
Salvia Sclarea Sage Extract	1
Salvia Sclera Essential Oil	1
Salvia Triloba Leaf Extract	5
Salycilates	1
Sambucus	1
Sambucus Caerulea Flower Extract	1
Sambucus Canadensis	4
Sambucus Canadensis Extract	1
Sambucus Canadensis Flower Extract	3
Sambucus Canadensis Flower Extract*	1
Sambucus Canadensis Skin	1
Sambucus Nigra	5
Sambucus Nigra Extract	25
Sambucus Nigra Flower	2
Sambucus Nigra Flower Extract	153
Sambucus Nigra Flower Extract/Sambucus Nigra	2
Sambucus Nigra Flower Oil	2
Sambucus Nigra Flower Powder	1
Sambucus Nigra Flower Water	7
Sambucus Nigra Fruit	1
Sambucus Nigra Fruit Extract	134
Sambucus Nigra Fruit Juice	4
Sambucus Nigra Infusion	2
Sambucus Nigra Oil	10
Sambucus Nigra Seed Oil	28
Sand	9
Sandalwood	5
Sandalwood Compound	1
Sandalwood Essential Oil	4
Sandalwood Essential Oils	2
Sandalwood Extract	4
Sandalwood Oil	27
Sandalwood Powder	2
Sandalwood Root Oil	1
Sandalwood Wood Oil*	3
Sanguine Oil	1
Sanguisorba Officinalis Extract	1
Sanguisorba Officinalis Root Extract	44
Sanicula Europaea Extract	11
Sanicula Europea Extract	1
Santalol	2
Santalum Acuminatum Extract	2
Santalum Acuminatum Fruit Extract	9
Santalum Acuminatum Oil	1
Santalum Album	3
Santalum Album Essential Oil	2
Santalum Album Extract	101
Santalum Album Oil	150
Santalum Album Oil*	3
Santalum Album Seed Oil	2
Santalum Album Wood Extract	43
Santalum Austrocaledonicum Wood Oil	32
Santalum Austrocaledonicum Wood Water	3
Santalum Paniculatum Oil	5
Santalum Spiata Wood Oil	1
Santalum Spicata Oil	4
Santalum Spicata Wood Oil	11
Santalum Spicatum	3
Santalum Spicatum Oil	7
Santalum Spicatum Seed Oil	8
Santalum Spicatum Wood Oil	12
Sapindus Laurifolia	1
Sapindus Mukorossi	1
Sapindus Mukorossi Extract	1
Sapindus Mukorossi Fruit Extract	22
Sapindus Mukorossi Juice	3
Sapindus Mukorossi Peel Extract	17
Sapindus Mukurossi Fruit Extract	9
Sapindus Mukurossi Peel Extract	18
Sapindus Rarak Fruit Extract	2
Sapindus Saponaria Extract	1
Sapindus Trifoliatus Fruit Extract	7
Saponaria Officinalis	2
Saponaria Officinalis Extract	18
Saponaria Officinalis L	1
Saponaria Officinalis Leaf Extract	41
Saponaria Officinalis Leaf/Root Extract	29
Saponaria Officinalis Root Extract	7
Saponaria Pumila Callus Culture Extract	6
Saponified 100 Percent Food-Grade Castor Oil	1
Saponified 100 Percent Food-Grade Coconut Oil	1
Saponified 100 Percent Food-Grade Olive Oil	1
Saponified 100 Percent Food-Grade Palm Oil	1
Saponified 100% Food Grade Castor Oil	1
Saponified 100% Food Grade Coconut Oil	1
Saponified 100% Food Grade Olive	3
Saponified 100% Food Grade Olive Oil	1
Saponified 100% Food Grade Palm Oil	1
Saponified Almond Oil	1
Saponified Argan Oil	3
Saponified Avocado Oil	2
Saponified Butyrospermum Parkii Butter	18
Saponified Butyrospermum Parkii Butter*	2
Saponified Butyrospermum Parkii Fruit	1
Saponified Butyrosperum Parkii Butter	2
Saponified California Olive Oil	1
Saponified Canola Oil	1
Saponified Castor Oil	13
Saponified Certified Organic Extra Virgin Olive Oil	1
Saponified Cocoa Butter	4
Saponified Coconut	13
Saponified Coconut Oil	64
Saponified Coconut Oils	4
Saponified Cocos Nucifera	8
Saponified Cocos Nucifera Oil	17
Saponified Cold Pressed Organic Virgin Coconut Oil	1
Saponified Elaeis Guineensis Kernel Oil	10
Saponified Elaeis Guineensis Oil	1
Saponified Emu Oil	2
Saponified Fresh Turmeric Oil	1
Saponified Glycine Soja Oil	5
Saponified Grape Seed Oil	1
Saponified Grass-Fed Tallow	2
Saponified Helianthus Annuus Seed Oil	1
Saponified Hemp Oil	3
Saponified Jojoba Oil	4
Saponified Macadamia Oil	1
Saponified Mass Balance Sustainable Palm Oil	1
Saponified Neem Oil	2
Saponified Oil Of Coconut	6
Saponified Oil Of Olive	3
Saponified Oil Of Palms	4
Saponified Oil Of Sustainable Palm	5
Saponified Oils Of Avocado	2
Saponified Oils Of Cert Organic Coconut	1
Saponified Oils Of Coconut	11
Saponified Oils Of Cocos Nucifera Oil	4
Saponified Oils Of Lard	1
Saponified Oils Of Olea Europaea Fruit Oil	1
Saponified Oils Of Olive	14
Saponified Oils Of Olives	2
Saponified Oils Of Sustainable Palm	13
Saponified Oils Organic Jojoba	2
Saponified Oils Organic Olive	1
Saponified Oils/Butters Of Plea Europaea	2
Saponified Olea Europa Fruit Oil	2
Saponified Olea Europaea Oil	11
Saponified Olive	3
Saponified Olive Oil	44
Saponified Organic Coconut	2
Saponified Organic Coconut Oil	6
Saponified Organic Cocos Nucifera Oil	1
Saponified Organic Extra Virgin Olive Oil	3
Saponified Organic Olive Oil	5
Saponified Palm	3
Saponified Palm Kernel Oil	3
Saponified Palm Oil	20
Saponified Ricinus Communis Seed Oil	1
Saponified Safflower Oil	1
Saponified Shea Butter	2
Saponified Soy Oil	1
Saponified Sunflower Oil	6
Saponified Sustainable Palm Oil	3
Saponified Tallow	1
Saponified Triple Rendered Pure Native Grass Fed Kansas Beef Tallow	2
Saponified Vegetable Oils	1
Saponins	45
Saponiô¨Åed Butyrospermum Parkii Butter	5
Saponiô¨Åed Butyrospermum Parkii Butter*	1
Saponofied Olive Oil	1
Saposhnikovia Divaricata Root Extract	1
Sapotaceae Multiflora	1
Sapphire Powder	6
Sarcosine	91
Sarcothalia CIRCUMCINCTA	5
Sargassum Filipendula Extract	15
Sargassum Fulvellum Extract	12
Sargassum Fusiforme Extract	6
Sargassum Muticum	1
Sargassum Muticum Extract	6
Sargassum Pacificum Thallus Extract	2
Sargassum Pallidum	1
Sargassum Pallidum Extract	1
Sargassum Vulgare Extract	6
Sargassumfulvellum Extract	1
Sarothamnus Scoparius Extract	1
Sasa Quelpaertensis Extract	6
Sasa Veitchii Extract	2
Satureja Hortensis Extract	2
Sauge Officinale	1
Saururus Chinensis Extract	20
Saururus Chinensis Extract Ferment Filtrate	4
Saururus Chinensis Leaf/Root Extract	1
Saussurea Involucrata Callus Extract	5
Saussurea Involucrata Extract	34
Savia Officinalis Leaf Extract	1
Sawtooth Oak Extract	1
Saxifraga Oppositifolia Extract	1
Saxifraga Sarmentosa Extract	29
Scabiosa Arvensis Extract	6
Scenedesmus Rubescens Extract	21
Schinus Molle	2
Schinus Molle Extract	5
Schinus Molle Oil	6
Schinus Terebinthifolia Seed Extract	6
Schinus Terebinthifolius Fruit Extract	1
Schinus Terebinthifolius Seed Extract	12
Schinziophyton Rautanenii Kernal Oil	1
Schinziophyton Rautanenii Kernel Oil	55
Schinziophyton Rautanenii Kernel Oil*	1
Schinziophyton Rautanenii Seed Oil	5
Schisandra	1
Schisandra Berry	1
Schisandra Chinensis Extract	2
Schisandra Chinensis Fruit Extract	85
Schisandra Chinensis Fruit Powder	1
Schisandra Extract	1
Schisandra Spenanthera Fruit Extract	1
Schisandra Sphenanthera Co2	1
Schisandra Sphenanthera Co2 Fruit Extract	4
Schisandra Sphenanthera Extract	1
Schisandra Sphenanthera Fruit Extract	1
Schizandea Chinensis Fruit Extract	2
Schizandra Chinensis Fruit Extract	47
Schizandra Chinesis Fruit Extract	3
Schizandra Fruit	1
Schizandra Sphenanthera Fruit Extract	1
Schizophyllan	19
Schizosaccharomyces Ferment Filtrate	1
Schizosaccharomyces Pombe Extract	4
Sciadopitys Verticillata Root Extract	4
Sclareol	1
Sclareolide	44
Sclerocarya Bierra Seed Oil	1
Sclerocarya Binea Seed Oi	1
Sclerocarya Birrea	2
Sclerocarya Birrea Kernel Oil	15
Sclerocarya Birrea Kernel Oil*	2
Sclerocarya Birrea Oil	11
Sclerocarya Birrea Seed Butter	14
Sclerocarya Birrea Seed Oil	382
Sclerocarya Birrea Seed Oil*	1
Scleroglucan	1
Sclerorium Gum	1
Sclerotium Guar	1
Sclerotium Gum	929
Scotch Pine Essential Oil	1
Scrophularia Buergeriana Extract	3
Scrophularia Nodosa Extract	7
Scutellana Baicalensis Root Extract	1
Scutellaria Alpina Flower Extract	1
Scutellaria Alpina Flower/Leaf/Stem	1
Scutellaria Alpina Flower/Leaf/Stem Extract	11
Scutellaria Baicalensis Extract	14
Scutellaria Baicalensis Extract / Scutellaria Baicalensis Root Extract	5
Scutellaria Baicalensis Extract/Scutellaria Baicalensis Root Extract	3
Scutellaria Baicalensis Root Extract	545
Scutellaria Balcalensis Root Extract	1
Scutellaria Barbata Extract	1
Scutellaria Galericulata Extract	2
Scutellaria Lateriflora Extract	1
Scutellaria Root Extract	2
Sd Alcohol	13
Sd Alcohol 30	1
Sd Alcohol 36	7
Sd Alcohol 38-B	9
Sd Alcohol 38-B*	1
Sd Alcohol 38B	1
Sd Alcohol 39	1
Sd Alcohol 39-C	2
Sd Alcohol 40	20
Sd Alcohol 40 B	2
Sd Alcohol 40-2	1
Sd Alcohol 40-A	7
Sd Alcohol 40-B	136
Sd Alcohol 40-B/Alcohol Denat	6
Sd Alcohol 40B	19
Sd Alcohol Denat	1
Sd Alcohol-40	1
Sd Ethyl Alcohol	1
Sd-40 Alcohol	2
Sd-Alcohol 40	1
Sda 38B	1
Sda 40	1
Sda Alcohol 40-B	1
Sda-39C Menthol	1
Sea Algae	1
Sea Algae Extract	2
Sea Buckthorn	3
Sea Buckthorn Berry Extract	2
Sea Buckthorn Extract	10
Sea Buckthorn Fruit Extract	4
Sea Buckthorn Fruit Oil	9
Sea Buckthorn Fruit Pulp	1
Sea Buckthorn Oil	18
Sea Buckthorn Oil*	1
Sea Buckthorn Organic Seed Oil	1
Sea Buckthorn Seed Oil	1
Sea Cucumber Extract	1
Sea Fennel Extract	1
Sea Foam Mineral Extract	1
Sea Grass And Wood Essence	1
Sea Kale	1
Sea Kelp	2
Sea Kelp Bioferment	2
Sea Kelp Extract	7
Sea Mineral Complex Sea Minerals	1
Sea Retinol Extract	1
Sea Salt	306
Sea Salt & Water	1
Sea Salt / Maris Sal	2
Sea Salt Aura	2
Sea Salt Essence Fragrance	1
Sea Salt Extract	7
Sea Salt/Maris Sal	3
Sea Salt/Maris Sal/Sel Marin	10
Sea Salt/Sel De Mer	1
Sea Saltmaris	1
Sea Salt\Maris Sal\Sel Marin	36
Sea Samphire Extract	1
Sea Silt	37
Sea Silt Bioferment	1
Sea Silt Extract	24
Sea Spring Water	1
Sea Trace Minerals	1
Sea Water	159
Sea Water Extract	10
Sea Water/Maris Aqua/Eau De Mer	35
Sea Whip Extract	65
Seabuckthorn Berries	1
Seabuckthorn Berry Juice	4
Seabuckthorn Fruit Berry Oil	1
Seabuckthorn Fruit Oil	1
Seabuckthorn Oil	3
Seabuckthorn Seed Extract	1
Seakelp Bioferment	1
Seaweed	2
Seaweed Absolute	5
Seaweed Carrageenan	1
Seaweed Collagen	3
Seaweed Extract	21
Sebacic Acid	15
Secale Cerale Seed Extract	3
Secale Cereale Extract / Rye Seed Extract	2
Secale Cereale Extract/Rye Seed Extract	8
Secale Cereale Seed Extract	50
Secale Cereale Seed Extract/Rye Seed Extract	20
Sedum Purpureum Extract	3
Sedum Sarmentosum Extract	4
Seed Extract	1
Seed Oil	1
Selaginella Extract	1
Selaginella Lepidophylla	1
Selaginella Lepidophylla Extract	57
Selaginella Tamariscina Extract	13
Selenium	3
Selenium Yeast	1
Selenomethionine	2
Sempervivum Juice	1
Sempervivum Tectorum	3
Sempervivum Tectorum Aromatic Extract	1
Sempervivum Tectorum Extract	9
Sempervivum Tectorum Juice	4
Sencha Green TEA	1
Senegal Gum	1
Sepigel 305	3
Sepigel 305‚Ñ¢	1
Seppic Proteol Apl Ef	1
Sequoia Sempervirens Leaf Cell Extract	3
Serenoa Serrulata Extract	2
Serenoa Serrulata Fruit Extract	56
Serica Powder/Silk Powder/Poudre De Soie	1
Serica/Silk Powder/Poudre De Soie	4
Sericin	54
Serine	782
Serum Albumin	1
Sesame Cold Pressed Oil	1
Sesame Oil	33
Sesame Seed Absolute	1
Sesame Seed Extract	2
Sesame Seed Oil	35
Sesame Seed Powder	1
Sesamum Indicum	3
Sesamum Indicum / Sesame Seed Oil	1
Sesamum Indicum Oil	21
Sesamum Indicum Oil / Sesame Seed Oil	1
Sesamum Indicum Oil Unsaponifiables	7
Sesamum Indicum Oil*	3
Sesamum Indicum Seed	1
Sesamum Indicum Seed Extract	77
Sesamum Indicum Seed Oil	597
Sesamum Indicum Seed Oil / Sesame Seed Oil	14
Sesamum Indicum Seed Oil/Sesame Seed Oil	4
Sesamum Indicum Seed Oil/Sesamum Indicum Seed Oil	11
Sesamum Indicum Seed Powder	75
Sesamum Indicum Seeds	1
Sesamum Indicum Sesame Seed	1
Sesamum Indicum Sesame Seed Oil	1
Sesamum Indicum Sesame Seed Powder	1
Sesamum Indium Oil	1
Sesamun Indicum Seed Oil	1
Sesbania Grandiflora Flower Extract	2
Sh Oligopeptide-1	6
Sh Polypeptide 45	1
Sh-Decapeptide-1 Sr-Pineapple Stem Bromelain	1
Sh-Decapeptide-7	6
Sh-Hexapeptide-2	4
Sh-Hexapeptide-9 Sp Acetate	2
Sh-Octapeptide-4	7
Sh-Oligo-Peptide-2	1
Sh-Oligopeptide-1	112
Sh-Oligopeptide-10	1
Sh-Oligopeptide-2	88
Sh-Oligopeptide-4	2
Sh-Oligopeptide-9	5
Sh-Pentapeptide-19	3
Sh-Pentapeptide-35	1
Sh-Pentapeptide-5	2
Sh-Polypeptide-1	92
Sh-Polypeptide-11	59
Sh-Polypeptide-121	28
Sh-Polypeptide-123	5
Sh-Polypeptide-15	1
Sh-Polypeptide-16	1
Sh-Polypeptide-2	7
Sh-Polypeptide-22	20
Sh-Polypeptide-3	3
Sh-Polypeptide-45	14
Sh-Polypeptide-46	2
Sh-Polypeptide-5	1
Sh-Polypeptide-50	16
Sh-Polypeptide-59	1
Sh-Polypeptide-62	2
Sh-Polypeptide-64	2
Sh-Polypeptide-69	1
Sh-Polypeptide-7	4
Sh-Polypeptide-76	1
Sh-Polypeptide-77	3
Sh-Polypeptide-8	15
Sh-Polypeptide-9	75
Shalaparni	1
Shatavari Root	1
Shaved Coconut	1
Shavegrass	1
Shea	1
Shea Butter	397
Shea Butter Butyrospermum Parkii	1
Shea Butter Cetyl Esters	4
Shea Butter Esters	2
Shea Butter Ethyl Esters	145
Shea Butter Extract	24
Shea Butter Fruit	11
Shea Butter Glycereth-8 Esters	7
Shea Butter Glycerides	32
Shea Butter Oil	1
Shea Butter Oleyl Esters	1
Shea Butter Polyglyceryl-6 Esters	3
Shea Butter Refined	1
Shea Butter Unsaponifiables	1
Shea Butter*	3
Shea Butteramidopropyl Betaine	8
Shea Butterate	1
Shea Nut Butter	5
Shea Oil	9
Shea Oleifera Seed Oil	2
Sheep Sorrel	1
Shellac	3
Shiitake Mushroom Extract	1
Shikimic Acid	3
Shisandra Extract	1
Shorea Robusta Butter/Shorea Robusta Seed Butter	8
Shorea Robusta Resin	9
Shorea Robusta Seed Butter	32
Shorea Robusta Seed Oil	2
Shorea Stenoptera Butter	2
Shorea Stenoptera Seed Butter	43
Shungite Water	4
Shyonaka	1
Sicilian Lemon Oil	3
Sicilian Red Mandarin Oil	1
Sideritis Perfoliata Flower/Leaf/ Stem Extract	2
Sideritis Raeseri Flower/Leaf/Stem Extract	2
Sideritis Scardica Flower/Leaf/Stem Extract	2
Sidr	1
Siegesbeckia Extract	1
Siegesbeckia Orientalis Extract	8
Sigesbeckia Orientalis Extract	216
Silane	1
Silanediol Salicylate	7
Silanetriol	123
Silanetriol Trehalose Ether	4
Silica	3444
Silica /Silica	6
Silica Caprylyl Silylate	1
Silica Cetyl Silylate	9
Silica Dimethicone Silylate	2
Silica Dimethyl Silicate	1
Silica Dimethyl Silyate	6
Silica Dimethyl Silylate	339
Silica Dimethyl Silylate / Silica Dimethyl Silylate	3
Silica Dimethylsilylate	5
Silica Silylate	223
Silicate	5
Silicea*	1
Silicon	1
Silicon Dioxide	5
Silicon Oxide	3
Silicone	33
Silicone Dioxide	1
Silicone Oil	3
Silicone Oil 350 Cs	1
Silicone Polyether Copolymer	1
Silicone Quaternium-16	2
Silicone Quaternium-17	1
Silicone Quaternium-22	3
Silicone Quaternium-26	1
Silicone Quaternium-8	1
Silk	13
Silk Amino Acid	8
Silk Amino Acids	74
Silk Extract	3
Silk Peptide	2
Silk Peptides	1
Silk Powder	12
Silk Powder\Serica\Poudre De Soie	2
Silk Protein	4
Silk Protein Amino Acid Blend	1
Silk Protein Amino Acid Blend Of Sodium Pca	1
Silkworm Cocoon Extract	1
Siloxanetriol Alginate	10
Silt	36
Silver	29
Silver Chloride	3
Silver CITRATE	23
Silver Colloidal	11
Silver Dihydrogen CITRATE	6
Silver Fir	1
Silver Hydrosol	1
Silver Ions	1
Silver Oxide	8
Silver Sol 20 Ppm	7
Silybin	6
Silybum Marianum	2
Silybum Marianum Ethyl Ester	28
Silybum Marianum Extract	150
Silybum Marianum Fruit Extract	69
Silybum Marianum Seed	1
Silybum Marianum Seed Extract	21
Silybum Marianum Seed Oil	50
Simethicone	204
Simmodsia Chinensis Seed Oil	1
Simmondisa Chinensis Seed Oil	1
Simmondsia	1
Simmondsia Chinenesis Butter	1
Simmondsia Chinenesis Seed Oil	1
Simmondsia Chinenesis Seed Oil/Simmondsia Chinenesis Seed Oil	6
Simmondsia Chinensis	17
Simmondsia Chinensis Beads	1
Simmondsia Chinensis Butter	41
Simmondsia Chinensis Butter / Jojoba Butter	7
Simmondsia Chinensis Butter/Jojoba Butter	3
Simmondsia Chinensis Esters	52
Simmondsia Chinensis Extract	43
Simmondsia Chinensis Fruit Oil	1
Simmondsia Chinensis Jojoba	1
Simmondsia Chinensis Jojoba Oil	1
Simmondsia Chinensis Jojoba Seed Oil	8
Simmondsia Chinensis Leaf Extract	8
Simmondsia Chinensis Oil	194
Simmondsia Chinensis Oil / Jojoba Seed Oil	1
Simmondsia Chinensis Oil/Jojoba Seed Oil	1
Simmondsia Chinensis Seed	3
Simmondsia Chinensis Seed Extract	51
Simmondsia Chinensis Seed Oi	1
Simmondsia Chinensis Seed Oil	4068
Simmondsia Chinensis Seed Oil / Jojoba Seed Oil	15
Simmondsia Chinensis Seed Oil*	16
Simmondsia Chinensis Seed Oil/Jojoba Seed Oil	6
Simmondsia Chinensis Seed Oil/Simmondsia Chinensis Seed Oil	18
Simmondsia Chinensis Seed Oilu Jojoba Seed Oil	1
Simmondsia Chinensis Seed Powder	6
Simmondsia Chinensis Seed Wax	13
Simmondsia Chinensis Seeds Oil	1
Simmondsia Chinensis Wax	2
Simmondsia Chinensis Wax Beads	1
Simmondsia Chinensis/Jojoba Seed Oil	1
Simmondsia Chineses Seed Oil	3
Simmondsia Chinesis Oil	7
Simmondsia Chinesis Seed Oil	16
Simmonsia Chinensis Seed Oil	1
Simondsia Chinensis Oil	2
Simondsia Chinensis Seed Oil	5
Sinapis Hirta Powder	1
Sine Adipe Lac	9
Sinorhizobium Meliloti Ferment Filtrate	8
Siraitia Grosvenori	1
Siraitia Grosvenorii Extract	2
Siraitia Grosvenorii Extract*	1
Siraitia Grosvenorii Fruit Extract	14
Sirnmondsia Chinensis Seed Oil	1
Sisymbrium Irio Oil	1
Sisymbrium Irio Seed Oil	28
Skeletonema Costatum Extract	2
Skullcap	2
Slcerotium Gum	1
Slica	3
Slippery Elm Bark	3
Slippery Elm Extract	5
SLS	1
Smallanthus Sonchifolius Leaf Extract	1
Smilax Aristolochiaefolia Root Extract	3
Smilax Aristolochiifolia Root Extract	4
Smilax Medica Root Extract	1
Smithsonite Extract	6
Snail Egg Extract	1
Snail Extract	1
Snail Mucin	1
Snail Secretion	1
Snail Secretion Filtrate	155
Snow Mushroom Extract	3
Snow White Petrolatum Base	1
Snowflake Lustre	1
Soamum Melongena Fruit Extract	1
Soapberry Fruit Extract	1
Soaps Of Coconut & Palm	4
Sobitan Olivate	3
Soda Lye	1
Sodidum Metabisulfite	1
Sodium	32
Sodium Acetate	159
Sodium Acetylated Hyaluronate	680
Sodium Acrylate	9
Sodium Acrylate / Sodium Acryloyldimethyl Taurate Copolymer	2
Sodium Acrylate Acryoldimethyltaurate Dimethylacrylamide Crosspolymer	2
Sodium Acrylate Copolymer	2
Sodium Acrylate/ Sodium Acryloyldimethyl Taurate Copolymer	14
Sodium Acrylate/Acryloldimethyltaurate/Dimethylacrylamide Crosspolymer	1
Sodium Acrylate/Acryloyldimethyl Taurate Copolymer	11
Sodium Acrylate/Acryloyldimethyltaurate/Dimethylacrylamide Crosspolymer	20
Sodium Acrylate/Acryloyldimetyltaurate/Dimethylacrylamide Crosspolymer	6
Sodium Acrylate/Sodium Acrylolydimethyl Taurate Copolymer	2
Sodium Acrylate/Sodium Acryloyl Dimethyl Taurate Copolymer	5
Sodium Acrylate/Sodium Acryloyldimethyl Taurate	3
Sodium Acrylate/Sodium Acryloyldimethyl Taurate Copolymer	473
Sodium Acrylate/Sodium Acryloyldimethyl Taurate/Acrylamide Copolymer	3
Sodium Acrylate/Sodium Acryloyldimethyltaurate Copolymer	17
Sodium Acrylate/Vinyl Alcohol Copolymer	2
Sodium Acrylates	1
Sodium Acrylates Copolymer	529
Sodium Acrylates Crosspolymer	2
Sodium Acrylates Crosspolymer-2	63
Sodium Acrylates/ C10-30 Alkyl Acrylates Crosspolymer	1
Sodium Acrylates/Acrylonitrogens Copolymer	11
Sodium Acrylates/Beheneth-25 Methacrylate Crosspolymer	7
Sodium Acrylates/C10-30 Alkyl Acrylate Crosspolymer	20
Sodium Acrylates/Sodium Acryloyldimethyl Taurate Copolymer	3
Sodium Acrylic Acid/Ma Copolymer	9
Sodium Acrylodimethyltaurate	1
Sodium Acryloyldimethyl Taurate Copolymer	16
Sodium Acryloyldimethyltaurate Copolymer	3
Sodium Acryloyldimethyltaurate/Vp Copolymer	1
Sodium Acryloyldimethyltaurate/Vp Crosspolymer	48
Sodium Alfa Olefin Sulfonate	1
Sodium Alginate	27
Sodium Alpha Olefin Sulfonate	10
Sodium Anisate	350
Sodium Arachidate	3
Sodium Ascorbate	112
Sodium Ascorbate Phosphate	1
Sodium Ascorbic Phosphate	3
Sodium Ascorbyl Glucoside	3
Sodium Ascorbyl Palmitate	2
Sodium Ascorbyl Phospate	1
Sodium Ascorbyl Phosphate	1014
Sodium Aspartate	1
Sodium Astrocaryum Murumuruate	12
Sodium Avocadate	4
Sodium Avocadoate	1
Sodium Banzotriazoyl Butylphenol Sulfonate	1
Sodium Beeswax	3
Sodium Behenate	1
Sodium Behenoyl Lactylate	27
Sodium Benozoate	2
Sodium Bensoate	1
Sodium Bentonite	1
Sodium Bentonite Clay	1
Sodium Benzoate	8909
Sodium Benzoate Nf	2
Sodium Benzoate**	2
Sodium Benzoic Acid	1
Sodium Benzonate	10
Sodium Benzote	1
Sodium Benzotriazole Butylphenol Sulfonate	4
Sodium Benzotriazolyl Butylphenol Sulfonate	139
Sodium Beta-Sitosteryl Sulfate	9
Sodium Bicarbonate	284
Sodium Bis-Hydroxyethylglycinate Coco-Glucosides Crosspolymer	1
Sodium Bisulfite	77
Sodium Borate	86
Sodium Borohydride	4
Sodium Butyroyl Hyaluronate	3
Sodium C-14-16 Olefin Sulfonate	3
Sodium C12 14 Olefin Sulfonate	1
Sodium C12-13 Alketh Sulfate	14
Sodium C12-13 Alketh Sulfate And/Or Et/Ou Sodium Laureth Sulfate	27
Sodium C12-13 Pareth Sulfate	76
Sodium C12-14 Olefin Sulfonate	4
Sodium C12-15 Alketh Sulfate	1
Sodium C12-15 Alketh-15 Sulfonate	1
Sodium C12-15 Alkyl Sulfate	2
Sodium C12-15 Pareth Sulfate	1
Sodium C12-15 Pareth-15 Sulfonate	6
Sodium C12-18 Alkyl Sulfate	1
Sodium C14 16 Olefin Sulfonate	6
Sodium C14-15 Olefin Sulfonate	4
Sodium C14-16 Alpha Olefin Sulfonate	8
Sodium C14-16 Olefin Sulfonate	1017
Sodium C14-16 Sulfonate	2
Sodium C14-18 Alpha Sulfonate	1
Sodium C14-18 Olefin Sulfonate	5
Sodium C14-C16 Olefin Sulfonate	16
Sodium C8-10 Alkyl Sulfate	1
Sodium C8-16 Isoalkylsuccinyl Lactoglobulin Sulfonate	3
Sodium Canolate	4
Sodium Caprate	2
Sodium Caprayl Lactylate	1
Sodium Caproyl Methyl Taurate	3
Sodium Caproyl Methyltaurate	12
Sodium Caproyl Prolinate	5
Sodium Caproyl/Lauroyl Lactylate	8
Sodium Caprylate	2
Sodium Capryloamphopropionate	2
Sodium Carbomer	206
Sodium Carbomer 941	3
Sodium Carbonate	186
Sodium Carboxy Methyl Cellulose	6
Sodium Carboxyethylsilanetriol	1
Sodium Carboxymethyl Beta-Glucan	132
Sodium Carboxymethyl Betaglucan	23
Sodium Carboxymethyl C10-16 Alkyl Glucoside	3
Sodium Carboxymethyl Cellulose	2
Sodium Carboxymethyl Dextran	5
Sodium Carboxymethyl Starch	17
Sodium Carboxymethylcellulose	6
Sodium Carrageenan	83
Sodium Caseinate	1
Sodium Castorate	16
Sodium Cetearyl Sulfate	396
Sodium Cetostearyl Sulfate	2
Sodium Cetostearyl Sulphate	7
Sodium Cetyl Phosphate	1
Sodium Cetyl Sulfate	2
Sodium Chioride	7
Sodium Chlorate	1
Sodium Chloride	7437
Sodium Chloride Nacl	1
Sodium Chloride*	2
Sodium Chloride**	1
Sodium Chlorite	1
Sodium Cholate	6
Sodium Choloride	1
Sodium Chondroitin Sul	1
Sodium Chondroitin Sulfate	55
Sodium CITRATE	3599
Sodium CITRATE Dihydrate	2
Sodium CITRATE*	1
Sodium Coca-Sulfate	1
Sodium Cocamidopropyl Pg-Dimonium Chloride Phosphate	16
Sodium Cocamphoacetate	4
Sodium Coceth Sulfate	20
Sodium Coco Fatty Alcohol Sulphate	1
Sodium Coco Pg-Dimonium Chloride Phosphate	25
Sodium Coco Sulfate	72
Sodium Coco Sulphate	3
Sodium Coco-Glucoside Tartrate	14
Sodium Coco-Sulfate	228
Sodium Coco-Sulphate	4
Sodium Cocoa Butterate	7
Sodium Cocoabutteramphoacetate	1
Sodium Cocoampho-Acetate	1
Sodium Cocoamphoacetate	427
Sodium Cocoamphodiacetate	6
Sodium Cocoamphopropionate	1
Sodium Cocoate	670
Sodium Cocoate / Sodium Palm Kernelate	6
Sodium Cocoate /Sodium Palm Kernelate	1
Sodium Cocoate And/Or Sodium Palm Kernelate	34
Sodium Cocoate Oil	3
Sodium Cocoate Or Sodium Palm Kernelate	38
Sodium Cocoate Or/O Sodium Palm Kernelate	3
Sodium Cocoate Or/Ou Sodium Palm Kernelate	2
Sodium Cocoate*	2
Sodium Cocoate/Sodium Palm Kernalate	28
Sodium Cocoate/Sodium Palm Kernelate	10
Sodium Cocoate/Sodium Palmkernelate	2
Sodium Cocoglucoside Tartrate	2
Sodium Cocoglyceryl Ether Sulfonate	26
Sodium Cocomphoacetate	1
Sodium Cocopolyglucoside CITRATE	1
Sodium Cocopolyglucoside Tartrate	1
Sodium Cocosulfate	9
Sodium Cocoyl Alaninate	51
Sodium Cocoyl Amino Acids	26
Sodium Cocoyl Apple Amino Acids	60
Sodium Cocoyl Collagen Amino Acid	4
Sodium Cocoyl Glucamate	1
Sodium Cocoyl Glutamate	532
Sodium Cocoyl Glutamate*	3
Sodium Cocoyl Glycinate	485
Sodium Cocoyl Hydrolized Wheat Protein	1
Sodium Cocoyl Hydrolyzed Amaranth Protein	19
Sodium Cocoyl Hydrolyzed Silk	2
Sodium Cocoyl Hydrolyzed Soy Protein	6
Sodium Cocoyl Hydrolyzed Wheat Protein	1
Sodium Cocoyl Isethionate	862
Sodium Cocoyl Isothionate	1
Sodium Cocoyl Lsethionate	4
Sodium Cocoyl Methyl Isethionate	7
Sodium Cocoyl Methyl Taurate	2
Sodium Cocoyl Rice Amino Acids	1
Sodium Cocoyl Sarcosinate	43
Sodium Cocoyl Sulfoacetate	3
Sodium Cocoyl Taurate	3
Sodium Cocoyl Threoninate	13
Sodium Cocoyl Wheat Amino Acids	3
Sodium Cocoyl/Olivoyl Hydrolyzed Oat/Wheat Protein	3
Sodium Cocoylisethionate	7
Sodium Cocyl Glutamate	1
Sodium Cocyl Isethionate	3
Sodium Copper Chlorophyll	2
Sodium Copper Chlorophyllin	14
Sodium Cottonseedamphoacetate	3
Sodium Decyl Glucosides Hydroxypropylsulfonate	2
Sodium Decylglucosides Hydroxypropylsulfonate	2
Sodium Dehydro-Acetate	1
Sodium Dehydroacetate	1156
Sodium Dehydroacetic Acid	1
Sodium Dehydrogen Phosphate	1
Sodium Dehydroscetate	1
Sodium Deoxycholate	4
Sodium Dermatan Sulfate	3
Sodium Dextran Sulfate	80
Sodium Diatomeae	1
Sodium Dicocoylethylenediamine PEG-15 Sulfate	1
Sodium Diethylenetriamine Pentamethylene Phosphonate	1
Sodium Dihydrogen Phosphate	4
Sodium Dihydrogen Phosphate Dihydrate	1
Sodium Dihydrogen Phosphate Monohydrate	1
Sodium Dihydroxycetyl Phosphate	3
Sodium Dilauramidoglutamide Lysine	86
Sodium Dilinoleate	1
Sodium Dioctyl Sulfosuccinate	4
Sodium Dna	54
Sodium Dodecyl Benzene Sulfonate	1
Sodium Dodecyl Sulfate	8
Sodium Dodecylbenzene Sulfonate	5
Sodium Dodecylbenzenesulfonate	10
Sodium Dodoxynol-40 Sulfate	4
Sodium Edetate	3
Sodium Edta	13
Sodium Ethylhexylglycerin	1
Sodium Ethylparaben	3
Sodium Etridronate	1
Sodium Fatty Acids	1
Sodium Ferrocyanide	7
Sodium Ferrocyanide Decahydrate	1
Sodium Formate	28
Sodium Fullonum	1
Sodium Gluceptate	22
Sodium Gluconate	934
Sodium Glucuronate	31
Sodium Glutamate	9
Sodium Glycerophosphate	14
Sodium Glycerophosphate*	1
Sodium Glycinate	2
Sodium Glycolate	87
Sodium Glycyrrhetinate	1
Sodium Grapeseed Amidopropyl Pg-Dimonium Chloride Phosphate	2
Sodium Guaiazulene Sulfonate	9
Sodium Heparin	2
Sodium Hexametaphosphate	25
Sodium Horoxide	2
Sodium Hyaluro-Nate	10
Sodium Hyaluroate	3
Sodium Hyaluronate	11731
Sodium Hyaluronate Acid	16
Sodium Hyaluronate Butyrate	2
Sodium Hyaluronate Crosspolymer	844
Sodium Hyaluronate Crosspolymer-2	2
Sodium Hyaluronate Crosspolymer-3	4
Sodium Hyaluronate Crosspolymer-4	1
Sodium Hyaluronate Dimethylsilanol	14
Sodium Hyaluronate Gel	1
Sodium Hyaluronic Acid	7
Sodium Hydoxide	1
Sodium Hydrate	2
Sodium Hydraxide	3
Sodium Hydrolyzed Potato Starch Dodecenylsuccinate	60
Sodium Hydrolyzed Protein Starch Dodecenylsuccinate	1
Sodium Hydrowde	1
Sodium Hydrowide	1
Sodium Hydroxide	11284
Sodium Hydroxide Lye	3
Sodium Hydroxide Nf	1
Sodium Hydroxide**	1
Sodium Hydroxyde	4
Sodium Hydroxymethyl Glycinate	1
Sodium Hydroxymethylglycinate	77
Sodium Hydroxypropyl Starch Phosphate	40
Sodium Hydroxypropylphosphate Decylglucoside Crosspolymer	2
Sodium Hydroxypropylphosphate Laurylglucoside Crosspolymer	3
Sodium Hydroxypropylsulfonate Decylglucoside Crosspolymer	10
Sodium Hydroxypropylsulfonate Laurylglucoside Crosspolymer	25
Sodium Hypochlorite	20
Sodium Hyroxide	4
Sodium Isethionate	449
Sodium Isostearate	24
Sodium Isostearoyl Lactylate	35
Sodium Jojobate	1
Sodium L-Hyaluronate	1
Sodium L-Pyrrolidone Carboxylate	1
Sodium Lactale	1
Sodium Lactate	1480
Sodium Lactate Solution	1
Sodium Lactobionate	1
Sodium Laneth-40 Maleate/Styrene Sulfonate Copolymer	1
Sodium Lauerth-5 Sulfate	1
Sodium Lauraoamphoacetate	1
Sodium Laurate	208
Sodium Laurate Sulfate	2
Sodium Laurate/Linoleate/Oleate/Palmitate	14
Sodium Laurel Sulfate	3
Sodium Laurelate	2
Sodium Laureth	2
Sodium Laureth 12 Sulfate	1
Sodium Laureth 13 Carboxylate	2
Sodium Laureth 8 Sulfate	1
Sodium Laureth Ether Sulfate	1
Sodium Laureth Sufate	1
Sodium Laureth Sulfate	1910
Sodium Laureth Sulfate/Sodium C12-13 Pareth Sulfate	5
Sodium Laureth Sulphate	19
Sodium Laureth-12 Sulfate	2
Sodium Laureth-13 Carboxylate	11
Sodium Laureth-5 Carboxylate	1
Sodium Laureth-6 Carboxylate	1
Sodium Laureth-8 Sulfate	11
Sodium Lauriminodipropionate	3
Sodium Lauroampho Pg Acetate Phosphate	2
Sodium Lauroampho Pg-Acetate Phosphate	7
Sodium Lauroamphoacetate	203
Sodium Lauroamphodiacetate	2
Sodium Lauromaphoacetate	1
Sodium Lauroy Sarcosinate	1
Sodium Lauroyl Aspartate	19
Sodium Lauroyl Glutamate	224
Sodium Lauroyl Glycinate	27
Sodium Lauroyl Hydrolyzed Silk	7
Sodium Lauroyl Isethionate	310
Sodium Lauroyl Isethionate*	1
Sodium Lauroyl Lactyale	1
Sodium Lauroyl Lactylate	1142
Sodium Lauroyl Methyl Isethionate	213
Sodium Lauroyl Methyl Lsethionate	2
Sodium Lauroyl Methylalanine	1
Sodium Lauroyl Methylaminopropionate	12
Sodium Lauroyl Oat Amino Acides	1
Sodium Lauroyl Oat Amino Acids	91
Sodium Lauroyl Sacrosinate	2
Sodium Lauroyl Sarcosinate	537
Sodium Lauroyl Sulfoacetate	1
Sodium Lauroyl Wheat Amino Acids	1
Sodium Lauroylsarcosinate	1
Sodium Lauryglucosides Hydroxypropylsulfonate	1
Sodium Lauryl Ether Sulfate	17
Sodium Lauryl Ether S√Úlphate	1
Sodium Lauryl Glucose Carboxylate	171
Sodium Lauryl Glucoside Hydroxypropylsulfonate	2
Sodium Lauryl Glucosides Hydroxypropylsulfonate	2
Sodium Lauryl Glutamate	1
Sodium Lauryl Glycol Carboxylate	8
Sodium Lauryl Lactylate	7
Sodium Lauryl Methyl Isethionate	6
Sodium Lauryl Phosphate	7
Sodium Lauryl Sarcosinate	15
Sodium Lauryl Sulfate	756
Sodium Lauryl Sulfate Nf	4
Sodium Lauryl Sulfate*	1
Sodium Lauryl Sulfates	1
Sodium Lauryl Sulfoacetate	125
Sodium Lauryl Sulphate	3
Sodium Laurylglucosides Hydropropylsulfonate	1
Sodium Laurylglucosides Hydroxypropylsulfonate	67
Sodium Levulinate	559
Sodium Lignosulfonate	1
Sodium Linoleate	3
Sodium Ma/Diisobutylene Copolymer	3
Sodium Magnesium Fluorosilicate	11
Sodium Magnesium Phosphate	1
Sodium Magnesium Silicate	49
Sodium Magnesium Sulfate	1
Sodium Malate	3
Sodium Mangoamphoacetate	1
Sodium Mannose Phosphate	16
Sodium Meta Bisulfite	1
Sodium Meta-Bisulfite	1
Sodium Metabisulfate	1
Sodium Metabisulfite	522
Sodium Metabisulphite	7
Sodium Metaphosphate	125
Sodium Metasilicate	6
Sodium Methyl 2 Sulfolaurate	2
Sodium Methyl 2-Sulfolaurate	182
Sodium Methyl Cocoy Taurate	1
Sodium Methyl Cocoyl Taurate	609
Sodium Methyl Hydroxybenzoate	1
Sodium Methyl Isethionate	11
Sodium Methyl Lauroyl Taurate	33
Sodium Methyl Oleoyl Taurate	75
Sodium Methyl Palmitate Sulfonate	7
Sodium Methyl Parahydroxybenzoate	1
Sodium Methyl Stearoyl Taurate	43
Sodium Methyl-2 Sulfolaurate	4
Sodium Methylparaben	54
Sodium Methyltaurate	10
Sodium Myreth Sulfate	16
Sodium Myristate	40
Sodium Myristate Glutamate	1
Sodium Myristoyl Glutamate	38
Sodium Myristoyl Sarconsinate	2
Sodium Myristoyl Sarcosinate	45
Sodium Myristyl Sulfate	1
Sodium Nitrate	30
Sodium Octyl Sulfate	2
Sodium Oleanolate	3
Sodium Oleate	216
Sodium Oleate Decyl Glucoside Crosspolymer	1
Sodium Olefin Sulfonate	5
Sodium Oleoyl Hyaluronate	2
Sodium Oleoyl Sarcosinate	3
Sodium Oleth Sulfate	7
Sodium Olivamphoacetate	2
Sodium Olivate	131
Sodium Olivate Fruit Oil	3
Sodium Olivate Oil	11
Sodium Olivoyl Glutamate	5
Sodium Olivoyl/Cocoyl Aminoacid	1
Sodium Olivoyl/Cocoyl Aminoacids Fructoside	1
Sodium Olivoyl/Cocoyl Fructoside	1
Sodium Oxide	3
Sodium P-Chloro-M-Cresol	1
Sodium Palm Kemelate	13
Sodium Palm Kernalate	12
Sodium Palm Kernelate	868
Sodium Palm Kernelate And/Or Sodium Cocoate	1
Sodium Palm Kernelate*	2
Sodium Palm Kerneloyl Isethionate	2
Sodium Palm Stearate	1
Sodium Palmate	956
Sodium Palmate And/Or Sodium Tallowate	11
Sodium Palmate Oil	3
Sodium Palmate*	2
Sodium Palmate/Cocoate	2
Sodium Palmate/Sodium Palm Kernelate	5
Sodium Palmitate	109
Sodium Palmitoyl Proline	56
Sodium Palmitoyl Sarcosinate	12
Sodium Palmkernelate	2
Sodium Palmoyl Glutamate	4
Sodium Pantothenate	2
Sodium Pca	1922
Sodium Peanutate	1
Sodium Peanutate*	1
Sodium PEG-4 Cocamide Sulfate	2
Sodium PEG-7 Olive Oil Carboxylate	64
Sodium Phenoxyethanol	4
Sodium Phenylbenzimidazole Sulfonate	3
Sodium Phosphate	322
Sodium Phosphate Dibasic	1
Sodium Phosphate Monobasic	1
Sodium Phytate	1856
Sodium Phytate*	8
Sodium Poly-Acrylate	3
Sodium Polyacrylate	1544
Sodium Polyacrylate Acrylamide Copolymer	1
Sodium Polyacrylate Crosspolymer-1	4
Sodium Polyacrylate Crosspolymer-6	1
Sodium Polyacrylate Starch	152
Sodium Polyacryloyldimethyl Taurate	207
Sodium Polyasparate	1
Sodium Polyaspartate	106
Sodium Polycrylate	2
Sodium Polygamma-Glutamate	8
Sodium Polyglutamate	88
Sodium Polyitaconate	2
Sodium Polymethacrylate	1
Sodium Polynaphthalenesulfonate	1
Sodium Polyphosphate	1
Sodium Polystyrene Sulfonate	72
Sodium Potassium Aluminum Silicate	47
Sodium Propionate	1
Sodium Propoxyhydroxypropyl Thiosulfate Silica	33
Sodium Propoxyhydroxypropyl Thiosulfate Silicia	1
Sodium Propyl Hydroxybenzoate	1
Sodium Propyl Parahydroxybenzoate	1
Sodium Propylparaben	8
Sodium Pvm/Ma Decadiene Crosspolymer	2
Sodium Pyrrolidone Carboxylate	1
Sodium Pyrrolidone Carboxylic Acid	3
Sodium Pyruvate	7
Sodium Rapeseedate	29
Sodium Retinoyl Hyaluronate	2
Sodium Riboflavin Phosphate	10
Sodium Ribonucleic Acid	1
Sodium Ricebranate	1
Sodium Ricinoleate	8
Sodium Rna	79
Sodium Rosinate	8
Sodium Saccharin	135
Sodium Safflowerate	1
Sodium Salicylate	263
Sodium Salt	2
Sodium Salt Of Alkyl Polyglucoside	1
Sodium Salt Of Dodecyl Alcohol	1
Sodium Salts	3
Sodium Sarcosinate	2
Sodium Sesquicarbonate	4
Sodium Shale Oil Sulfonate	2
Sodium Shea Butterate	33
Sodium Shea Butterate*	4
Sodium Silicate	57
Sodium Sorbate	4
Sodium Soy Hydrolyzed Collagen	1
Sodium Stannate	1
Sodium Starch Octenylsuccinate	100
Sodium Steaoryl Lactylate	1
Sodium Stearate	497
Sodium Stearate Se	1
Sodium Stearoyl 2 Lactylate	4
Sodium Stearoyl Glutamate	1014
Sodium Stearoyl Glutamate*	1
Sodium Stearoyl Glutamate**	1
Sodium Stearoyl Hyaluronate	2
Sodium Stearoyl Lactate	1
Sodium Stearoyl Lactylate	496
Sodium Stearoyl Lacylate	1
Sodium Stearoyl-2-Lactylate	6
Sodium Stearyl Glutamate	4
Sodium Stearyl Lactylate	8
Sodium Stearyl Sulfate	1
Sodium Styrene/Acrylates Copolymer	6
Sodium Styrene/Acrylates/Divinylbenzene Copolymer	4
Sodium Styrene/Ma Copolymer	14
Sodium Succinate	26
Sodium Sulfate	422
Sodium Sulfated Hyaluronate	2
Sodium Sulfite	161
Sodium Sulphate	1
Sodium Sulphite	3
Sodium Sunflower Seedate	2
Sodium Sunflowerate	17
Sodium Surfactin	78
Sodium Tallowate	315
Sodium Tallowate Or Sodium Palmitate	38
Sodium Tallowate Or/O Sodium Palmitate	2
Sodium Tallowate Or/Ou Sodium Palmitate	3
Sodium Taurine Cocoyl Methyltaurate	2
Sodium Taurine Laurate	2
Sodium Tetraborate	1
Sodium Tetrahydro Jasmonate	1
Sodium Tetrahydrojasmonate	12
Sodium Thiosulfate	30
Sodium Tocopherol	2
Sodium Tocopheryl Phosphate	32
Sodium Trideceth Sulfate	111
Sodium Triethanolamine	3
Sodium Trimetaphosphate	3
Sodium Tripolyphosphate Anhydrous	1
Sodium Ursolate	4
Sodium Xylene Sulfonate	4
Sodium Xylenesulfonate	34
Sodium Xylenesulphonate	1
Sodium Yaluronate	1
Sodium Zylenesulfonate	1
Sodiumbenzoate	6
Sodiumchloride	3
Sodiumcitrate	2
Sodiumcocoylisethionate	2
Sodiumhyaluronate	13
Sodiumhydroxide	8
Sodiumlauroyl Lactylate	1
Sodiumlauroylisethionate	1
Sodiumphytate	5
Sododecane	1
Soduim Hydroxide	3
Sodum Chloride	1
Sodum Dehydroacetate	2
Sodum Lactate	2
Sodum Pca	3
Soft White Paraffin	1
Soil Minerals	2
Soja Oil	6
Soja Sterols	1
Solanium Lycopersicum Extract	1
Solanum Indicium Fruit Extract	1
Solanum Indicum Root Extract	1
Solanum Lycopersecum Fruit Extract	1
Solanum Lycopersicum Callus Culture Extract	3
Solanum Lycopersicum Extract	40
Solanum Lycopersicum Extract*	1
Solanum Lycopersicum Fruit Extract	102
Solanum Lycopersicum Fruit Lipids	4
Solanum Lycopersicum Fruit/Leaf/Stem	1
Solanum Lycopersicum Fruit/Leaf/Stem Extract	27
Solanum Lycopersicum Fruit/Leaf/Stem Extract*	1
Solanum Lycopersicum Leaf Cell Culture Extract	5
Solanum Lycopersicum Lipids	1
Solanum Lycopersicum Seed Oil	43
Solanum Lyopersicum Fruit Extract	1
Solanum Melongena Cell Extract	1
Solanum Melongena Extract	2
Solanum Melongena Fruit Extract	259
Solanum Melongena Fruitextract	2
Solanum Muricatum Fruit Extract	2
Solanum Tuberosum Juice	1
Solanum Tuberosum Pulp Extract	30
Solanum Tuberosum Root Extract	1
Solanum Tuberosum Starch	9
Solanum Xanthocarpum Extract	1
Solanum Xanthocarpum Root Extract	1
Solar Vitis	4
Soldanella Alpina Extract	1
Soleirolia Soleirolii Extract	1
Solid Paraffin	1
Solidago Virgaurea Extract	29
Solluble Collagen	1
Soluable Collagen	3
Soluble Collagen	306
Soluble Fibroin	2
Soluble Fish Collagen	1
Soluble Hemp Extract	1
Soluble Marine Collagen	2
Soluble Natural Plant Collagen	1
Soluble Oat Beta Glucan	1
Soluble Proteoglycan	22
Soluble Retinyl Palmitate	1
Solulan 98	1
Solum Diatomeae	15
Solum Diatomeae/Diatomaceous Earth	1
Solum Diatomeae/Diatomaceous Earth/Terre De Diatomees	7
Solum Fullonum	4
Solumn Fullonum/Fuller√¢S Earth/Terre √É Foulon	5
Solvent Yellow 29	1
Songyi Mushroom Extract	8
Sooium Metabisulfite	1
Sophora Angustifolia Root Extract	89
Sophora Flavescens Root Extract	31
Sophora Japonica Bud Extract	4
Sophora Japonica Flower Extract	28
Sophora Japonica Fruit Extract	2
Sophora Japonica Root Extract	3
Sorbeth-20 Tetraoleate	1
Sorbeth-230 Tetraoleate	18
Sorbeth-30	2
Sorbeth-30 Tetraceleate	1
Sorbeth-30 Tetraisostearate	22
Sorbeth-30 Tetraoleate	104
Sorbeth-40 Tetraoleate	2
Sorbeth-450 Tristearate	1
Sorbeth-6 Beeswax	1
Sorbeth-60 Tetraoleate	2
Sorbic Acid	1352
Sorbital	3
Sorbitan	9
Sorbitan Caprylate	86
Sorbitan Distearate	3
Sorbitan Isooctadecanoate	1
Sorbitan Isostearate	1634
Sorbitan Isosterate	8
Sorbitan Laurate	277
Sorbitan Monolaurate	3
Sorbitan Monooleate	6
Sorbitan Monostearate	10
Sorbitan Oilivate	1
Sorbitan Oleate	800
Sorbitan Oleate Decyglucoside Crosspolymer	1
Sorbitan Oleate Decylglucoside	2
Sorbitan Oleate Decylglucoside Crosspolymer	104
Sorbitan Olivate	1694
Sorbitan Palmate	3
Sorbitan Palmitate	205
Sorbitan Sesquicaprylate	6
Sorbitan Sesquiisostearate	114
Sorbitan Sesquioleate	302
Sorbitan Sesquisostearate	4
Sorbitan Sesquloleate	1
Sorbitan Stearate	1047
Sorbitan Triolate	3
Sorbitan Trioleate	25
Sorbitan Tristearate	206
Sorbitanoleate	4
Sorbitol	1987
Sorbitol Esters	1
Sorbitol Solution	1
Sorbitol/Sebacic Acid Copolymer Behenate	3
Sorbityl Laurate	18
Sorbus Aucuparia Fruit Extract	1
Sorbus Sibirica Extract	1
Sorghum Bicolor	1
Sorghum Bicolor Leaf/Stem Extract	5
Sorghum Bicolor Stalk Juice	24
Soualane	3
Sour Cherry Juice	4
South Sea Pearl	3
Soy	1
Soy Acid	5
Soy Amino Acid	1
Soy Amino Acids	50
Soy Bean Oil	2
Soy Butter	1
Soy Isoflavones	83
Soy Isoô¨Çavones	1
Soy Lecithin	486
Soy Milk	6
Soy Milk Powder	6
Soy Oil	6
Soy Protein	3
Soy Protein Phthalate	1
Soy Proteins	13
Soy Sterol	1
Soy Sterols	2
Soy Tocopherols	5
Soy Wax	4
Soy Yogurt	1
Soya Bean	1
Soya Bean Oil	3
Soya Oil	2
Soya Sterol	1
Soya Yoghurt	1
Soyamidopropalkonium Chloride	3
Soyamidopropyl Betaine	8
Soyamidopropylamine Oxide	2
Soyamidopropylkonium Chloride	1
Soybean	1
Soybean Extract	2
Soybean Germ Extract	5
Soybean Glycerides	18
Soybean Glycerides**	1
Soybean Oil	42
Soybean Peroxidase	16
Soybean Phytosterols	5
Soybean Protein	4
Soybean Seed Extract	4
Soybean Sterol	2
Soybean Sterols	5
Soybean Wax	1
Soyethyl Morpholinium Ethosulfate	2
Soymilk	6
Soymilk Extract	3
Sparassis Crispa Extract	9
Spathodea Campanulata Flower Extract	1
Spearmint	5
Spearmint Essential Oil	6
Spearmint Essential Oils	1
Spearmint Extract	2
Spearmint Leaf Extract	1
Spearmint Oil	13
Special Fraction Petrolatum	2
Special Petrolatum Fraction	1
Specially Denatured Alcohol	4
Speedwell Extract	1
Spent Grain Wax	9
Spermidine	7
Sphacelaria Scoparia Extract	1
Sphagnum Magellanicum Extract	3
Spherically Milled Organic Oat Flour	1
Sphinganine	11
Sphingolipids	129
Sphingomonas Ferment Extract	59
Sphingomyelin	4
Spike Lavender Oil	2
Spilanthes Acmella Flower Bud Extract	1
Spilanthes Acmella Flower Extract	79
Spilanthes Acmella Flower Extract*	3
Spilanthes Acmella Flower/Leaf/Stem Extract	13
Spilanthes Acmella Fower/Leaf/Stem Extract	2
Spinacea Oleracea Leaf Extract	2
Spinach Extract	1
Spinach Juice	1
Spinacia Oleracea Extract	4
Spinacia Oleracea Extract*	1
Spinacia Oleracea Leaf Extract	76
Spinacia Oleracea Leaf Powder	4
Spiraea Ulmaria Extract	95
Spiraea Ulmaria Flower Extract	45
Spiraea Ulmaria Flower Extract*	2
Spiraea Ulmaria Leaf Extract	4
Spiraea Ulmaria Root Extract	4
Spirea √Úlmaira Leaf Extract	1
Spirodela Polyrhiza Extract	18
Spirucosm	1
Spirulina	31
Spirulina Amino Acids	1
Spirulina Extract	12
Spirulina Maxima Extract	98
Spirulina Maxima Powder	1
Spirulina Maxima Powder Chinese	1
Spirulina Platensis Extract	75
Spirulina Platensis Juice	1
Spirulina Platensis Powder	17
Spirulina Powder	3
Spondias Mombin Pulp Extract	24
Spongilla Lacustris Spicules Extract	2
Sporophorum Extract	1
Spring Water	13
Sprouted Brown Rice Protein Isolate	1
Spruce Essential Oil	1
Spruce Oil	1
Spunlace	1
Squalane	4928
Squalane Oil	22
Squalane Olive	3
Squalane*	2
Squalene	410
Squalene Oil	5
Sr	4
Sr-Hydrozoan Polypeptide 1	4
Sr-Hydrozoan Polypeptide-1	37
Sr-Micreobalance	1
Sr-Spider Polypeptide-1	5
St. John'S Wort	6
St. John'S Wort Extract	3
St. John'S Wort Flower	1
St. John'S Wort Flowering Top	1
St. John'S Wort Herb	2
St. Johns Wort Oil	1
St. John‚Äôs Wort	1
St. John‚Äôs Wort Extract	1
St. John‚Äôs Wort Oil	2
St.John'S Wort Tincture	1
St.John‚Äôs Wort Extract	1
Stabilized Aloe Concentrate	1
Stachys Officialis Extract	1
Stachys Officials Flower/Leaf/Stem Extract	1
Stachys Officinalis Flower/Leaf/Steam Extract	1
Stachys Officinalis Flower/Leaf/Stem Extract	1
Staphylococcus Epidermis	1
Staphylococcus Xylosus	1
Star Anise Oil	1
Starch	7
Starch Acetate	1
Starch Acetate/Adipate	1
Starch Hydroxypropyltrimonium Chloride	7
Starch Octenylsuccinate	1
Starflower Oil	2
Starfruit Extract	2
Steam Distilled CITRUS Aurantifolia Extract	3
Steam Distilled CITRUS Aurantifolia Oil	1
Steam Distilled CITRUS Aurantium Dulcis Oil	1
Steam Distilled CITRUS Aurantium Dulcis Peel Oil	1
Steam Distilled Lime Extract	3
Steam Distilled Water	6
Steanc Acid	2
Steapyrium Chloride	5
Stearalkonium	1
Stearalkonium Bentonite	46
Stearalkonium Chloride	26
Stearalkonium Hectorite	176
Stearamide Amp	354
Stearamide Oxide	2
Stearamidoethyl Diethylamine	2
Stearamidopropyl Dimethylamine	53
Stearamidopropyl Dimethylamine Lactate	4
Stearamidopropyl Pg Dimonium Chloride Phosphate	11
Stearamidopropyl Pg-Dimonium Chloride Phosphate	102
Stearamine	2
Stearate Se	3
Steardimonium Hydroxypropyl Hydrolyzed Wheat Protein	1
Steardimonium Hydroxypropyl Panthenyl PEG-7 Dimethicone Phosphate Chloride	1
Steareth	3
Steareth 100	1
Steareth 2	21
Steareth 20	11
Steareth 21	22
Steareth-10	74
Steareth-10 Allyl Ether/Acrylates Copolymer	1
Steareth-100	50
Steareth-100/Peg-136/Hdi Copolymer	4
Steareth-15	2
Steareth-16	3
Steareth-2	691
Steareth-20	713
Steareth-200	1
Steareth-21	659
Steareth-25	4
Steareth-3	2
Steareth-30	9
Steareth-4	17
Steareth-5	1
Steareth2	1
Stearic Acid	7988
Stearic Acid Ester	1
Stearic Acid Nf	4
Stearic Acid Usp	1
Stearic Acid*	4
Stearic Glyceride	1
Stearicacid	9
Stearique Acide Nf	1
Stearlc Acid	1
Stearlkonium Hectorite	1
Stearoxy Dimethicone	5
Stearoxy Trimethylsilane	1
Stearoxymethicone	1
Stearoxymethicone / Dimethicone Copolymer	3
Stearoxymethicone Dimethicone Copolymer	1
Stearoxymethicone/Dimethicone Copolymer	32
Stearoxytrimethylsilane	63
Stearoyl Glutamate	1
Stearoyl Glutamic Acid	21
Stearoyl Inulin	6
Stearoyl Lactylate	2
Steartrimonium Bromide	5
Steartrimonium Chloride	4
Steartrimonium Methosulfate	7
Steary Alcohol	6
Stearyi Alcohol	1
Stearyl Acetate	3
Stearyl Alcohol	2945
Stearyl Alcohol Nf	27
Stearyl Beeswax	2
Stearyl Behenate	42
Stearyl Benzoate	1
Stearyl Caprylate	27
Stearyl CITRARE	1
Stearyl CITRATE	14
Stearyl Dihydroxypropyldimonium Oligosaccharides	1
Stearyl Dimethicone	65
Stearyl Ethylhexanoate	2
Stearyl Glycynhetinate	1
Stearyl Glycyrrhetinate	139
Stearyl Heptanoate	58
Stearyl Olivate	6
Stearyl Palmitate	5
Stearyl Phosphate	3
Stearyl Stearate	54
Stearyl Stearoyl Stearate	2
Stearyl Triethoxysilane	4
Stearyl/Octyldodecyl CITRATE Crosspolymer	3
Stearyl/Ppg-3 Myristyl Ether Dimer Dilinoleate	1
Stearylalcohol	5
Stearyldimoniumhydroxypropyl Lauryl Glucosides Chloride	1
Stearyldimoniumhydroxypropyl Laurylglucosides Chloride	1
Stearylkonium Hectorite	1
Stellaria Media	2
Stellaria Media Extract	54
Stellaria Media Extract*	2
Stellaria Media Infusion*	3
Stellaria Media Leaf Extract	1
Stellaria Media Oil	1
Stem	1
Stephania Cepharantha Root Extract	2
Stephania Tetrandra Root Extract	4
Stereospermum Suaveolens Root Extract	1
Steric Acid	8
Sterol Esters	2
Steryl Alcohol	4
Stevia Extract	1
Stevia Rebaudiana Extract	82
Stevia Rebaudiana Extract Powder	1
Stevia Rebaudiana Leaf Extract	1
Stevia Rebaudiana Leaf/Stem Extract	126
Stevia Rebaudiana Leaf/Stem Powder	5
Stevioside	56
Stone Apple	3
Stone Crop Extract	1
Stone Crop Juice	6
Stone Crop Plant	1
Stone Crop Pulp	1
Stone Crop*	1
Stonebreaker Powder	1
Strawberry Extract	4
Strawberry Flavor	7
Strawberry Flavors	1
Strawberry Juice	1
Strawberry Leaf Extract	1
Strawberry Oil	2
Strawberry Seed Oil	1
Strelitzia Niacolai Seed Aril Extract	1
Strelitzia Nicolai Seed Aril Extract	14
Strelitzia Reginae Extract	5
Strelitzia Reginae Flower/Leaf Extract	3
Streptococcus Thermophilus Ferment	23
Styrax Benzoin	3
Styrax Benzoin Extract	1
Styrax Benzoin Gum	27
Styrax Benzoin Gum Extract	1
Styrax Benzoin Resin Extract	25
Styrax Benzoin Resin Oil	1
Styrax Japonicus Branch/Fruit/Leaf Extract	4
Styrax Tonkinensis Resin Extract	10
Styrax Tonkinensis Resin Extract*	1
Styrax Tonkinensis Resin Oil	1
Styrax Tonkinesis Plant Resin	1
Styrene	1
Styrene / Acrylates / Ammonium Methacrylate Copolymer	1
Styrene / Acrylates Copolymer	2
Styrene Acrylates Copolymer	5
Styrene Isoprene Styrene Block Copolymer	6
Styrene-Dvb Crosspolymer	1
Styrene/ Acrylates Copolymer	3
Styrene/Acrlates Copolymer	1
Styrene/Acrylamide Copolymer	5
Styrene/Acrylate Copolymer	1
Styrene/Acrylates Copolymer	218
Styrene/Acrylates/Ammonium Methacrylate Copolymer	5
Styrene/Butadiene Copolymer	12
Styrene/Dvb Crosspolymer	2
Styrene/Isoprene Copolymer	30
Styrene/Lsoprene Copolymer	2
Styrene/Stearyl Methacrylate Crosspolymer	8
Styrene/Vp Copolymer	20
Styreneacrylates Copolymer	1
Suberic Acid	2
Subtilisin	36
Succinic Acid	63
Succinite Extract	1
Succinoglycan	118
Sucralose	41
Sucrose	1272
Sucrose Acetate	2
Sucrose Acetate Isobutyrate	10
Sucrose Cocoate	212
Sucrose Cocoate*	2
Sucrose Dilaurate	13
Sucrose Distearate	86
Sucrose Hexaisostearate	1
Sucrose Laurate	125
Sucrose Myristate	3
Sucrose Palmitate	177
Sucrose Pentahydroxystearate	5
Sucrose Poly-Cottonseedate	1
Sucrose Polybehenate	1
Sucrose Polycottonseedate	14
Sucrose Polylaurate	1
Sucrose Polysoyate	1
Sucrose Polystearate	73
Sucrose Stearate	411
Sucrose Tetraisostearate	1
Sucrose Tetrastearate Triacetate	99
Sucrose Trilaurate	3
Sucrose Tristearate	51
Sucrose*	1
Sugandh-Bala	1
Sugar	32
Sugar Cane	4
Sugar Cane Alcohol	5
Sugar Cane Extract	21
Sugar Maple	1
Sugar Maple Extract	13
Sugarcane	1
Sugarcane Extract	3
Sulfated Castor Oil	6
Sulfates	1
Sulfopolyester	1
Sulforaphane	1
Sulfosuccinate	4
Sulfur	103
Sulfur 10%	5
Sulfur 1X Hpus	1
Sulfur 3%	4
Sulfur 4%	1
Sulfur Spring Extract	1
Sulfur Usp	1
Sulfuric Acid	2
Sulisobenzone	2
Sulphur	2
Sulphur 12X Hpus	1
Sunflower	5
Sunflower Extract	9
Sunflower Lecithin	11
Sunflower Oil	149
Sunflower Oil Decyl Esters	1
Sunflower Oil*	3
Sunflower Oleosomes	1
Sunflower Petal Extract	1
Sunflower Seed	1
Sunflower Seed Acid	1
Sunflower Seed Extract	4
Sunflower Seed Oil	247
Sunflower Seed Oil Glyceride	1
Sunflower Seed Oil Glycerides	4
Sunflower Seed Oil PEG-8 Esters	2
Sunflower Seed Oil Polyglyceryl-4 Esters	1
Sunflower Seed Oil Unsaponifiables	2
Sunflower Seed Oil*	1
Sunflower Seed Wax	3
Sunflower Seedcake	5
Sunflower Seeds	4
Sunflower Vitamin E	6
Sunflower Wax	3
Sunflower-Derived Vitamin E	1
Sunflowerseedamidopropyl Ethyldimonium Ethosulfate	12
Super Oxide Dismutase	7
Supercritical Chia Seed	1
Supercritical Chia Seed Oil	5
Superdioxide Dismutase	1
Superoxide Dismutase	270
Sustainable Palm	1
Sustainable Palm Kernel Oil	1
Sustainable Palm Oil	13
Sustainable Palm Saponified Oil	3
Sutilains	2
Sweet Almond	6
Sweet Almond Cold Pressed Oil	1
Sweet Almond Extract	7
Sweet Almond Fruit Extract	2
Sweet Almond Kernel Oil	2
Sweet Almond Oil	87
Sweet Almond Oil Polyglyceryl-6 Esters	4
Sweet Almond Seed Extract	3
Sweet Almond Shell Powder	1
Sweet Almonds Oil	1
Sweet Basil Oil	1
Sweet Orange	3
Sweet Orange Essential Oil	11
Sweet Orange Oil	15
Sweet Orange Peel Extract	2
Sweet Orange Peel Oil	8
Sweet Soy Oil	2
Sweet Violet Extract	1
Sweet Violet Leaf	1
Sweet Wild Orange Oil	3
Swertia Bimaculata Extract	1
Swertia Chirata Extract	41
Swertia Chirata Leaf Extract	10
Swertia Japonica Extract	11
Swertiamarin	1
Swiftlet Nest Extract	6
Swiss Cress Sprout Extract	2
Swiss Green Apple Cell Culture Extract	2
Swiss Green Apple Fruit Cell Culture Extract	1
Symphoricarpos Albus Fruit Extract	1
Symphytum Officinale	10
Symphytum Officinale Callus Culture Extract	19
Symphytum Officinale Extract	36
Symphytum Officinale Extract*	1
Symphytum Officinale Flower Extract	1
Symphytum Officinale Infusion*	4
Symphytum Officinale Leaf	1
Symphytum Officinale Leaf Extract	186
Symphytum Officinale Leaf Extract*	3
Symphytum Officinale Leaf Extract/Symphytum Officinale	2
Symphytum Officinale Leaf Oil	1
Symphytum Officinale Leaf Powder	1
Symphytum Officinale Leaf/Root Extract	5
Symphytum Officinale Rhizome Root Extract	10
Symphytum Officinale Rhizome/Root Extract	10
Symphytum Officinale Root Cell Extract	1
Symphytum Officinale Root Extract	42
Symphytum Officinale Root Powder	1
Symphytum Officinalis	1
Symphytum Officinate Leaf	3
Symphytum O_Cinale Leaf Extract	1
Syn-Tc	1
Synthetic Bees Wax	1
Synthetic Beeswax	247
Synthetic Beeswax/Cera Alba/Cire D'Abeille	1
Synthetic Candelilla Wax	4
Synthetic Cera Alba/Beeswax/Cire D'Abeille	1
Synthetic Florphlogopite	1
Synthetic Fluorophlogogpite	1
Synthetic Fluorophlogopite	4
Synthetic Fluorphlogopite	682
Synthetic Flurophlogopite	2
Synthetic Musk	1
Synthetic Polymer	1
Synthetic Sapphire	12
Synthetic Urea	4
Synthetic Wax	562
Synurus Palmatopinnatifidus Leaf/Stem Extract	1
Syringa Vulgaris Extract	23
Syringa Vulgaris Leaf Cell Culture Extract	24
Syringa Vulgaris Stem Cell Extract	3
Syzygium Aromaticum Essential Oil	1
Syzygium Aromaticum Leaf Powder	1
Syzygium Aromaticum Oil	5
Syzygium Aromaticum Seed Extract	1
Syzygium Australe Fruit Extract	1
Syzygium Jambos Leaf Extract	9
Syzygium Leuhmanii Extract	1
Syzygium Leuhmanii Fruit Extract	6
Syzygium Leuhmannii Fruit Extract	1
Syzygium Luehmannii Fruit Extract	7
Syzygium Luehmannii Fruit Powder	3
Szechwan Lovage Root Extract	2
T Butyl Alcohol	4
T-Butyl Alcohol	475
T-Butylalcohol	4
T36-C5 Melaleuca Oil	2
Tabebuia Heptaphylla Bark Extract	1
Tabebuia Impetiginosa Bark Extract	6
Tagetes Erecta Flower Extract	8
Tagetes Grandulifera	1
Tagetes Minuta Flower Oil	27
Tagetes Oil	4
Tagua Nut Powder	1
Tahitian Sea Water	1
Talc	358
Talcum	1
Tall Oil	5
Tall Oil Acid	1
Tall Oil Sterol	1
Tallow	20
Tallow Acid	108
Tallow Acid*	1
Tallow From Grass Fed Cows	1
Tallow From Organic Grass-Fed Cows	7
Tamanu Oil	16
Tamanu Seed Oil	5
Tamanu Seed Oil*	1
Tamarind Extract	2
Tamarind Seed Extract	2
Tamarindus Indica	4
Tamarindus Indica Extract	33
Tamarindus Indica Fruit Extract	19
Tamarindus Indica Seed	4
Tamarindus Indica Seed Extract	18
Tamarindus Indica Seed Gum	105
Tamarindus Indica Seed Polysaccharide	50
Tamarindus Lndica Fruit Extract	4
Tambourissa Trichophylla Leaf Extract	1
Tanacetum Annum	1
Tanacetum Annum Flower Extract	1
Tanacetum Annuum	1
Tanacetum Annuum Essential Oil	1
Tanacetum Annuum Flower Extract	1
Tanacetum Annuum Flower Oil	49
Tanacetum Annuum Flower/Leaf/Stem Oil	5
Tanacetum Annuum Leaf Oil	7
Tanacetum Annuum Linnaeus	2
Tanacetum Annuum Oil	7
Tanacetum Annuum Stem Oil	1
Tanacetum Vulgare Extract	3
Tanaceum Annum Oil	1
Tanecetum Annuum Oil	4
Tangerine	2
Tangerine Cold Pressed	2
Tangerine Essential Oil	5
Tangerine Essential Oil*	1
Tangerine Leaf Oil	1
Tangerine Oil	14
Tangerine Peel Oil	5
Tannic Acid	20
Tannins	2
Tansy	1
Tapioca	3
Tapioca Flour	1
Tapioca Maltodextrin	3
Tapioca Natural	4
Tapioca Starch	633
Tapioca Starch *	2
Tapioca Starch Modified	1
Tapis Leaf Extract	3
Tara Gum	2
Tara Pod Extract	1
Tara Tree Gum	16
Taraktogenos Kurzii Seed Oil	3
Taraxacum Official Leaf Extract	1
Taraxacum Officinale	4
Taraxacum Officinale Extract	79
Taraxacum Officinale Extract Extract	1
Taraxacum Officinale Flower Extract*	5
Taraxacum Officinale Infusion*	1
Taraxacum Officinale Leaf Extract	22
Taraxacum Officinale Rhizome/Root Extract	6
Taraxacum Officinale Rhizome/Root Extract/Taraxacum Officinale Rhizome/Root Extract	5
Taraxacum Officinale Root Extract	23
Taraxacum Officinale*	2
Taraxacum Officinalis Flower Extract	1
Taraxacum Officiniale Root Powder	1
Taraxacum Platycarpum Extract	3
Taraxasum Officinale Rhyizome/Root Extract	1
Tarchonanthus Camphoratus Oil	1
Tarragon Oil	1
Tartaric Acid	230
Tartrazine	2
Tasmanian Pepper Leaf Extract	1
Tasmanian Pepperberry Extract	1
Tasmanian Sea Kelp Extract	1
Tasmannia Lancelota Fruit Extract	1
Tasmannia Lanceolata Berry Extract	3
Tasmannia Lanceolata Fruit Exract	1
Tasmannia Lanceolata Fruit Extract	28
Tasmannia Lanceolata Fruit/Leaf Extract	29
Tasmannia Lanceolata Leaf Extract	11
Tasmannia Lanceolate Fruit/ Leaf Extract	1
Tauarine	1
Taurine	210
Tazarotene	1
Ta√Çdecyl Taimelutate	1
Tbhq	14
TEA	18
TEA Acrylates/C10-30 Alkyl Acrylate Crosspolymer	2
TEA Cocoate	1
TEA Cocoyl Glutamate	1
TEA Dodecylbenzenesulfonate	1
TEA Extract	1
TEA Lauryl Sulfate	4
TEA Leaf Extract	5
TEA Oleate	1
TEA Stearate	6
TEA Tree	7
TEA Tree Essential Oil	27
TEA Tree Essential Oils	1
TEA Tree Extract	10
TEA Tree Hydrosol	1
TEA Tree Leaf Essential Oil	1
TEA Tree Leaf Extract	3
TEA Tree Leaf Oil	21
TEA Tree Oil	71
TEA Tree Powder	1
TEA-ACRYLATES/C10-30 Alkyl Acrylates Crosspolymer	25
TEA-CARBOMER	5
TEA-COCOYL Alaninate	1
TEA-COCOYL Glutamate	32
TEA-COCOYL Hydrolyzed Collagen	1
TEA-DODECYLBENZENESULFONATE	6
TEA-LACTATE	12
TEA-LAURETH Sulfate	1
TEA-LAUROYL Collagen Amino Acids	3
TEA-LAURYL Sulfate	27
TEA-MYRISTATE	1
TEA-SALICYLATE	2
TEA-STEARATE	13
TEA-SULFATE	2
Tectorum Juice	1
Telopea Speciosissima Flower/Leaf Extract	1
Teobroma Grandiflorum Seed Butter	1
Tephrosia Purpurea Seed Extract	31
Teprenone	26
Terasodium Edta	2
Terephthalylidene Dicamphor Sulfonic Acid	21
Terminalia Arjuna Bark Extract	1
Terminalia Arjuna Extract	24
Terminalia Bellerica Fruit Extract	3
Terminalia Bellerica Fruit Powder	2
Terminalia Catappa Leaf Extract	5
Terminalia Chebula Fruit Extract	24
Terminalia Chebula Fruit Powder	2
Terminalia Ferdinandiana	2
Terminalia Ferdinandiana Extract	5
Terminalia Ferdinandiana Fruit Extract	341
Terminalia Ferdinandiana Juice*	4
Terminalia Ferdinandiana Oil	2
Terminalia Ferdinandiana Seed Oil	20
Terminalia Sericea Extract	3
Terminally Arjuna Bark	1
Terpenes	3
Terpenoids	2
Terpinen-4-Ol Min	1
Terpineol	60
Terpineol Acetate	1
Terpinolene	3
Tert-Butyl Alcohol	2
Tetra Na Edta	1
Tetra Sodium Edta	9
Tetra Sodium Glutamate Diacetate	1
Tetra-Hexyldecyl Ascorbate	1
Tetraacetylphyosphingosine	1
Tetraacetylphytosphingosine	27
Tetrabutyl Ethylidenebisphenol	1
Tetracarboxymethyl Palmitoyl Dipeptide-12	1
Tetradecane	20
Tetradecene	19
Tetradecyl Aminobutyroylvalylaminobutyric Urea	3
Tetradecyl Aminobutyroylvalylaminobutyric Urea Trifluo-Roacetate	1
Tetradecyl Aminobutyroylvalylaminobutyric Urea Trifluoroacetate	109
Tetradecyl Aminobutyroylvaylaminobutyric Urea Trifluoroacetate	1
Tetradecyloctadecyl Stearate	1
Tetradibutyl Pentaerithrityl Hydroxyhydrocinnamate	9
Tetraethylammonium	1
Tetraheryldecyl Ascorbate	1
Tetrahexadecyl Ascorbate	3
Tetrahexydecyl Ascorbate	2
Tetrahexyldecyl Abcorbate	1
Tetrahexyldecyl Asccorbate	1
Tetrahexyldecyl Ascorbate	1257
Tetrahexyldecyl Ascorbate Ester	1
Tetraheyldecyl Ascorbate	1
Tetraheyxyldecyl Ascorbate	2
Tetrahydro Curcuminoids	3
Tetrahydrobisdemethoxydiferuloylmethane	32
Tetrahydrocurcumin	10
Tetrahydrocurcumin Powder	1
Tetrahydrodemethoxydiferuloylmethane	29
Tetrahydrodiferuloylmethane	93
Tetrahydrolinalool	1
Tetrahydropiperine	14
Tetrahydroxypropyl Ethylenediamine	56
Tetrakis Methane	6
Tetramethyl Acetyloctahydronaphthalenes	71
Tetramethyl Hexaphenyl Tetrasiloxane	1
Tetrapeptide-1	7
Tetrapeptide-14	30
Tetrapeptide-16	10
Tetrapeptide-21	93
Tetrapeptide-26	7
Tetrapeptide-3	2
Tetrapeptide-30	21
Tetrapeptide-4	6
Tetrapeptide-5	1
Tetrapeptide-7	3
Tetraphenyl Dimethyl Disiloxane	1
Tetrapotassium Pyrophosphate	1
Tetraselmis Suecica Extract	4
Tetrasodi-Um Edta	1
Tetrasodium Dicarboxymethyl Glutamate	1
Tetrasodium Editronate	6
Tetrasodium Edta	3486
Tetrasodium Edta Dihydrate	1
Tetrasodium Eitidronate	1
Tetrasodium Etdronate	1
Tetrasodium Ethylenediamine Disuccinate	1
Tetrasodium Etidonate	1
Tetrasodium Etidronate	766
Tetrasodium Etioronate	2
Tetrasodium Glda	3
Tetrasodium Glucamate Diacetate	3
Tetrasodium Glutamate	2
Tetrasodium Glutamate Acetate	1
Tetrasodium Glutamate Diaceate	1
Tetrasodium Glutamate Diacetate	1882
Tetrasodium Glutamatediacetate	1
Tetrasodium Iminodisuccinate	57
Tetrasodium Pyrophosphate	59
Tetrasodium Tetracarboxymethyl Naringeninchalone	5
Tetrasodiumedta	3
Tetrasodiumetidronate	2
Tetrasoduim Edta	1
Tetrasodum Edta	1
Tetrhexydecyl Ascorbate	1
Tetrusodium Glutamate Diacetate	1
Thamnolia Vermicularis Leaf Extract	2
Thanaka Extract	1
The Essential Oil Of Centella Asiatica Contains Many Volatile Organic Compounds	1
The Obroma Cacao Seed Butter	1
Thea Sinensis Extract	4
Theanine	25
Theobrama Cacao Seed Butter	4
Theobroama Cacao Seed Butter	1
Theobrom Cacao Seed Butter	2
Theobroma	5
Theobroma Caca Seed Butter	2
Theobroma Cacao	11
Theobroma Cacao / Cocoa Seed Butter	11
Theobroma Cacao Absolute Extract	1
Theobroma Cacao Butter	299
Theobroma Cacao Butter*	3
Theobroma Cacao Cocoa Seed Butter	2
Theobroma Cacao Extract	251
Theobroma Cacao Fruit Powder	18
Theobroma Cacao Husk	1
Theobroma Cacao Leaf Cell Extract	3
Theobroma Cacao Pod Ash	3
Theobroma Cacao Potash	3
Theobroma Cacao Powder	15
Theobroma Cacao Powder/Cocoa Powder	1
Theobroma Cacao Seed	1
Theobroma Cacao Seed Butter	2300
Theobroma Cacao Seed Butter / Cocoa Seed Butter	6
Theobroma Cacao Seed Butter Deodorized	1
Theobroma Cacao Seed Butter Extract	5
Theobroma Cacao Seed Butter*	11
Theobroma Cacao Seed Butter/Cocoa Seed Butter	21
Theobroma Cacao Seed Butter/Theobroma Cacao Seed Butter	98
Theobroma Cacao Seed Extract	159
Theobroma Cacao Seed Oil	2
Theobroma Cacao Seed Paste	1
Theobroma Cacao Seed Powder	2
Theobroma Cacao Seed Powder*	2
Theobroma Cacao Shell Powder	9
Theobroma Cacoa Seed Butter	6
Theobroma Cocao Seed Butter	11
Theobroma Cocoa Butter	3
Theobroma Cocoa Seed Butter	4
Theobroma Grandiflorum	2
Theobroma Grandiflorum Butter	4
Theobroma Grandiflorum Seed Butter	294
Theobroma Grandiflorum Seed Butter*	1
Theobroma Grandiflorum Seed Powder	1
Theobroma Oil	2
Theobroma Seed Butter	3
Theobromacacao Seed Butter*	1
Theobromine	1
Therapeutic Grade Lavender Essential Oil	1
Thermal Mud	1
Thermal Spring Water	4
Thermus Ferment	1
Thermus Thermophillus Ferment	100
Thermus Thermophilus Ferment	6
Thiamin	3
Thiamine	5
Thiamine Diphosphate	16
Thiamine Hci	5
Thiamine Hcl	69
Thiamine Hydrochloride	1
Thiamine Mononitrate	1
Thiamine/Yeast Polypeptide	1
Thiazolylalanine	11
Thioctic Acid	218
Thiodipropionic Acid	20
Thiotaurine	2
Threalose	2
Threhalose	3
Threonine	526
Thriethanolamine	1
Thuja Occidentalis	1
Thuja Occidentalis 6X Hpus	1
Thuja Occidentalis Leaf Extract	21
Thuja Occidentalis Leaf Oil	20
Thuja Occidentalis Oil	7
Thuja Occidentalis*	1
Thuja Occidentals Oil	2
Thuja Orientalis Extract	21
Thuja Orientalis Leaf Extract	4
Thuja Plicata Wood Oil	2
Thujopsis Dolabrata Branch Extract	6
Thuya Occidental Plant Water	1
Thyme	4
Thyme Extract	7
Thyme Flower/Leaf Extract	7
Thyme Flower/Leaf Oil	1
Thyme Leaf Powder	2
Thyme Linalool Essential Oil	1
Thyme Oil	3
Thymine	1
Thymol	19
Thymol Oil	1
Thymol Trimethoxycinnamate	6
Thymosin Beta 4	1
Thymus CITRIODORUS Flower/Leaf Extract	5
Thymus Mastichina Flower Oil	31
Thymus Serpillum Extract	10
Thymus Serpillum Extr√Éct	1
Thymus Serpyllum Extract	42
Thymus Vulgaris	10
Thymus Vulgaris Extract	78
Thymus Vulgaris Extract/Thyme Extract	3
Thymus Vulgaris Flower/Leaf	4
Thymus Vulgaris Flower/Leaf Extract	81
Thymus Vulgaris Flower/Leaf Oil	55
Thymus Vulgaris Flower/Leaf/Stem Extract	3
Thymus Vulgaris Flower/Leaf/Stem Water	1
Thymus Vulgaris Leaf	1
Thymus Vulgaris Leaf Extract	55
Thymus Vulgaris Leaf Oil	4
Thymus Vulgaris Leaf Water	1
Thymus Vulgaris Oil	29
Ti 02	2
Tianium Dioxide	3
Tiare Flower	2
Tiger Grass Complex	1
Tila Condata Flower Extract	1
Tila Cordata Flower Extract	1
Tilia Americana Flower Extract	1
Tilia Cordata	2
Tilia Cordata Blossom Oil	1
Tilia Cordata Extract	10
Tilia Cordata Flower Extract	59
Tilia Cordata Flower Extract*	1
Tilia Cordata Flower TEA	1
Tilia Cordata Flower Water	11
Tilia Cordata Flower/Leaf Extract	1
Tilia Cordata Leaf Extract	1
Tilia Cordata Oil	1
Tilia Cordata Wood Extract	4
Tilia Europaea Flower Extract	14
Tilia Europaea Flower/Leaf Extract	1
Tilia Europaea Leaf & Flower	1
Tilia Europaea Leaf And Flower Extract	3
Tilia Europaea Leaf/Flower Extract	3
Tilia Europaea Oil	1
Tilia Platyphyllos Extract	1
Tilia Platyphyllos Flower Extract	5
Tilia Tomentosa Bud Extract	2
Tilia Tomentosa Extract	1
Tilia Vulgaris Flower Extract	6
Tiliacora Triandra Leaf/Vine Extract	6
Tillandsia Usneoides Extract	1
Timonacic	1
Tin Dioxide	13
Tin Oide	1
Tin Oxide	991
Tin Oxide-Ci 77861	1
Tin Oxides	2
Tinctorius Seed Oil	1
Tincture Of Benzoin	8
Tinospora Cordifolia Root/Stem Extract	2
Tinospora Cordifolia Stem Extract	1
Tipa-Laureth Sulfate	5
Tissue Respiratory Liposomes	1
Titanium	1
Titanium Diaxide	1
Titanium Diokide	1
Titanium Dioxida	1
Titanium Dioxide	5008
Titanium Dioxide / Titanium Dioxide	1
Titanium Dioxide /Ci 77891	1
Titanium Dioxide /Titanium Dioxide	1
Titanium Dioxide 1.14%	1
Titanium Dioxide 2.4%	3
Titanium Dioxide 2.5%	1
Titanium Dioxide 2.9%	3
Titanium Dioxide 3.1%	1
Titanium Dioxide 4.15%	1
Titanium Dioxide 4.2%	1
Titanium Dioxide 4.8%	1
Titanium Dioxide 4.9%	1
Titanium Dioxide 5.3	1
Titanium Dioxide 5.60%	1
Titanium Dioxide 6%	1
Titanium Dioxide 6.1%	1
Titanium Dioxide 6.2%	7
Titanium Dioxide 6.7%	1
Titanium Dioxide 6.77%	1
Titanium Dioxide 6.8%	1
Titanium Dioxide 7.2%	1
Titanium Dioxide 77891	6
Titanium Dioxide CI 77891	34
Titanium Dioxide CI77891	4
Titanium Dioxide Uf	1
Titanium Dioxide-Nano	1
Titanium Dioxide/Ci 77891	35
Titanium Oxide	6
Titanium Oxides	5
Titanium White	2
Titanium/Titanium Dioxide	12
Titianium Dioxide	1
Tmg	1
Toco-Pherol	6
Tocopepheryl Acetate	1
Tocoperyl Acetate	2
Tocopheral	14
Tocopherol	13581
Tocopherol Acetate	225
Tocopherol E	1
Tocopherol Lineoleate	1
Tocopherol Linoleate/Oleate	1
Tocopherol Non-Gmo	1
Tocopherol Oil	12
Tocopherol Oil From Non-Gmo Sunflower	3
Tocopherol Phosphate	1
Tocopherol Vitamin E	6
Tocopherol+	1
Tocopherol/Natural Vitamin E	2
Tocopherol/Tocopheryl Acetate	1
Tocopherols	49
Tocopherols Oil	3
Tocophersolan	15
Tocophery Acetate	21
Tocopheryi Acetate	1
Tocopheryl	39
Tocopheryl Acetat	1
Tocopheryl Acetate	12732
Tocopheryl Acetate *	2
Tocopheryl Acetate **	1
Tocopheryl Acetate 0.1	1
Tocopheryl Acetate Oil	3
Tocopheryl Acetate Vitamin E	4
Tocopheryl Acetate Vitamin E Acetate	1
Tocopheryl Acetate*	4
Tocopheryl Acette	2
Tocopheryl Ferulate	1
Tocopheryl Glucoside	54
Tocopheryl Linoleate	30
Tocopheryl Linoleate/Oleate	38
Tocopheryl Nicotinate	8
Tocopheryl Oleate	1
Tocopheryl Phosphate	4
Tocopheryl Phosphates	2
Tocopheryl Succinate	83
Tocopheryl Vitamin E	2
Tocopherylacetate	22
Tocopheyl Acetate	5
Tocophyeryl Acetate	1
Tocotreinol	1
Tocotrienol	22
Tocotrienols	167
Tocpherol	2
Tolnaftate	2
Toluene Sulfonic Acid	15
Tomato Extract	4
Tomato Juice	2
Tonka Absolute	8
Topaz	1
Torreya Nucifera Seed Oil	6
Torula Oil	2
Totarol	45
Totarol Leptospermfum Scoparium Oil	2
Toumaline	1
Tourmaline	68
Trametes Versicolor Extract	30
Trametes Versicolor Mushroom Extract	1
Tranexama Acid	1
Tranexamic Acid	214
Tranexamoyl Dipeptide-23	2
Trans-2-Hexenal	2
Trans-Resveratrol	3
Trans-Resveratrol*	1
Tree Nuts	8
Tree Of Heaven Bark Extract	1
Treemoss Extract	3
Trehalose	1815
Tremella Fuciformic Sporocarp Extract	1
Tremella Fuciformis	2
Tremella Fuciformis Extract	142
Tremella Fuciformis Polysaccharide	125
Tremella Fuciformis Sporocarp Extract	230
Tremella Fuciformis Sporocarp Extract*	2
Tremella Funciformis Sporocarp	1
Tremella Mushroom Extract	2
Trethylhexanoin	1
Tretinoin	3
Tri CITRATE	1
Tri Hydrogenated Trilinoleate	7
Tri Sodium CITRIATE Dihydrate	1
Tri-C12-13 Alkyl CITRATE	1
Tri-C12-15 Alkyl Benzoate	1
Tri-C14-15 Alkyl CITRATE	4
Triacetin	138
Triacontanyl Pvp	36
Tribehenin	599
Tribehenin PEG-20 Esters	13
Tribehenin**	1
Tribhenin	1
Tribulus Terrestris Extract	1
Tribulus Terrestris Root Extract	1
Tributyi CITRATE	1
Tributyl CITRATE	34
Tricalcium CITRATE Tetrahydrate	1
Tricalcium Phosphate	6
Tricaprin	4
Tricaprylin	91
Tricaprylyl CITRATE	6
Triceteareth-4 Phosphate	19
Trichilia Emetica Seed Butter	15
Trichilia Emetica Seed Oil	2
Trichilla Emetica Seed Butter	1
Trichloroacetic Acid	10
Tricholoma Matsutake Extract	30
Tricholoma Matsutake Mycelium Ferment Extract	2
Tricholoma Matsutake Singer Extract	7
Trichosanthes Kirilowii Fruit Extract	3
Trichosanthes Kirilowii Root Extract	6
Triclocarban	5
Triclocarban 0.30%	3
Triclosan	47
Triclosan 0.15%	1
Triclosan 0.3%	6
Tricontanyl Pvp	3
Tricyclodecenyl Propionate	2
Tridecane	215
Tridecapeptide-1	13
Trideceth 6	2
Trideceth-10	55
Trideceth-12	24
Trideceth-13	1
Trideceth-15	3
Trideceth-2 Carboxamide MEA	1
Trideceth-3	19
Trideceth-5	2
Trideceth-6	260
Trideceth-6 Phosphate	39
Trideceth-8	3
Trideceth-9	85
Trideceth-I0	2
Trideceth10	1
Tridecetn-10	1
Tridecyl Alcohol	2
Tridecyl Isononanoate	1
Tridecyl Neopentanoate	5
Tridecyl Salicylate	23
Tridecyl Stearate	107
Tridecyl Trimelitate	5
Tridecyl Trimellitate	280
Triethanoamine	1
Triethanol Amine	5
Triethanolamine	3107
Triethanolamine Disodium Edta	2
Triethanolomine	1
Triethaxycaprylylsilane	1
Triethelose	1
Triethoxy Caprylylsilane	1
Triethoxyca-Prylylsilane	1
Triethoxycaprylsilane	4
Triethoxycaprylylsilane	503
Triethoxycaprylysilane	5
Triethoxysilylethyl Polydimethylsiloxyethyl Dimethicone	16
Triethoxysilylethyl Polydimethylsiloxyethyl Hexyl Dimethicone	31
Triethyl CITRATE	542
Triethylamine	1
Triethylcitrate	1
Triethylene Glycol	613
Triethylhexanoin	300
Triethylhexyl CITRATE	3
Triethylhexyl Trimellitate	1
Triettylene Giycol	1
Trifluoracetyl Tripeptide 2	2
Trifluoroacetyl Tripeptide	1
Trifluoroacetyl Tripeptide-2	67
Trifluoromethyl C1-4 Alkyl Dimethicone	1
Trifluoropropyldimethyl/Trimethylsiloxysilicate	3
Trifolium Incarnatum Extract	1
Trifolium Pratens	1
Trifolium Pratense Extract	17
Trifolium Pratense Flower	3
Trifolium Pratense Flower Extract	125
Trifolium Pratense Flower Extract*	2
Trifolium Pratense Leaf Extract	8
Trifolium Pratense Sprout Extract	2
Triglyceride	8
Triglycerides	3
Triglycerides Of Caprylic/Capric Acid	2
Trigonella Foenum Graecum Extract	2
Trigonella Foenum Graecum Seed Extract	1
Trigonella Foenum-Graecum Seed Extract	7
Trihebehin PEG-20 Esters	17
Triheptanoin	204
Trihydroxypalmitamidohydroxypropyl Myristyl Ether	4
Trihydroxystearin	248
Triisocetyl CITRATE	2
Triisodecyl Trimellitate	9
Triisononanoin	25
Triisopropanolamine	8
Triisostearin	91
Triisostearin PEG-6 Esters	1
Triisostearoyl Polyglyceryl-3 Dimer Dilinoleate	2
Triisostearyl CITRATE	19
Triisotridecyl Trimellitate	1
Trilaureth-4 Phosphate	20
Trilaurin	4
Trilineolin	1
Trilinolein	8
Triloxane	1
Trilsostearin	1
Trimethoxybenzylidene Pentanedione	2
Trimethoxycaprylylsilane	4
Trimethyl Dodecatrienol	1
Trimethyl Pentaphenyl Trisiloxane	20
Trimethylbenzenepropanol	8
Trimethylcyclohexyl Butylcarbamate	6
Trimethylolpropane	2
Trimethylolpropane Tricaprylate/Tricaprate	29
Trimethylolpropane Triethylhexanoate	20
Trimethylolpropane Triisostearate	46
Trimethylolpropane Triisosteareate	4
Trimethylolpropane Trisostearate	3
Trimethylpentanediol/Adipic Acid Copolymer	9
Trimethylpentanediol/Adipic Acid/Glycerin Crosspolymer	21
Trimethylpropane Triethylhexanoate	1
Trimethylsiloxy Silicate	1
Trimethylsiloxyamodimethicone	3
Trimethylsiloxyphenyl Dimethicone	6
Trimethylsiloxysilicate	204
Trimethylsiloxysilicate/Dimethiconol Crosspolymer	4
Trimethylsiloxysilylcarbamoyl Pullulan	2
Trimethysiloxysilicate	3
Trioctldodecyl CITRATE	1
Trioctyldodecyl CITRATE	26
Triolein	140
Trioxaundecanedioic Acid	4
Tripelargonin	3
Tripeptide 29	2
Tripeptide-1	184
Tripeptide-1 Acetate	2
Tripeptide-1 Copper Acetate	2
Tripeptide-10	2
Tripeptide-10 CITRULLINE	30
Tripeptide-2	2
Tripeptide-29	28
Tripeptide-3	13
Tripeptide-32	32
Tripeptide-41	1
Tripeptide-9 CITRULLINE	2
Tripeptide1	3
Triphala Powder Amla	1
Triple Peptide Blend	2
Tripleurospermum Maritima Extract	2
Tripleurospermum Maritimum Extract	21
Tripotassium CITRATE	1
Tripropylene Glycol	15
Tripropylene Glycol N-Butyl Ether	1
Tripterygium Wilfordii Callus Extract	1
Tris	1
Tris CITRATE	53
Tris Hcl	1
Tris Phospahte	1
Tris-Bht Mesitylene	2
Tris-Biphenyl Triazine	2
Trisiloxane	201
Trisodium Ascorbyl Palmitate Phosphate	4
Trisodium CITRATE	1
Trisodium CITRATE Dihydrate	3
Trisodium Dicarboxymethyl Alaniate	2
Trisodium Dicarboxymethyl Alaninate	7
Trisodium Edta	466
Trisodium Ethylene Diamine Disuccinate	1
Trisodium Ethylenediamine Discuccinate	1
Trisodium Ethylenediamine Disuccinate	1317
Trisodium Etidronate	1
Trisodium Hedta	19
Trisodium Nta	3
Trisodium Phosphate	7
Trisodium Phosphate Dodecahydrate	1
Trisodium Sulfoccinate	1
Trisodium Sulfosuccinate	11
Trisostearin	4
Tristearin	7
Trithanolamine	1
Triticum Aestivum Germ Oil	2
Triticum Aestivum Leaf Extract	3
Triticum Aestivum Leaf Powder	1
Triticum Aestivum Oil	1
Triticum Aestivum Peptide	1
Triticum Aestivum Seed Extract	2
Triticum Aestivum Vulgare	1
Triticum Vulgare	7
Triticum Vulgare Amino Acids	1
Triticum Vulgare Bran	7
Triticum Vulgare Bran / Wheat Bran	1
Triticum Vulgare Bran Extract	58
Triticum Vulgare Extract	26
Triticum Vulgare Flour Extract	1
Triticum Vulgare Flour Lipids	10
Triticum Vulgare Gem Extract	1
Triticum Vulgare Germ Extract	174
Triticum Vulgare Germ Oil	319
Triticum Vulgare Germ Oil Unsaponifiables	21
Triticum Vulgare Germ Oil*	1
Triticum Vulgare Germ Oil/Triticum Vulgare Germ Oil	5
Triticum Vulgare Germ Oil/Wheat Germ Oil	3
Triticum Vulgare Germ Protein	1
Triticum Vulgare Gluten	3
Triticum Vulgare Juice	1
Triticum Vulgare Oil	20
Triticum Vulgare Protein	1
Triticum Vulgare Seed Extract	15
Triticum Vulgare Sprout Extract	8
Triticum Vulgare Starch	27
Triticum Vulgare Starch/Triticum Vulgare Starch	2
Triticum Vulgare Wheat Germ Oil	1
Triticum Vulgare/Aestivum Grain Extract	1
Triticumvulgare Extract	1
Tritium Vulgare Germ Oil	1
Triundecanoin	4
Trolamine	18
Trometamol	2
Tromethamine	1482
Tromethamine Stearate	4
Tropaeolum Magus Extract	4
Tropaeolum Majus Extract	33
Tropaeolum Majus Flower/Leaf/Stem Extract	58
Troplone	2
Tropolone	156
Troxerutin	16
Tryptonosine Phosphate	1
Tryptophan	36
Tsuga Camadensis Oil	1
Tsuga Canadensis Leaf Oil	3
Tsuga Canadensis Oil	2
Tuber Aestivum Extract	16
Tuber Magnatum Extract	25
Tuber Melanosporum Extract	28
Tuber Melansporum Extract	3
Tulipa Gesneriana Flower Extract	4
Tulipa Gesneriana/Kaufmanniana Meristem Cell Lysate Filtrate Extract	1
Tulipa Hybrid Flower Extract	3
Tulipa Hybrid Meristem Cell Extract	3
Tulsi Compound	1
Tulsi Extract	6
Tumera Diffusa Leaf Extract	1
Tunica Granatum Seed Oil	1
Turmeric	22
Turmeric Butter	1
Turmeric Extract	8
Turmeric Hydrosol	1
Turmeric Powder	4
Turmeric Root Extract	23
Turmeric Root Oil	7
Turnera Aphrodisiaca Leaf Extract	3
Turnera Ulmifolia Flower And Leaf Oil	1
Turpentine	1
Tussilago Farfara	2
Tussilago Farfara Flower Extract	4
Tussilago Farfara Flower/Leaf Extract	1
Tussilago Farfara Leaf Extract	11
Tween 20	3
Tyramine Hcl	1
Tyrosine	153
Ubidecarenone	1
Ubiquinone	758
Ubiquinone Coenzyme Q	1
Ugni Molinae Leaf Extract	4
Ulex Europaeus Extract	1
Ulex Europaeus Flower Extract	1
Ulex Europaeus Leaf/Root/Stem Extract	5
Ulmus Campestris Bark Extract	4
Ulmus Campestris Extract	3
Ulmus Davidiana Root Extract	103
Ulmus Fulva Bark Extract	6
Ulmus Fulva Extract	1
Ulmus Rubra Bark Extract	1
Ulmus Rubra Extract	1
Ultra-Pure Deionized Water	1
Ultramarine	9
Ultramarine Blue	14
Ultramarines	257
Ultramarines/Ci 77007	2
Ultrapurified Lanolin Oil	1
Ulva Lactuca Extract	39
Ulva Pertusa Extract	1
Umber Iron Oxide Green Color	1
Umonene	7
Uncaria Gambir Extract	17
Uncaria Tomentosa Extract	10
Uncoated Zinc Oxide	1
Undaria Extract	1
Undaria Pinnatida Extract	1
Undaria Pinnatifda Extract	1
Undaria Pinnatifida Bioferment	1
Undaria Pinnatifida Cell Culture Extract	9
Undaria Pinnatifida Extract	234
Undaria Pinnatifida Powder	5
Undecane	214
Undecanedioic Acid	2
Undeceth-11	2
Undeceth-5	2
Undeceth-7	1
Undeceylenacylamidopropyl Timethyl Ammonium Methosulfate	1
Undecyl Alcohol	6
Undecylcrylene Dimethicone	6
Undecylenic Acid	14
Undecylenic Glycerides	4
Undecylenoyl Glycine	57
Undecylenoyl Phenylalanine	34
Unrefined Beeswax	5
Unrefined Cocoa Butter	1
Unrefined Hempseed Oil	3
Unrefined Mango Butter	1
Unrefined Olive Oil	1
Unrefined Organic Virgin Coconut Oil	1
Unrefined Organic Vitellaria Paradoxa Butter	1
Unrefined Raw Shea Butter	1
Unrefined Sclerocarya Birrea Kernel Oil	1
Unrefined Shea Butter	3
Unrefined Shea Nut Butter	1
Unsaponifiables Sedum Purpureum Extract	1
Unsea Spp	1
Unshiu Peel Extract	1
Uracil	6
Uraria Picta Root Extract	1
Urea	1366
Urea 22%	1
Urea Acid	1
Urea Peroxide	1
Urea Usp	1
Uric Acid	1
Urolithin A	7
Urosolic Acid	1
Ursolic Acid	30
Urtica Dioca Leaf Extract	2
Urtica Diocia Leaf Powder*	1
Urtica Dioica	2
Urtica Dioica / Nettle Extract	1
Urtica Dioica Extract	75
Urtica Dioica Extract*	1
Urtica Dioica Leaf	2
Urtica Dioica Leaf Extract	72
Urtica Dioica Nettle Extract	1
Urtica Dioica Root Extract	1
Usa Grown Aloe Barbadensis	1
Usda Certified Organic Virgin Coconut Oil	1
Ushira	1
Usnea Barbata Extract	90
Usnea Barbata Moss Oil	1
Usnea Extract	2
Usnea Lichen Extract	1
Usp	4
Usp Estriol	2
Usp Purified Water	1
Ustilago Cynodontis Ferment	1
Utica Dioca Leaf Extract	1
Utrica Dioica/Nettle Extract	2
Uva Ursi Extract	3
Uva Ursi Leaf Extract	3
Va/Butyl Maleate/Isobornyl Acrylate Copolymer	2
Va/Crotonates/Vinyl Neodecanoate Copolymer	1
Va/Vp Copolymer	3
Vaccaria Segetalis Extract	1
Vaccinium Angustifolia Fruit Extract	1
Vaccinium Angustifolia Seed Oil	2
Vaccinium Angustifolium	2
Vaccinium Angustifolium Extract	4
Vaccinium Angustifolium Fruit	3
Vaccinium Angustifolium Fruit Extract	349
Vaccinium Angustifolium Fruit Extract/Blueberry Fruit Extract	1
Vaccinium Angustifolium Fruit Juice	4
Vaccinium Angustifolium Leaf Extract	1
Vaccinium Angustifolium Oil	7
Vaccinium Angustifolium Seed Powder	1
Vaccinium Angustifoloium Fruit Extract	1
Vaccinium Angustilolum Buber Fruit Extract	1
Vaccinium Corymbosum	1
Vaccinium Corymbosum Fruit	1
Vaccinium Corymbosum Fruit Extract	8
Vaccinium Corymbosum Seed	2
Vaccinium Corymbosum Seed Oil	18
Vaccinium Macrocarpon	1
Vaccinium Macrocarpon Extract	5
Vaccinium Macrocarpon Fruit	5
Vaccinium Macrocarpon Fruit Extract	236
Vaccinium Macrocarpon Fruit Extract*	2
Vaccinium Macrocarpon Fruit Juice	10
Vaccinium Macrocarpon Fruit Powder	3
Vaccinium Macrocarpon Fruit Water	1
Vaccinium Macrocarpon Juice	2
Vaccinium Macrocarpon Oil	1
Vaccinium Macrocarpon Seed	5
Vaccinium Macrocarpon Seed Extract	2
Vaccinium Macrocarpon Seed MEAL	1
Vaccinium Macrocarpon Seed Oil	187
Vaccinium Macrocarpon Seed Oil*	2
Vaccinium Macrocarpon Seed Powder	1
Vaccinium Macrocarpon Seed Powder Fibers	1
Vaccinium Macrocarponfruit Powder	1
Vaccinium Marcrocarpon Fruit Fruit Extract	1
Vaccinium Membranaceum Extract	6
Vaccinium Myrillus Fruit Extract	3
Vaccinium Myristillus Fruit Extract	1
Vaccinium Myrtillus Extract	40
Vaccinium Myrtillus Extract / Vaccinium Myrtillus Fruit Extract	6
Vaccinium Myrtillus Fruit / Leaf Extract	3
Vaccinium Myrtillus Fruit Extract	423
Vaccinium Myrtillus Fruit Juice	2
Vaccinium Myrtillus Fruit Water	1
Vaccinium Myrtillus Fruit/Leaf Extract	104
Vaccinium Myrtillus Leaf Extract	26
Vaccinium Myrtillus Seed Extract	1
Vaccinium Myrtillus Seed Oil	28
Vaccinium Myrttillus Fruit Extract	1
Vaccinium Praestans Fruit Extract	1
Vaccinium Uliginosum Berry Extract	1
Vaccinium Visit-Idaea Fruit Juice	2
Vaccinium Vitas-Idaea Seed Oil	2
Vaccinium Vitis-Idaea Fruit Extract	33
Vaccinium Vitis-Idaea Leaf Extract	1
Vaccinium Vitis-Idaea Seed Oil	10
Vaccinium Vitis-Ldaea Seed Oil	1
Vaccinium Vitisidaea Fruit Extract	4
Vaccinum Angustifolium Fruit Extract	1
Vaccinum Macrocarpon Fruit Extract	2
Vaccinum Macrocarpon Seed Oil	3
Vaccinum Myrtillus Extract	1
Vaccinum Myrtillus Fruit Extract	7
Vaccinum Myrtillus Fruit/Leaf Extract	2
Vaccinum Myrtillus Leaf Extract	4
Valencia Orange CITRUS	1
Valerian	1
Valerian Root	1
Valerian Root Extract	1
Valeriana Officinalis Rhizome/Root Extract	2
Valeriana Officinalis Root Extract	4
Valeriana Officinalis Root Oil	2
Valerianna Officinalis Extract	1
Valine	346
Vanda Coerulea Extract	1
Vanilla	16
Vanilla Absolute	15
Vanilla Bean Extract	5
Vanilla Bean Fragrance	1
Vanilla Beans	8
Vanilla Co2	1
Vanilla Essential Oil	8
Vanilla Extract	12
Vanilla Extract*	1
Vanilla Flavor	22
Vanilla Flavour	2
Vanilla Flower	1
Vanilla Fragrance	2
Vanilla Fruit Distillate	1
Vanilla Fruit Extract	3
Vanilla Fruit Oil	2
Vanilla Isolate	3
Vanilla Isolates	19
Vanilla Oil	10
Vanilla Oleoresin	2
Vanilla Planifolia	9
Vanilla Planifolia Bean	10
Vanilla Planifolia Bean Extract	6
Vanilla Planifolia Bean Oil	2
Vanilla Planifolia Boosted Extract*	1
Vanilla Planifolia Essential Oil	2
Vanilla Planifolia Extract	27
Vanilla Planifolia Flower Extract	23
Vanilla Planifolia Fruit	30
Vanilla Planifolia Fruit Extract	529
Vanilla Planifolia Fruit Flavor	1
Vanilla Planifolia Fruit Oil	28
Vanilla Planifolia Fruit Oil*	3
Vanilla Planifolia Fruit Water	15
Vanilla Planifolia Hydrosol Water	2
Vanilla Planifolia Leaf Cell Extract	1
Vanilla Planifolia Oil	12
Vanilla Planifolia Seed Powder	6
Vanilla Planifolia Tincture	1
Vanilla Plantifolia Fruit Extract	3
Vanilla Pod Decoction	1
Vanilla Pod Extract	2
Vanilla Pod Infusion	4
Vanilla Powder	2
Vanilla Tahitensis Extract	1
Vanilla Tahitensis Fruit	1
Vanilla Tahitensis Fruit Extract	23
Vanilla Tahitensis Fruit Extract*	3
Vanilla Tahitensis Fruit*	1
Vanilla Tahitensis Seed	1
Vanilla Water	1
Vanillin	284
Vanillin Ex Vanilla Bean	2
Vanillin Oil	1
Vanillosmopsis Erythro-Pappa Oil	1
Vanillosmopsis Erythropappa Wood Oil	2
Vanillyl Butyl Ether	39
Vaseline	4
Vat Vriksha	1
Vegan Collagen	1
Vegan Hyaluronic Acid	8
Vegan Wax	1
Vegetable	3
Vegetable Amino Acids	8
Vegetable Base	1
Vegetable Cetearyl Glucoside	3
Vegetable Charcoal	1
Vegetable Cholesterol	1
Vegetable Collagen	34
Vegetable Coloring	3
Vegetable Decyl Glucoside	1
Vegetable Derived Emulsifying Wax	2
Vegetable Di-Ppg-2 Myreth-10 Adipate	1
Vegetable Emulsifiers	1
Vegetable Emulsifying Wax	49
Vegetable Emulsifying Wax Nf	2
Vegetable Glycerin	308
Vegetable Glycerin Usp	1
Vegetable Glycerine	20
Vegetable Glycerol	1
Vegetable Glyceryl Stearate	3
Vegetable Glyverin	1
Vegetable Heptyl Glucoside	22
Vegetable Hydrolyzed Soy Protein	1
Vegetable Oil	193
Vegetable Oil / Olus Oil / Huile Vegetale	1
Vegetable Oil/Huile Vegetale	10
Vegetable Oil/Olus Oil	10
Vegetable Oil/Olus Oil/ Huile V√©G√©Tale	1
Vegetable Oil/Olus Oil/Huile Vegetale	3
Vegetable Oil/Olus/Huile Vegetale	5
Vegetable Oils	4
Vegetable Oil\Olus\Huile V√©G√©Tale	8
Vegetable Palm Stearic	7
Vegetable Placenta 1%	1
Vegetable Sourced Natural Emulsifying Wax	3
Vegetable Squalane	12
Vegetable Squalene	1
Vegetable Stearic Acid	7
Vegetarian Glycerin	1
Velvet Extract	2
Verbascum Thapsus Extract	17
Verbascum Thapsus Flower/Stem/Leaf Extract	2
Verbascum Thapsus Leaf Extract	1
Verbasun Sinuatum	1
Verbena Distillate	1
Verbena Hastata Extract	1
Verbena Officinalis Extract	13
Verbena Officinalis Flower Extract	2
Verbena Officinalis Leaf Extract	17
Verbena Officinalis Oil	3
Verbena Oil	1
Verbenaofficinalis Leaf Extract	1
Vermiculite	4
Vermont Honey	1
Vermont Jersey Cow Milk	1
Vermont Spring Water	1
Vernonia Appendiculata Leaf Extract	6
Veronica Appendaiculata Leaf Extract	1
Veronica Officinalis	1
Veronica Officinalis Extract	44
Veronica Officinalis Flower / Leaf / Steam Extract	1
Veronica Officinalis Flower/Leaf/Stem Extract	16
Veronica Officinalis Flower/Leaf/Stem/Extract	1
Veronica Officinalis Leaf Extract	1
Versanyl White Mco	1
Vetiver	5
Vetiver Essential Oil	2
Vetiver Oil	11
Vetiver Root Extract	1
Vetivera Zizanoides Oil	1
Vetivera Zizanoides Root Oil	6
Vetiveria Zizaniodes Essential Oil	1
Vetiveria Zizanioides Oil	6
Vetiveria Zizanioides Root Essential Oil	2
Vetiveria Zizanioides Root Extract	2
Vetiveria Zizanioides Root Oil	10
Vetiveria Zizanoides Oil	9
Vetiveria Zizanoides Oil*	1
Vetiveria Zizanoides Root Essential Oil	1
Vetiveria Zizanoides Root Extract	14
Vetiveria Zizanoides Root Oil	99
Vetiveris Zizanoides Oil	1
Vetiveryl Acetate	1
Vibrio Alginolyticus Ferment Filtrate	25
Vidari Kanda Root	1
Vigna Aconitifolia / Vigna Aconitifolia Seed Extract	2
Vigna Aconitifolia Extract	1
Vigna Aconitifolia Seed Extract	26
Vigna Aconitifolia/Vigna Aconitifolia Seed Extract	2
Vigna Mungo Seed Extract	3
Vigna Radiata Seed Extract	18
Vinca Major Extract	7
Vincetoxicum Atratum Extract	2
Vincetoxicum Hirundinaria Root Extract	1
Vinegar	30
Vinegar Extract	2
Vinegar*	1
Vinyl Caprolactam/ Pvp/ Dimethylaminoethyl Methacrylate Copolymer	1
Vinyl Caprolactam/Pvp/Dimethylaminoethyl Methacrylate Copolymer	2
Vinyl Caprolactam/Vp/Dimethylaminoethyl Methacrylate Copolymer	17
Vinyl Dimethicome/Dimethicone Copolymer	1
Vinyl Dimethicone	70
Vinyl Dimethicone / Methicone Silsesquioxane Crosspolymer	2
Vinyl Dimethicone Crosspolymer	8
Vinyl Dimethicone/ Dimethicone Crosspolymer	1
Vinyl Dimethicone/ Methicone Silsesquioxane Crosspolymer	7
Vinyl Dimethicone/Lauryl Dimethicone Crosspolymer	4
Vinyl Dimethicone/Methicone Silsequioxane Crosspolymer	1
Vinyl Dimethicone/Methicone Silsesquioxane Crosspolymer	134
Vinyl Pyrrolidone/Vinyl Acetate Copolymer	1
Vinyl Trimethylsiloxysilicate Crosspolymer	1
Vinyldimethyl/Trimethylsiloxysilicate/Dimethicone Crosspolymer	2
Viola Mandshurica Flower Extract	8
Viola Odorata Extract	10
Viola Odorata Flower Extract	2
Viola Odorata Flower/Leaf Extract	13
Viola Odorata Leaf Extract	20
Viola Tricolor Extract	103
Violet #2	2
Violet 2	91
Violet 2 CI 60730	1
Violet 2 CI 73385	1
Violet Leaf Absolute	5
Virgin Coconut Oil	24
Virgin Cocos Nucifera Oil	1
Virgin Hemp Seed Oil	4
Virgin Olive Oil	4
Virgin Organic Olive Oil	1
Virgin Sclerocarya Birrea Kernel Oil	1
Virginiana	1
Virginiana Water	1
Virola Sebifera Nut Oil	1
Virola Surinamensis Seed Butter	3
Viscose	1
Viscum Album Extract	11
Viscum Album Fruit Extract	3
Viscum Album Leaf Extract	7
Vit E	1
Vitamin A	58
Vitamin A Oil	2
Vitamin A Palmitate	15
Vitamin B	6
Vitamin B Complex	1
Vitamin B-12	2
Vitamin B-5	2
Vitamin B12	1
Vitamin B2	3
Vitamin B3	66
Vitamin B5	47
Vitamin B6	3
Vitamin B7	5
Vitamin B8	1
Vitamin C	132
Vitamin C 3-Glyceryl Ascorbate	1
Vitamin C Encapsulated	1
Vitamin C Ester	25
Vitamin C-Ester	1
Vitamin D	28
Vitamin D2	1
Vitamin D3	11
Vitamin E	624
Vitamin E Acetate	91
Vitamin E Complex With Tocotrienols And Tocopherols	1
Vitamin E Extract	1
Vitamin E From Sunflowers	1
Vitamin E Linoleate	2
Vitamin E Mixed Tocopherol Oil	2
Vitamin E Mixed Tocopherols	6
Vitamin E Oil	40
Vitamin E Ol-Alpha-Tocopheryl Acetate	1
Vitamin E Tocopherol	3
Vitamin E*	1
Vitamin F	3
Vitamin F Ethyl Ester	1
Vitamin K	4
Vitamin K2	3
Vitamin-E	1
Vitamins A	9
Vitamins E	3
Vitellaria Paradoxa	1
Vitellaria Paradoxa Butter	1
Vitex Agnus Castus Extract	6
Vitex Agnus-Castus Extract	18
Vitex Agnus-Castus Fruit Extract	2
Vitex Infusion	1
Vitex Trifolia Fruit Extract	5
Vitis Labrusca Juice	1
Vitis Rotundifolia Extract	2
Vitis Rotundifolia Fruit Extract	7
Vitis Vineifera Seed Oil	1
Vitis Vinfera Seed Extract	2
Vitis Vinfera Seed Oil	2
Vitis Vinifera	43
Vitis Vinifera *	3
Vitis Vinifera Callus Culture Extract	9
Vitis Vinifera Cell Culture Extract	2
Vitis Vinifera Extract	14
Vitis Vinifera Extract/Grape Fruit Extract	1
Vitis Vinifera Flower Cell Extract	17
Vitis Vinifera Fruit Cell Culture Extract	3
Vitis Vinifera Fruit Cell Extract	51
Vitis Vinifera Fruit Extract	288
Vitis Vinifera Fruit Meristem Cell Culture	1
Vitis Vinifera Fruit Water	50
Vitis Vinifera Fruit Water*	2
Vitis Vinifera Fruit Water/Grape Fruit Water	10
Vitis Vinifera Fruit Water/Grapefruit Water	1
Vitis Vinifera Grape Juice Extract	6
Vitis Vinifera Grape Seed Oil	2
Vitis Vinifera Grapeseed Extract	4
Vitis Vinifera Juice	80
Vitis Vinifera Juice Extract	37
Vitis Vinifera Juice*	2
Vitis Vinifera Leaf	1
Vitis Vinifera Leaf Extract	36
Vitis Vinifera Leaf Oil	4
Vitis Vinifera Oil	28
Vitis Vinifera Oil/Grape Seed Oil	1
Vitis Vinifera Polyphenols	1
Vitis Vinifera Powder	1
Vitis Vinifera Pulp	3
Vitis Vinifera Root Extract	1
Vitis Vinifera Seed	1
Vitis Vinifera Seed Extract	451
Vitis Vinifera Seed Extract*	8
Vitis Vinifera Seed Extract/Vitis Vinifera Seed Extract	1
Vitis Vinifera Seed Oil	1379
Vitis Vinifera Seed Oil / Grape Seed Oil	2
Vitis Vinifera Seed Oil**	20
Vitis Vinifera Seed Oil/Grape Seed Oil	1
Vitis Vinifera Seed Powder	5
Vitis Vinifera Seed Powder Extract	1
Vitis Vinifera Skin	3
Vitis Vinifera Skin Extract	15
Vitis Vinifera Skin Powder	1
Vitis Vinifera Vine Extract	7
Vitis Vinifera Vine Sap	1
Vitis Vinifera/Grape Fruit Extract	2
Vitreoscilla Ferment	74
Vitus Vinifera Fruit Extract	6
Vitus Vinifera Seed Oil	4
Voandzeia Subterranea Seed Extract	7
Vodka	1
Volcanic Ash	56
Volcanic Ash Extract	3
Volcanic Mud	1
Volcanic Pumice	2
Volcanic Pumice Powder	1
Volcanic Sand	30
Volcanic Soil	10
Volcanic Stone Powder	1
Vor Mag Water	1
Vp / Va Copolymer	2
Vp Copolymer	1
Vp-Hexadecene Copolymer	2
Vp/ Hexadecene Copolymer	1
Vp/Acrylates/Lauryl Methacrylate Copolymer	3
Vp/Dimethiconylacrylate/Polycarbamyl/Polyglycol Ester	1
Vp/Dimethylaminoethylmethacrylate Copolymer	2
Vp/Dmapa Acrylates Copolymer	1
Vp/Eicosene Copolymer	111
Vp/Hexadecane Copolymer	1
Vp/Hexadecene Copolymer	118
Vp/Polycarbamyl Polyglycol Ester	2
Vp/Va Copolymer	70
Vpieicosene Copolymer	1
Wakame Bioferment	1
Wakame Seaweed Extract	2
Walnut Flower Essence	1
Walnut Husk	1
Walnut Oil	2
Walnut Shell Flour	1
Walnut Shell Powder	12
Waltheria Indica Extract	3
Waltheria Indica Leaf Extract	8
Warm Amber	1
Wasabia Japonic Root Extract	7
Wasabia Japonica Leaf Extract	1
Wasabia Japonica Root Extract	18
Watanabea Reniformis Oil	6
Wate Aqua	1
Water	15423
Water & Glycerin & CITRUS Aurantium Dulcis Callus Culture Extract & Xanthan Gum	1
Water / Agua/ Eau	1
Water / Aqua	21
Water / Aqua / Eau	200
Water / Eau	7
Water /Aqua	5
Water Aqua	42
Water Aqua Eau	16
Water Deionized	1
Water Eau	25
Water Lily Extract	2
Water Lotus Blossom Extract	1
Water Lotus Essential Oil	1
Water Purified	1
Water/ Aqua	11
Water/ Aqua / Eau	3
Water/ Aqua/ Eau	13
Water/ Eau	11
Water/Agua	2
Water/Agua/Eau	4
Water/Aqua	367
Water/Aqua/ Eau	14
Water/Aqua/Eau	3147
Water/Eau	577
Water/Eau/Agua	3
Water/Eau/Aqua	122
Wateraquaeau	1
Wateraqualeau	1
Wateraqua\Eau	2
Watercress	3
Watercress Extract	1
Watercress Seed Oil	3
Watermelon Extract	8
Watermelon Fruit Extract	4
Watermelon Oil	2
Watermelon Rind Extract	1
Watermelon Seed Oil	1
Watermelon Seed Oil Polyglyceryl-6 Esters	2
Watervaqualeau	2
Watervaqua\Eau	4
Water\Aqua Eau	1
Water\Aqua\Eau	8573
Wax	4
Weber Tequilana Azul Leaf Extract	1
Wedelia Calendulacea Extract	1
Western Red Cedar	1
Wheat	2
Wheat Amino Acid	3
Wheat Amino Acids	45
Wheat Bran	1
Wheat Flour Extract	1
Wheat Germ	3
Wheat Germ Acid	1
Wheat Germ Extract	6
Wheat Germ Glycerides	4
Wheat Germ Oil	26
Wheat Germamidopropyldimonium Hydroxypropyl Hydrolyzed Wheat Protein	2
Wheat Grass Extract	1
Wheat Grass Juice	1
Wheat Protein	5
Wheat Seed Extract	1
Wheatgerm	1
Wheatgerm Oil	7
Whey Protein	87
Whey Protein/Lactis Protein/Proteine Du Petit-Lait	12
Whey Protein/Lactis Proteinum/Proteine Du Petit-Lait	2
Whey Protein\Lactis Protein	3
Whey Protein\Lactis Protein\Proteine Du Petit-Lait	123
White Australian Kaolin Clay	1
White Beeswax	7
White Beeswax Pastilles	1
White Camphor Essential Oil	2
White Clay	1
White Halloysite Clay	2
White Jasmine Fragrance	1
White Kaolin Clay	1
White Kernel Virgin Coconut Oil	1
White Mica Powder	1
White Mineral Oil	1
White Oak Bark Extract	2
White Oat Bark	1
White Peach	1
White Peony Extract	1
White Petrolatum	142
White Petrolatum Usp	49
White Petrolatum Usp 100%	3
White Petroleum	3
White Protopet	2
White Rhyolite	1
White Soft Paraffin	34
White Soft Paraffin 13.2% W/W	1
White Soft Paraffin Bp	6
White Sugar	1
White TEA	2
White TEA Extract	12
White TEA Extracts	2
White TEA Leaf Extract	9
White Wax	49
White Willow	1
White Willow Bark	2
White Willow Bark Extract	11
White Willow Peel Extract	1
White Willowbark Extract	2
Whole Coffee Bean	1
Whole Dry Milk	1
Whole Leaf Aloe Vera	1
Whole Plant Cannabis	1
Whole Plant Cbd	1
Whole Rosehips	1
Wild Blueberries	1
Wild Blueberry Leaf	1
Wild Chaparral Leaf	1
Wild Cherry Bark Extract	1
Wild Crafted Cocoa Bean Absolute	1
Wild Crafted Dandelion	1
Wild Crafted Horsetail	1
Wild Elder Flowers	1
Wild Geranium	2
Wild Geranium Extract	1
Wild Himalayan Cherry	1
Wild Hops	1
Wild Ice Leaf	1
Wild Marjoram Extract	1
Wild Mint Oil	1
Wild Pansy	1
Wild Pansy Extract	1
Wild Peppermint Oil	1
Wild Plum Extract	1
Wild Sagebrush	1
Wild Thyme	1
Wild Yam Extract	3
Wild Yam Root	1
Wild Yam Root Extract	6
Wildcrafted Arnica Montana	1
Wildcrafted CITRUS Bergamia Oil	1
Wildcrafted Coffee Oil	1
Wildcrafted Cottonwood Tree Buds	1
Wildcrafted Dandelion	6
Wildcrafted Equisetum Arvense	4
Wildcrafted Geranium Maculatum	1
Wildcrafted Green TEA	2
Wildcrafted Horsetail Extract	1
Wildcrafted Juniperus Communis	1
Wildcrafted Lavender Essential Oil	1
Wildcrafted Mahonia Aquifolium	1
Wildcrafted Organic Dandelion	1
Wildcrafted Organic Equisetum Arvense	2
Wildcrafted Organic Geranium	1
Wildcrafted Periwinkle	1
Wildcrafted Propolis	1
Wildcrafted Resin Propoli	1
Wildcrafted Rosa Damascena Oil	3
Wildcrafted Santalum Album Oil	3
Wildcrafted Taraxacum Officinale	1
Wildflower Honey	2
Willow Bark	3
Willow Bark Extract	22
Willow Extract	1
Willow Extract*	2
Willow Leaf Extract	1
Willowherb Extract	1
Wine	12
Wine Extract	52
Wintergreen	1
Wintergreen Essential Oil	2
Wintergreen Oil	4
Witch Hazel	89
Witch Hazel 86%	1
Witch Hazel Distillate	7
Witch Hazel Extract	11
Witch Hazel Leaf	5
Witch Hazel Leaf Extract	1
Witch Hazel Leaf Water	1
Witch Hazel Water	13
Withania Somnifera	4
Withania Somnifera Extract	5
Withania Somnifera Flower Extract	1
Withania Somnifera Leaf Extract	2
Withania Somnifera Powder	1
Withania Somnifera Root Extract	123
Withania Somnifera Root Powder	1
Withanita Somnifera Root Extract	1
Wood	1
Wood Apple	1
Wood Pulp	1
Wood Pulp-Based Viscose	1
Wool Alcohols	1
Wool Wax	1
Xan-Than Gum	13
Xantham Gum	89
Xanthan	11
Xanthan Gum	12717
Xanthan Gum Usp	3
Xanthan Gum**	2
Xanthan Qum	1
Xanthane Gum	5
Xanthine	1
Xanthium Sibiricum Fruit Extract	4
Xanthium Strumarium Fruit Extract	4
Xanthophyll	22
Xanthophyllis	2
Xanthophylls	31
Xanthum Gum	37
Xathan Gum	5
Ximenia Americana Seed Oil	21
Ximenia Americana Seedate	1
Xyitol	1
Xylito	1
Xylitol	894
Xylitol Hydrosoluble	1
Xylityglucoside	4
Xylityiglucoside	1
Xylityl Caprate/Caprylate	2
Xylityl Glucoside	1
Xylityl Sesquicaprylate	16
Xylityl Sesquicaprylate Carbomer	1
Xylitylglucoside	579
Xylose	17
Xyltol	1
Xymenynic Acid	7
Y Rosemary Leaf	1
Yarrow	7
Yarrow Extract	10
Yarrow Flower	1
Yarrow Flower Extract	2
Yashtimadhu	1
Yeas Amino Acids	1
Yeast	6
Yeast Amino Acids	116
Yeast Beta-Glucan	19
Yeast Beta-Glucan Extract	1
Yeast Extract	282
Yeast Extract / Faex / Extrait De Levure	2
Yeast Extract Faex Extrait De Levure	3
Yeast Extract Ferment Filtrate	1
Yeast Extract/Extrait De Levure	9
Yeast Extract/Faex	1
Yeast Extract/Faex Extract/Extrait De Levure	1
Yeast Extract/Faex Extrait De Levure	1
Yeast Extract/Faex/Extrait De Levure	20
Yeast Extract/Faexextrait De Levure	9
Yeast Extract\Faex	1
Yeast Extract\Faex\Extrait De Levure	190
Yeast Ferment Extract	54
Yeast Polysaccharide	1
Yeast Polysaccharides	23
Yeast Powder	1
Yellow	7
Yellow #11	1
Yellow #5	6
Yellow #6	2
Yellow 1	2
Yellow 10	168
Yellow 10 Aluminum Lake	1
Yellow 10 Lake	21
Yellow 10/Ci 47005	4
Yellow 11	14
Yellow 4	2
Yellow 5	1825
Yellow 5 / C.I. 19140	4
Yellow 5 Aluminum Lake	2
Yellow 5 CI 19140	4
Yellow 5 Lake	471
Yellow 5 Lake CI 19140	3
Yellow 5 Lake/Ci 19140	2
Yellow 5 Lake/Cl 19140	1
Yellow 5 Lakeci 19140	1
Yellow 5/Ci 19140	15
Yellow 6	549
Yellow 6 Aluminum Lake	3
Yellow 6 CI 15985	3
Yellow 6 Lake	135
Yellow 6/Ci 15985	4
Yellow 7 Lake	1
Yellow 8	9
Yellow 8/Ci 45350	2
Yellow Australian Clay	1
Yellow Beeswax	4
Yellow Iron Oxide	20
Yellow Iron Oxides	1
Yellow No. 10	1
Yellow No. 10 Lake	1
Yellow No. 5	13
Yellow No. 5 Al Lake	1
Yellow No. 5 Aluminum Lake	1
Yellow No. 5 Lake	2
Yellow No. 6	1
Yellow No. 6 CI 15985	1
Yellow No.10	1
Yellow No.5	1
Yellow No.5 CI 19140	1
Yellow No.6 CI 15985	2
Yellow Rhyolite	1
Yellow Soft Paraffin Bp	4
Yellow Wax	2
Yellow-Fruit Nightshade	1
Yerba Mate Leaf Extract	1
Ylang Ylang	12
Ylang Ylang Complete Essential Oil	1
Ylang Ylang Essential Oil	12
Ylang Ylang Flower Essential Oil	1
Ylang Ylang Flower Oil	20
Ylang Ylang Oil	33
Ylang Ylang Oil Vetivert Oil	1
Ylang-Ylang Extract	1
Ylang-Ylang Oil	1
Yogurt	25
Yogurt Extract	35
Yogurt Extract*	1
Yogurt Filtrate	1
Yogurt Powder	58
Yucca	1
Yucca Aloifolia Extract	1
Yucca Aloifolia Leaf/Root Extract	2
Yucca Brevifolia Powder	2
Yucca Brevifolia Root Extract	2
Yucca Extract	4
Yucca Filamentosa Extract	2
Yucca Filamentosa Root Extract	11
Yucca Glauca Extract	1
Yucca Glauca Root Extract	16
Yucca Leaf Extract	1
Yucca Schidigera Extract	11
Yucca Schidigera Leaf/Root/Stem Extract	20
Yucca Schidigera Root Extract	22
Yucca Schidigera Stem Extract	1
Yucca Vera Leaf/Root Extract	1
Yugdugu Extract	1
Yumberry Flavor	3
Yuukari Yu	1
Yuzu	1
Yuzu Oil	1
Zantedeschia Aethiopica Flower Extract	1
Zantedeschia Aethiopica Flower/Stem Extract	1
Zanthoxylum Alatum Fruit Extract	1
Zanthoxylum Americanum Bark Extract	4
Zanthoxylum Bungeanum Fruit Extract	25
Zanthoxylum Piperitum Fruit Extract	84
Zanthoxylum Piperitum Peel Extract	3
Zanthoxylum Zanthoxyloides Bark Extract	1
Zea May Starch	1
Zea Mays	19
Zea Mays *	1
Zea Mays / Corn Germ Oil	4
Zea Mays / Corn Oil	3
Zea Mays Cob MEAL	1
Zea Mays Cob Powder	2
Zea Mays Corn Oil	3
Zea Mays Extract / Corn Kernel Extract	3
Zea Mays Extract/Corn Kernel Extract	1
Zea Mays Germ Oil	45
Zea Mays Germ Oil / Corn Germ Oil	12
Zea Mays Germ Oil*	2
Zea Mays Germ Oil/Corn Germ Oil	2
Zea Mays Germ Oil/Zea Mays Germ Oil	1
Zea Mays Kernel Extract	33
Zea Mays Kernel Extract / Corn Kernel Extract	3
Zea Mays Kernel MEAL	59
Zea Mays Leaf Extract	8
Zea Mays Oil	242
Zea Mays Oil / Corn Oil	19
Zea Mays Oil/Corn Oil	16
Zea Mays Silk Extract	19
Zea Mays Starch	467
Zea Mays Starch / Corn Starch	50
Zea Mays Starch / Zea Mays Starch	1
Zea Mays Starch*	4
Zea Mays Starch/Corn Starch	55
Zea Mays Starch/Zea Mays Starch	3
Zea Mays Starch¬∑	26
Zea Mays/Corn Germ Oil	1
Zeamea Propanediol	1
Zeatin	5
Zeaxanthin	1
Zedoary	2
Zein	3
Zemea Propanediol	6
Zemea¬Æ	1
Zemea¬Æ Propanediol	3
Zeolite	96
Zerumbone	3
Zinc	21
Zinc Acetate	5
Zinc Aspartate	9
Zinc Carbonate	11
Zinc Carbonate Hydroxide	1
Zinc Chloride	36
Zinc CITRATE	25
Zinc Coceth Sulfate	22
Zinc Gluconate	586
Zinc Gluconate4	1
Zinc Glycinate	5
Zinc Hyaluronate	1
Zinc Hydrolyzed Collagen	1
Zinc Hydrolyzed Hyaluronate	6
Zinc Lactate	15
Zinc Laurate	9
Zinc Oxide	793
Zinc Oxide 0.9%	1
Zinc Oxide 1%	1
Zinc Oxide 1.3%	1
Zinc Oxide 1.4%	1
Zinc Oxide 10%	3
Zinc Oxide 10.5%	1
Zinc Oxide 11%	2
Zinc Oxide 12%	3
Zinc Oxide 12.0%	1
Zinc Oxide 12.5%	1
Zinc Oxide 13%	1
Zinc Oxide 13.5%	1
Zinc Oxide 13.8%	1
Zinc Oxide 14%	1
Zinc Oxide 15%	2
Zinc Oxide 20%	6
Zinc Oxide 20.2%	1
Zinc Oxide 20.4%	2
Zinc Oxide 24.1%	1
Zinc Oxide 3.0%	4
Zinc Oxide 3.5%	2
Zinc Oxide 4.5%	1
Zinc Oxide 4.8%	3
Zinc Oxide 5.0%	3
Zinc Oxide 5.5%	1
Zinc Oxide 6%	1
Zinc Oxide 6.3%	3
Zinc Oxide 6.4%*	1
Zinc Oxide 6.7%	2
Zinc Oxide 7.0%	1
Zinc Oxide 7.02%	1
Zinc Oxide 7.3%	1
Zinc Oxide 7.8%	1
Zinc Oxide 8.0%	1
Zinc Oxide 9%	1
Zinc Oxide 9.7%	1
Zinc Oxide-2.1 %	1
Zinc Palmitoyl Nonapeptide-14	12
Zinc Pca	435
Zinc Phenolsulfonate	3
Zinc Pyrithione	5
Zinc Ricinoleate	14
Zinc Salicylate	3
Zinc Stearate	102
Zinc Sulfate	223
Zinc Sulfate Monohydrate	4
Zinc Sulphate	3
Zine Oxide	1
Zinger Officinate Root Extract	1
Zingiber Aromaticus Extract	21
Zingiber Cassumunar Root Oil	4
Zingiber Of CINALE Root Extract	1
Zingiber Offcinale Root	1
Zingiber Offi CINALE Root Extract	1
Zingiber Officianalis Oil	1
Zingiber Officinale	4
Zingiber Officinale Extract	29
Zingiber Officinale Oil	6
Zingiber Officinale Root	8
Zingiber Officinale Root Extract	751
Zingiber Officinale Root Extract / Ginger Root Extract	10
Zingiber Officinale Root Extract*	2
Zingiber Officinale Root Extract/Ginger Root Extract	8
Zingiber Officinale Root Extract/Zingiber Officinale Root Extract	2
Zingiber Officinale Root Juice	5
Zingiber Officinale Root Oil	153
Zingiber Officinale Root Oil / Ginger Root Oil	2
Zingiber Officinale Root Oil/Zingiber Officinale Root Oil	2
Zingiber Officinale Root Powder	9
Zingiber Officinale Rosc	1
Zingiber Officinale Water	6
Zingiber Officinalis Extract	3
Zingiber Officinalis Oil	5
Zingiber Officinalis Root Extract	1
Zingiber Officinalis Root Powder	1
Zingiber Officinate Root Extract	2
Zingiber Offiinale Root	1
Zingiber Offinale Root Oil	1
Zingiber Root Extract	5
Zingiber Zerumbet Extract	10
Ziziphus Joazeiro Bark Extract	1
Ziziphus Jujuba Fruit Extract	48
Ziziphus Spina-Christi Leaf Extract	3
Ziziphusjujuba Fruit Extract	1
Zizyphus Jujuba Fruit Extract	26
Zizyphus Jujuba Seed Extract	16
Zngber Officinale Root Extract	1
Zostera Marina Extract	5
Zymomonas Ferment Extract	10
Œ¥-3-Carene	1
Œ±-Phellandrene	1
Œ±-Terpinene	1
Œ≤-Myrecene	1
Œ≤-Pinene	1
Ƒ†Inseng Radix Et Rhizoma Rubra Extract	2
‚Äã Dvb/Isobornyl Methacrylate/Lauryl Methacrylate Copolymer	2
√Åcido L√°Ctico	1
