variant|canonical|tier|confidence
* Aniba Rosaeodora Oil|Aniba Rosaeodora Oil|5|high
* Camellia Sinensis Extract|Camellia Sinensis Extract|5|high
* Cananga Odorata Flower Oil|Cananga Odorata Flower Oil|5|high
* CITRUS Aurantium Flower Oil|CITRUS Aurantium Flower Oil|5|high
* CITRUS Reticulata Peel Oil|CITRUS Reticulata Peel Oil|5|high
* Lavandula Angustifolia Flower Oil|Lavandula Angustifolia Flower Oil|5|high
* Oenothera Biennis Oil|Oenothera Biennis Oil|5|high
* Punica Granatum Oil|Punica Granatum Oil|5|high
* Salvia Sclarea Flower Oil|Salvia Sclarea Flower Oil|5|high
**Alchemilla Vulgaris Leaf Extract|Alchemilla Vulgaris Leaf Extract|5|high
**Avena Sativa Bran Extract|Avena Sativa Bran Extract|5|high
**Equisetum Arvense Leaf Extract|Equisetum Arvense Leaf Extract|5|high
**Plantago Lanceolata Leaf Extract|Plantago Lanceolata Leaf Extract|5|high
**Stellaria Media Extract|Stellaria Media Extract|5|high
**Urtica Dioica Leaf Extract|Urtica Dioica Leaf Extract|5|high
*Abies Balsamea Needle Oil|Abies Balsamea Needle Oil|5|high
*Acai Flavor|Acai Flavor|5|high
*Adansonia Digitata Seed Oil|Adansonia Digitata Seed Oil|5|high
*Aloe Barbadensis Extract|Aloe Barbadensis Extract|5|high
*Aloe Barbadensis Leaf Extract|Aloe Barbadensis Leaf Extract|5|high
*Aloe Barbadensis Leaf Juice|Aloe Barbadensis Leaf Juice|5|high
*Amyris Balsamifera Bark Oil|Amyris Balsamifera Bark Oil|5|high
*Anthemis Nobilis Flower Extract|Anthemis Nobilis Flower Extract|5|high
*Aqua|Aqua|5|high
*Arctium Lappa Root Extract|Arctium Lappa Root Extract|5|high
*Argania Spinosa Kernel Oil|Argania Spinosa Kernel Oil|5|high
*Baptisia Tinctoria Root Extract|Baptisia Tinctoria Root Extract|5|high
*Benzyl Benzoate|Benzyl Benzoate|5|high
*Borago Officinalis Oil|Borago Officinalis Oil|5|high
*Butyrospermum Parkii Butter|Butyrospermum Parkii Butter|5|high
*Butyrospermum Parkii Butter Extract|Butyrospermum Parkii Butter Extract|5|high
*Butyrospermum Parkii Extract|Butyrospermum Parkii Extract|5|high
*Butyrospermum Parkii Seed Butter|Butyrospermum Parkii Seed Butter|5|high
*Calendula Extract|Calendula Extract|5|high
*Calendula Officinalis|Calendula Officinalis|5|high
*Calendula Officinalis Flower Extract|Calendula Officinalis Flower Extract|5|high
*Calendula Officinalis Flower Oil|Calendula Officinalis Flower Oil|5|high
*Calophyllum Inophyllum Oil|Calophyllum Inophyllum Oil|5|high
*Calophyllum Inophyllum Seed Oil|Calophyllum Inophyllum Seed Oil|5|high
*Camellia Oleifera Seed Oil|Camellia Oleifera Seed Oil|5|high
*Cananga Odorata Flower Oil|Cananga Odorata Flower Oil|5|high
*Centella Asiatica|Centella Asiatica|5|high
*Cera Alba|Cera Alba|5|high
*Chamomilla Recutita Flower Extract|Chamomilla Recutita Flower Extract|5|high
*Cinnamal|CINNAMAL|5|high
*Cinnamomum Zeylanicum Leaf Oil|CINNAMOMUM Zeylanicum Leaf Oil|5|high
*Citral|CITRAL|5|high
*Citronellol|CITRONELLOL|5|high
*Citrus Aurantifolia Peel Oil|CITRUS Aurantifolia Peel Oil|5|high
*Citrus Aurantium Amara Leaf Oil|CITRUS Aurantium Amara Leaf Oil|5|high
*Citrus Aurantium Dulcis Peel Extract|CITRUS Aurantium Dulcis Peel Extract|5|high
*Citrus Limon Peel Extract|CITRUS Limon Peel Extract|5|high
*Citrus Paradise Peel Oil|CITRUS Paradisi Peel Oil|5|high
*Citrus Reticulata Peel Oil|CITRUS Reticulata Peel Oil|5|high
*Citrus Sinensis Oil|CITRUS Sinensis Oil|5|high
*Cocos Nucifera|Cocos Nucifera|5|high
*Cocos Nucifera Oil|Cocos Nucifera Oil|5|high
*Elettaria Cardamomum Seed Oil|Elettaria Cardamomum Seed Oil|5|high
*Equisetum Arvense|Equisetum Arvense|5|high
*Equisetum Arvense Extract|Equisetum Arvense Extract|5|high
*Essential Oils|Essential Oils|5|high
*Farnesol|Farnesol|5|high
*Gaultheria Procumbens Leaf Oil|Gaultheria Procumbens Leaf Oil|5|high
*Geraniol|Geraniol|5|high
*Glyceryl Stearate|Glyceryl Stearate|5|high
*Helianthus Annuus Oil|Helianthus Annuus Oil|5|high
*Helianthus Annuus Seed Oil|Helianthus Annuus Seed Oil|5|high
*Helichrysum Italicum Oil|Helichrysum Italicum Oil|5|high
*Hippophae Rhamnoides Fruit Extract|Hippophae Rhamnoides Fruit Extract|5|high
*Hippophae Rhamnoides Oil|Hippophae Rhamnoides Oil|5|high
*Hippophae Rhamnoides Seed Oil|Hippophae Rhamnoides Seed Oil|5|high
*Hypericum Perforatum|Hypericum Perforatum|5|high
*Illicium Verum Fruit Oil|Illicium Verum Fruit Oil|5|high
*Jasminum Officinale Flower/Leaf Extract|Jasminum Officinale Flower/Leaf Extract|5|high
*Juniperus Virginiana Oil|Juniperus Virginiana Oil|5|high
*Lavandula Angustifolia Essential Oil|Lavandula Angustifolia Essential Oil|5|high
*Lavandula Angustifolia Flower/Leaf/Stem Extract|Lavandula Angustifolia Flower/Leaf/Stem Extract|5|high
*Limnanthes Alba Seed Oil|Limnanthes Alba Seed Oil|5|high
*Limonene|Limonene|5|high
*Linalool|Linalool|5|high
*Litsea Cubeba Fruit Oil|Litsea Cubeba Fruit Oil|5|high
*Macadamia Integrifolia Oil|Macadamia Integrifolia Oil|5|high
*Marshmallow Root|Marshmallow Root|5|high
*Mentha Piperita Leaf Extract|Mentha Piperita Leaf Extract|5|high
*Mentha Piperita Leaf Oil|Mentha Piperita Leaf Oil|5|high
*Mentha Piperita Oil|Mentha Piperita Oil|5|high
*Mentha Spicata Leaf Oil|Mentha Spicata Leaf Oil|5|high
*Menthol|Menthol|5|high
*Methyl Paraben|Methylparaben|5|high
*Nepeta Cataria Extract|Nepeta Cataria Extract|5|high
*Nettle|Nettle|5|high
*Oenothera Biennis Oil|Oenothera Biennis Oil|5|high
*Olea Europaea Fruit Oil|Olea Europaea Fruit Oil|5|high
*Oleo Europaea Fruit Oil|Olea Europaea Fruit Oil|5|high
*Organic Vanilla Flavor|Vanilla Flavor|5|high
*Oryza Sativa Powder|Oryza Sativa Powder|5|high
*Peg 100 Stearate|PEG-100 Stearate|5|high
*Pelargonium Graveolens Flower Oil|Pelargonium Graveolens Flower Oil|5|high
*Pelargonium Graveolens Oil|Pelargonium Graveolens Oil|5|high
*Persea Americana Oil|Persea Gratissima Oil|5|high
*Pimpinella Anisum Seed Oil|Pimpinella Anisum Seed Oil|5|high
*Propyl Paraben|Propylparaben|5|high
*Punica Granatum Oil|Punica Granatum Oil|5|high
*Punica Granatum Seed Oil|Punica Granatum Seed Oil|5|high
*Raspberry Flavor|Raspberry Flavor|5|high
*Ricinus Communis Oil|Ricinus Communis Oil|5|high
*Ricinus Communis Seed Oil|Ricinus Communis Seed Oil|5|high
*Rosa Canina Seed Extract|Rosa Canina Seed Extract|5|high
*Rosa Centifolia|Rosa Centifolia|5|high
*Rosa Centifolia Flower Oil|Rosa Centifolia Flower Oil|5|high
*Rosa Damascena Oil|Rosa Damascena Oil|5|high
*Rosa Rubiginosa Oil|Rosa Rubiginosa Oil|5|high
*Rosmarinus Officinalis Extract|Rosmarinus Officinalis Extract|5|high
*Rosmarinus Officinalis Leaf Extract|Rosmarinus Officinalis Leaf Extract|5|high
*Rosmarinus Officinalis Leaf Oil|Rosmarinus Officinalis Leaf Oil|5|high
*Rosmarinus Officinalis Oil|Rosmarinus Officinalis Oil|5|high
*Rubus Idaeus Leaf Extract|Rubus Idaeus Leaf Extract|5|high
*Salix Alba Extract|Salix Alba Extract|5|high
*Salvia Officinalis Extract|Salvia Officinalis Extract|5|high
*Sesame Oil|Sesame Oil|5|high
*Stellaria Media Extract|Stellaria Media Extract|5|high
*Symphytum Officinale Leaf Extract|Symphytum Officinale Leaf Extract|5|high
*Tagetes Minuta Flower Oil|Tagetes Minuta Flower Oil|5|high
*Tanacetum Annuum Oil|Tanacetum Annuum Oil|5|high
*Theobroma Cacao Butter|Theobroma Cacao Butter|5|high
*Theobroma Cacao Seed Butter|Theobroma Cacao Seed Butter|5|high
*Tocopheryl Acetate|Tocopheryl Acetate|5|high
*Vitamin E|Vitamin E|5|high
*Withania Somnifara|Withania Somnifera|5|high
*Zingiber Officinale Root Extract|Zingiber Officinale Root Extract|5|high
*Zingiber Officinale Root Oil|Zingiber Officinale Root Oil|5|high
+Alchemilla Vulgaris Leaf Extract|Alchemilla Vulgaris Leaf Extract|5|high
+Fragrance|Fragrance|5|high
*Archangelica Root|Angelica Archangelica Root Extract|5|review
*Arnica Flower|Arnica Montana Flower|5|review
*Blueberry Fruit|Blueberry Fruit Extract|5|review
*Citrus Limon Essential Oil|CITRUS Limon Oil|5|review
*Cymbopogon Schoenanthus Essential Oil|Cymbopogon Schoenanthus Oil|5|review
*Elettaria Cardamomum Essential Oil|Elettaria Cardamomum Oil|5|review
*Expeller Pressed Sweet Almond Oil|Sweet Almond Oil|5|review
*Hemidesmus Indicus|Hemidesmus Indicus Extract|5|review
*Mixed Tocopherols Oil|Mixed Tocopherols|5|review
*Myristica Fragans|Myristica Fragrans Kernel Oil|5|review
*Organic Coconut Flavor|Coconut Flavor|5|review
*Pomegranate Flavor|Pomegranate Flavor|5|review
*Prunus Armeniaca Fruit Oil|Prunus Armeniaca Kernel Oil|5|review
*Rubus Idaeus Seed|Rubus Idaeus Seed Extract|5|review
*Santalum Album Wood Oil|Santalum Album Oil|5|review
*Syzygium Aromaticum|Syzygium Aromaticum Oil|5|review
0-Cymen-5-Ol|O-Cymen-5-Ol|1|high
1,2-Hexandiol|1,2-Hexanediol|1|high
12-Hexanediol|1,2-Hexanediol|1|high
1Odopropynyl Butylcarbamate|Iodopropynyl Butylcarbamate|1|high
2-Bromo 2 Nitropropane 1, 3 Diol|2-Bromo-2-Nitropropane-1,3-Diol|2|high
2-Bromo-2 Nitropropane-1,3-Diol|2-Bromo-2-Nitropropane-1,3-Diol|2|high
2-Bromo-2-Nitropropane-1 3-Diol|2-Bromo-2-Nitropropane-1,3-Diol|2|high
2-Bromo-2-Nitropropane-1, 3-Diol|2-Bromo-2-Nitropropane-1,3-Diol|2|high
2-Bromo-2-Nitropropane-1, 3-Dlol|2-Bromo-2-Nitropropane-1,3-Diol|1|high
2-Bromo-2Nitropropane-1, 3-Diol|2-Bromo-2-Nitropropane-1,3-Diol|2|high
2-Bromo-Nitropropane-1, 3-Diol|2-Bromo-2-Nitropropane-1,3-Diol|1|high
3-Diol 2-Bromo-2-Nitropropane-1|2-Bromo-2-Nitropropane-1,3-Diol|2|high
2,0-Ethyl Ascorbic Acid|2-O-Ethyl Ascorbic Acid|1|high
3,0-Ethyl Ascorbic Acid|3-O-Ethyl Ascorbic Acid|1|high
3-O Ethyl Ascorbic Acid|3-O-Ethyl Ascorbic Acid|2|high
3-O-Ethyl-L-Ascorbic Acid|3-O-Ethyl Ascorbic Acid|2|high
2-Oleamido-1, 3-Octade-Canediol|2-Oleamido-1,3-Octadecanediol|2|high
2-0Leamido-1,3-0Ctadecanediol|2-Oleamido-1,3-Octadecanediol|1|high
2-Phenoxyethanol|Phenoxyethanol|1|high
4-Hydroxyacetophenone|Hydroxyacetophenone|1|high
8-Hydroxy Quinoline Sulfate|8-Hydroxyquinoline Sulfate|2|high
12-Hydroxy Stearic Acid|12-Hydroxystearic Acid|2|high
2-Methyl-2H-Isothiazol-3-One|Methylisothiazolinone|1|high
2-Methyl-4-Isothiazolin-3-One|Methylisothiazolinone|1|high
2-Methylisothiazol-3-One|Methylisothiazolinone|1|high
3-Chloro-2-Methylisothiazol-3-One|Methylchloroisothiazolinone|1|high
5-Chloro-2-Methyl-2H-Isothiazol-3-One|Methylchloroisothiazolinone|1|high
5-Chloro-2-Methyl-4-Isothiazolin-3-One|Methylchloroisothiazolinone|1|high
A-Isomethyl Ionone|Alpha-Isomethyl Ionone|2|high
A-Lipoic Acid|Alpha Lipoic Acid|2|high
A-Pinene|Alpha Pinene|2|high
A-Bisabolol|Alpha-Bisabolol|2|high
Aastragalus Membranaceus Root Extract|Astragalus Membranaceus Root Extract|1|high
Abies Siberica Oil|Abies Sibirica Oil|1|high
Acacia Decurrens Flower Cera/Accia Decurrens Flower Wax|Acacia Decurrens Flower Cera/Acacia Decurrens Flower Wax|1|high
Acacia Decurrens Flower Cera / Acacia Decurrens Flower Wax|Acacia Decurrens Flower Cera/Acacia Decurrens Flower Wax|2|high
Acer Saccharinum Extract / Sugar Maple Extract|Acer Saccharinum Extract/Sugar Maple Extract|2|high
Acer Saccharum Extract / Sugar Maple Extract|Acer Saccharum Extract/Sugar Maple Extract|2|high
Acetamidoethyoxyethanol|Acetamidoethoxyethanol|1|high
Acetyl Carnitine Hci|Acetyl Carnitine Hcl|1|high
Acetyl Dipeptide 1 Cetyl Ester|Acetyl Dipeptide-1 Cetyl Ester|2|high
Acetyl Dipeptide-1 Cetylester|Acetyl Dipeptide-1 Cetyl Ester|2|high
Acetyl Dipeptide-1 Ceyl Ester|Acetyl Dipeptide-1 Cetyl Ester|1|high
Acethyl Tetrapeptides-15|Acetyl Tetrapeptide-15|1|high
Acetone Nf|Acetone|4|high
100% Cocoa Butter|Cocoa Butter|4|high
100% Cocos Nucifera Oil|Cocos Nucifera Oil|4|high
100% Pure Fractionated Coconut Oil|Fractionated Coconut Oil|4|high
100% Pure Grapeseed Oil|Grapeseed Oil|4|high
100% Pure Hippophae Rhamnoides Oil|Hippophae Rhamnoides Oil|4|high
100% Virgin Coconut Oil|Virgin Coconut Oil|4|high
100% Pure Virgin Coconut Oil|Virgin Coconut Oil|4|high
100% Squalane Oil|Squalane|4|high
100% Sclerocarya Birrea Oil|Sclerocarya Birrea Oil|4|high
100% Neem Seed Oil|Neem Seed Oil|4|high
100% Medical Grade Lanolin|Lanolin|4|high
100% Organic Cold Pressed Castor Oil|Castor Oil|4|high
100% Purified Emu Oil|Emu Oil|4|high
100% Plant-Derived Squalane|Squalane|4|high
100% Pure Organic Unrefined Macadamia Nut Oil|Macadamia Ternifolia Seed Oil|4|high
100% Natural Calcium Bentonite Clay|Calcium Bentonite Clay|4|high
100% Pure Magnesium Chloride Brine|Magnesium Chloride Brine|4|high
100% Pure Natural Rosewater|Rosewater|4|high
100% L-Ascorbic Acid Powder|L-Ascorbic Acid|4|high
15% Vitamin C|Vitamin C|4|high
20% Vitamin C|Vitamin C|4|high
15% Vitamin E|Vitamin E|4|high
2% Salicylic Acid|Salicylic Acid|4|high
2.5% Benzoyl Peroxide|Benzoyl Peroxide|4|high
2.6% Octocrylene|Octocrylene|4|high
3.0% Avobenzone|Avobenzone|4|high
3.0% Homosalate|Homosalate|4|high
5.0% Octisalate|Octisalate|4|high
5% CITRIC Acid|CITRIC Acid|4|high
5% Lactic Acid|Lactic Acid|4|high
5% Malic Acid|Malic Acid|4|high
1% Sodium Hyaluronate|Sodium Hyaluronate|4|high
0.2% Phytosphingosine|Phytosphingosine|4|high
8-Hydroxyquinoline Sulfate 0.3|8-Hydroxyquinoline Sulfate|4|high
8-Hydroxy Quinoline Sulfate 0.3%|8-Hydroxyquinoline Sulfate|4|high
100% Flaxseed Oil|Flax Seed Oil|4|review
24K Gold Powder|Gold|4|review
24-Karat Gold Leaf|Gold|4|review
100% Pure Prunus Amygdalus Dulcis|Prunus Amygdalus Dulcis|4|review
Aamla Fruit Extract|Amla|1|review
Abes Balsamea Tincture|Abies Balsamea Extract|1|review
Acacia Cathechu|Acacia Catechu Gum|1|review
Acacia DEALABATA Flower/Stem Extract|Acacia DEALBATA Flower Extract|1|review
Acetyl Alcohol|Cetyl Alcohol|1|review
& Trade Secret Natural Oil Blend||6|delete
10X||6|delete
20X||6|delete
3A||6|delete
3-Clays||6|delete
3-Methyl||6|delete
A.Sap||6|delete
Acetyl Hexapepetide-8|Acetyl Hexapeptide-8|1|high
Acetyl Hexapeptide 8|Acetyl Hexapeptide-8|2|high
Acetyl Hexapeptide‚Äì8|Acetyl Hexapeptide-8|2|high
Acetylhexa Peptide-8|Acetyl Hexapeptide-8|1|high
Acetylhexapeptide-8|Acetyl Hexapeptide-8|2|high
Acetal Hexapeptide-8|Acetyl Hexapeptide-8|1|high
Acetylglucosamine|Acetyl Glucosamine|2|high
Acetylarginyl-Tryptophyl Diphenylglycine|Acetylarginyltryptophyl Diphenylglycine|2|high
Acetylate Lanolin Alcohol|Acetylated Lanolin Alcohol|1|high
Acetylglutaminoyl Farnesylcysteine*|Acetylglutaminoyl Farnesylcysteine|5|high
Achillea Milleforium Flower/Leaf/Stem Extract|Achillea Millefolium Flower/Leaf/Stem Extract|1|high
Achillea Millefolium Yarrow|Achillea Millefolium|2|high
Acid Red 33 / CI 17200|Acid Red 33|2|high
Acid Red 33 17200|Acid Red 33|2|high
Acohol|Alcohol|1|high
Acrorus Calamus Root Extract|Acorus Calamus Root Extract|1|high
Acrylamide / Sodium Acryloyldimethyltaurate Copolymer|Acrylamide/Sodium Acryloyldimethyltaurate Copolymer|2|high
Acrylamide/ Sodium Acryloyldimethyltaurate Copolymer|Acrylamide/Sodium Acryloyldimethyltaurate Copolymer|2|high
Acrylamide/Sodium Acryloyldimethyl Taurate Copolymer|Acrylamide/Sodium Acryloyldimethyltaurate Copolymer|2|high
Acrylamide Ammoniumacrylate Copolymer|Acrylamide/Ammonium Acrylate Copolymer|2|high
Acrylamide Sodium Acrylate Copolymer|Acrylamide/Sodium Acrylate Copolymer|2|high
Acrylate/C10-30 Alkyl Acrylate Crosspolymer|Acrylates/C10-30 Alkyl Acrylate Crosspolymer|1|high
Acrylates / C-10-30 Alkyl Acrylate Crosspolymer|Acrylates/C10-30 Alkyl Acrylate Crosspolymer|2|high
Acrylates / C10-30 Alkyl Acrylate Crosspolymer|Acrylates/C10-30 Alkyl Acrylate Crosspolymer|2|high
Acrylates /C10-30 Alkyl Acrylate Crosspolymer|Acrylates/C10-30 Alkyl Acrylate Crosspolymer|2|high
Acrylates C10-30 Alkyl Acrylate Crosspolymer|Acrylates/C10-30 Alkyl Acrylate Crosspolymer|2|high
Acrylates-C10-30-Alkyl-Acrylate-Crosspolymer|Acrylates/C10-30 Alkyl Acrylate Crosspolymer|2|high
Acrylates/ C10-30 Alkyl Acrylate Crosspolymer|Acrylates/C10-30 Alkyl Acrylate Crosspolymer|2|high
Acrylates/10-30 Alkyl Acrylate Crosspolymer|Acrylates/C10-30 Alkyl Acrylate Crosspolymer|1|high
Acrylates/C 10-30 Alkyl Acrylate Crosspolymer|Acrylates/C10-30 Alkyl Acrylate Crosspolymer|2|high
Acrylates/C-10-30 Alkyl Acrylate Crosspolymer|Acrylates/C10-30 Alkyl Acrylate Crosspolymer|2|high
Acrylates/C0-30 Alkyl Actylate Crospolymer|Acrylates/C10-30 Alkyl Acrylate Crosspolymer|1|high
Acrylates/C1-30 Alkyl Acrylate Crosspolymer|Acrylates/C10-30 Alkyl Acrylate Crosspolymer|1|high
Acrylates/C10 30 Alkyl Acrylate Crosspolymer|Acrylates/C10-30 Alkyl Acrylate Crosspolymer|2|high
Acrylates/C10--30 Alkyl Acrylate Crosspolymer|Acrylates/C10-30 Alkyl Acrylate Crosspolymer|2|high
Acrylates/C10-30 Acrylate Crosspolymer|Acrylates/C10-30 Alkyl Acrylate Crosspolymer|2|high
Acrylates/C10-30 Alky Acrylate Crosspolymer|Acrylates/C10-30 Alkyl Acrylate Crosspolymer|1|high
Acrylates/C10-30 Alky Evaluate Crosspolymer|Acrylates/C10-30 Alkyl Acrylate Crosspolymer|1|high
Acrylates/C10-30 Alkyl Acrylatecrosspolymer|Acrylates/C10-30 Alkyl Acrylate Crosspolymer|2|high
Acrylates/C10-30 Alkyl Acrylates Crosspolymer|Acrylates/C10-30 Alkyl Acrylate Crosspolymer|2|high
Acrylates/C10-30 Alkyl Crosspolymer|Acrylates/C10-30 Alkyl Acrylate Crosspolymer|2|high
Acrylates/C10-30 Alkylacrylate Crosspolymer|Acrylates/C10-30 Alkyl Acrylate Crosspolymer|2|high
Acrylates/C10-30 Coalkyl Acrylate Crosspolymer|Acrylates/C10-30 Alkyl Acrylate Crosspolymer|1|high
Acrylates/C10/30 Alkyl Acrylate Crosspolymer|Acrylates/C10-30 Alkyl Acrylate Crosspolymer|2|high
Acrylates/C1030 Alkyl Acrylate Crosspolymer|Acrylates/C10-30 Alkyl Acrylate Crosspolymer|2|high
Acrylates/Ci0-30 Alkyl Acrylate Crosspolymer|Acrylates/C10-30 Alkyl Acrylate Crosspolymer|1|high
Acrylates/Cio-30 Alkyl Acrylate Crosspolymer|Acrylates/C10-30 Alkyl Acrylate Crosspolymer|1|high
Acrylatesc10-30 Alkyl Acrylate Crosspolymer|Acrylates/C10-30 Alkyl Acrylate Crosspolymer|2|high
Acrylates\C10-30 Alkyl Acrylate Crosspolymer|Acrylates/C10-30 Alkyl Acrylate Crosspolymer|2|high
Acylates/C10-30 Alkyl Acrylate Crosspolymer|Acrylates/C10-30 Alkyl Acrylate Crosspolymer|1|high
Aerylates/C10-30 Alkyl Acrylate Crosspolymer|Acrylates/C10-30 Alkyl Acrylate Crosspolymer|1|high
Acrylatescopolymer|Acrylates Copolymer|2|high
Acrylates Co-Polymer|Acrylates Copolymer|2|high
Acrylates/Beheneth 25 Methacrylate Copolymer|Acrylates/Beheneth-25 Methacrylate Copolymer|2|high
Acrylates/ Steareth-20 Methacrylate Copolymer|Acrylates/Steareth-20 Methacrylate Copolymer|2|high
Aerylates/Steareth 20 Methacrylate Copolymer|Acrylates/Steareth-20 Methacrylate Copolymer|1|high
Acrylates/Steareth 20 Methacrylate Crosspolymer|Acrylates/Steareth-20 Methacrylate Crosspolymer|2|high
Acrylates/ Polytrimethylsiloxymethacrylate Copolymer|Acrylates/Polytrimethylsiloxymethacrylate Copolymer|2|high
Acrylates/Stearyl Methylacrylate Copolymer|Acrylates/Stearyl Methacrylate Copolymer|1|high
Acrylonitrile/Methyl Methacrylatevinylidene Chloride Copolymer|Acrylonitrile/Methyl Methacrylate/Vinylidene Chloride Copolymer|2|high
Actinidia Chinenesis Fruit Juice|Actinidia Chinensis Fruit Juice|1|high
Actinidia Chinensis Fruit Extract*|Actinidia Chinensis Fruit Extract|5|high
Adansonia Digitala|Adansonia Digitata|1|high
Adansonia Digitata *|Adansonia Digitata|5|high
Adansonia Digitate Oil|Adansonia Digitata Oil|1|high
Adansonia Digitata Seed Oil*|Adansonia Digitata Seed Oil|5|high
Adapalene 0.1%|Adapalene|4|high
Adapalene Usp 0.1%|Adapalene|4|high
Aframonium Angustifolium Seed Extract|Aframomum Angustifolium Seed Extract|1|high
Aesculus Hippocastanum Seed Extract*|Aesculus Hippocastanum Seed Extract|5|high
Agania Spinosa Oil|Argania Spinosa Oil|1|high
Agarum Cribosum Extract|Agarum Cribrosum Extract|1|high
Agava Americana Leaf Extract|Agave Americana Leaf Extract|1|high
Agave Nectar*|Agave Nectar|5|high
Agua|Aqua|2|high
Agua/Water|Aqua/Water|2|high
Ahnfeitiopsis Concinna Extract|Ahnfeltiopsis Concinna Extract|1|high
Alantoin|Allantoin|1|high
Allantion|Allantoin|1|high
Allanton|Allantoin|1|high
Allation|Allantoin|1|high
Allontoin|Allantoin|1|high
Alcaligernes Polysaccharides|Alcaligenes Polysaccharides|1|high
Alchemeilla Vulgaris Flower/Leaf/Stem Extract|Alchemilla Vulgaris Flower/Leaf/Stem Extract|1|high
Alchemilla Vulgaris Leaf Extract*|Alchemilla Vulgaris Leaf Extract|5|high
Alcohol D Enat|Alcohol Denat|2|high
Alcohol DEANT|Alcohol Denat|1|high
Alcoholdenat|Alcohol Denat|2|high
Alcohol Denatured|Alcohol Denat|2|high
Alcohol Denat. / Sd Alcohol 39-C|Alcohol Denat./Sd Alcohol 39-C|2|high
Alcohol*|Alcohol|5|high
Alcohol 14|Alcohol|4|high
Alcohol 14%|Alcohol|4|high
Alcohol Usp|Alcohol|4|high
Alcohol Sd-40B|Sd Alcohol 40-B|2|high
Alcohol Sd-40|Sd Alcohol 40|2|high
Alcohol Sd-40A|Sd Alcohol 40-A|2|high
Alcohol Sd 38-B|Sd Alcohol 38-B|2|high
Aleromonas Ferment Extract|Alteromonas Ferment Extract|1|high
Alertes Moluccana Seed Oil|Aleurites Moluccana Seed Oil|1|high
Alertes Moulecana Nut Oil|Aleurites Moluccana Nut Oil|1|high
Alertes Mouluraccana Nut Oil|Aleurites Moluccana Nut Oil|1|high
Aleurite Moluccana Seed Oil|Aleurites Moluccana Seed Oil|1|high
Aleurites Moluccans Oil|Aleurites Moluccana Oil|1|high
Aleurites Moluceana Nut Oil|Aleurites Moluccana Nut Oil|1|high
Aleurites Moluccana Seed Oil*|Aleurites Moluccana Seed Oil|5|high
Alkylpolyglucoside C8‚Äìc16|Alkylpolyglucoside|2|high
Aloe Barbadenis Leaf Juice|Aloe Barbadensis Leaf Juice|1|high
Aloe Barbadens Leafuice|Aloe Barbadensis Leaf Juice|1|high
Aloe Barbadensis Ieaf Juice|Aloe Barbadensis Leaf Juice|1|high
Aloe Barbadensis Lead Juice|Aloe Barbadensis Leaf Juice|1|high
Aloe Barbadensis Leaf Juce|Aloe Barbadensis Leaf Juice|1|high
Aloe Barbadensis Leat Juice|Aloe Barbadensis Leaf Juice|1|high
Aloe Barbandensis Leaf Juice|Aloe Barbadensis Leaf Juice|1|high
Aloe Barbendensis Leaf Juice|Aloe Barbadensis Leaf Juice|1|high
Aloe Barbensis Leaf Juice|Aloe Barbadensis Leaf Juice|1|high
Aloe Barradensis Leaf Juice|Aloe Barbadensis Leaf Juice|1|high
Albe Barbadensis Leaf Juice|Aloe Barbadensis Leaf Juice|1|high
Aloe Barbadensis Leaf Juice *|Aloe Barbadensis Leaf Juice|5|high
Aloe Barbadensis Leaf Juice¬≤|Aloe Barbadensis Leaf Juice|2|high
Aloe Barbadensis Leave Juice*|Aloe Barbadensis Leaf Juice|2|high
Aloe Barbadensis *|Aloe Barbadensis|5|high
Aloe Barbadensis Extract*|Aloe Barbadensis Extract|5|high
Aloe Barbadensis Extract / Aloe Barbadensis Leaf Extract|Aloe Barbadensis Extract/Aloe Barbadensis Leaf Extract|2|high
Aloe Barbadenss Extract|Aloe Barbadensis Extract|1|high
Aloe Barbandensis Leaf Extract|Aloe Barbadensis Leaf Extract|1|high
Aloe Barbadensisleaf Extract|Aloe Barbadensis Leaf Extract|2|high
Aloe Barbadensis Leaf Extract¬≥|Aloe Barbadensis Leaf Extract|2|high
Aloe Barbadensis Leaf Extract Extract|Aloe Barbadensis Leaf Extract|2|high
Aloe Barbadensis Powder*|Aloe Barbadensis Powder|5|high
Aloe Barbadensis/Aloe Barbadensis Leaf Juce|Aloe Barbadensis/Aloe Barbadensis Leaf Juice|1|high
Aloe Barbadensis Leaf Juice Powder*|Aloe Barbadensis Leaf Juice Powder|5|high
Aloe Vera 200X|Aloe Vera|4|high
Acetyl Hexapeptides|Acetyl Hexapeptide-8|1|review
Acetyl-L Carnitine|Acetyl Carnitine Hcl|1|review
Acrylates/C10-30 Alkyl Acrylate|Acrylates/C10-30 Alkyl Acrylate Crosspolymer|2|review
Acrylates/ C10-30 Alkyl Acrylate|Acrylates/C10-30 Alkyl Acrylate Crosspolymer|2|review
Acrylamide/Acryloyldimethyl Taurate Copolymer|Acrylamide/Sodium Acryloyldimethyltaurate Copolymer|2|review
Ahnfeltia Concinna Extract|Ahnfeltiopsis Concinna Extract|3|review
Actinida Chinensis Fruit Seed Oil|Actinidia Chinensis Seed Oil|1|review
Aga||6|delete
Acifructol Complex P63||6|delete
Aloe Vera Leaf Juice*|Aloe Vera Leaf Juice|5|high
Aloe Vera Oil*|Aloe Vera Oil|5|high
Aloe Vera*|Aloe Vera|5|high
Alove Vera|Aloe Vera|1|high
Alpa-Isomethl Ionone|Alpha-Isomethyl Ionone|1|high
Alpha Iso Methyl Ionone|Alpha-Isomethyl Ionone|2|high
Alpha Isomethyl Ionone|Alpha-Isomethyl Ionone|2|high
Alpha Isomethyl Lonone|Alpha-Isomethyl Ionone|1|high
Alpha Isomethylionone|Alpha-Isomethyl Ionone|2|high
Alpha-Isamethyl Lanone|Alpha-Isomethyl Ionone|1|high
Alpha-Isomethyl 1Onone|Alpha-Isomethyl Ionone|1|high
Alpha-Isomethyl Bnone|Alpha-Isomethyl Ionone|1|high
Alpha-Isomethyl Lonone|Alpha-Isomethyl Ionone|1|high
Alpha-Isomethylionone|Alpha-Isomethyl Ionone|2|high
Alpha-Lsomethyl Lonone|Alpha-Isomethyl Ionone|1|high
Alphaisomethyl Ionone|Alpha-Isomethyl Ionone|2|high
Alphaisomethylionone|Alpha-Isomethyl Ionone|2|high
Apha-Isomethyl Ionone|Alpha-Isomethyl Ionone|1|high
Apha-Isomethyl Lonone|Alpha-Isomethyl Ionone|1|high
Alpha Arbutin|Alpha-Arbutin|2|high
Alpha Bisabolol|Alpha-Bisabolol|2|high
Alpha Glucan Oligosaccharide|Alpha-Glucan Oligosaccharide|2|high
Alpha Tocopherol|Alpha-Tocopherol|2|high
Alpha Oligo Peptide-6|Alpha Oligopeptide-6|2|high
Alpha Olefin Sulphonate|Alpha Olefin Sulfonate|2|high
Alpha-Lonone|Alpha-Ionone|1|high
Alpha-Methylionone|Alpha-Methyl Ionone|2|high
Alpha Tocopherol Acetate|Alpha Tocopheryl Acetate|2|high
Alteromonus Ferment Filtrate|Alteromonas Ferment Filtrate|1|high
Althaea Ocinalis Leaf/Root Extract|Althaea Officinalis Leaf/Root Extract|1|high
Althaea Ocinalis Root Extract|Althaea Officinalis Root Extract|1|high
Althea Officinalis|Althaea Officinalis|1|high
Althea Officinalis Root Extract|Althaea Officinalis Root Extract|1|high
Althea Rosea Flower Extract|Althaea Rosea Flower Extract|1|high
Althaea Officinalis Marshmallow Plant Root Extract|Althaea Officinalis Root Extract|2|high
Aluminium Hydroxide|Aluminum Hydroxide|2|high
Aluminium Oxide|Aluminum Oxide|2|high
Aluminium Powder|Aluminum Powder|2|high
Aluminium Silicate|Aluminum Silicate|2|high
Aluminium Starch Octenylsuccinate|Aluminum Starch Octenylsuccinate|2|high
Aluminum Starch Octenyl Succinate|Aluminum Starch Octenylsuccinate|2|high
Aluminum Magnesium Hydroxide Stearate|Aluminum/Magnesium Hydroxide Stearate|2|high
Amber Extroct|Amber Extract|1|high
Amethyst Powoer|Amethyst Powder|1|high
Amethysts Extract|Amethyst Extract|2|high
Amica Cordifolia Extract|Arnica Cordifolia Extract|1|high
Amica Montana Extract|Arnica Montana Extract|1|high
Amica Montana Flower Extract|Arnica Montana Flower Extract|1|high
Arnicamontana Flower Extract|Arnica Montana Flower Extract|2|high
Arni¬≠¬≠¬≠¬≠Ca Montana Flower Extract|Arnica Montana Flower Extract|2|high
Arnica Montana Extract*|Arnica Montana Extract|5|high
Arnica Montana Flower Extract*|Arnica Montana Flower Extract|5|high
Arnica Montana Leaf Extract*|Arnica Montana Leaf Extract|5|high
Arnica Montana Oil*|Arnica Montana Oil|5|high
Arnica Cordifolio Flower Extract|Arnica Cordifolia Extract|1|review
Amino Ester-1|Amino Esters-1|2|high
Amino-Esters-1|Amino Esters-1|2|high
Amino Methyl Propanol|Aminomethyl Propanol|2|high
Aminomethylpropanol|Aminomethyl Propanol|2|high
Aminomethylpropanediol|Aminomethyl Propanediol|2|high
Amino Propanol|Aminopropanol|2|high
Ammomium Lactate|Ammonium Lactate|1|high
Ammonium Lauryl Sufate|Ammonium Lauryl Sulfate|1|high
Ammonium Lauryl Sulphate|Ammonium Lauryl Sulfate|2|high
Ammonium Acrylodimethyltaurate/Vp Copolymer|Ammonium Acryloyldimethyltaurate/Vp Copolymer|1|high
Ammonium Acryloldemethyltaurate Vp Copolymer|Ammonium Acryloyldimethyltaurate/Vp Copolymer|1|high
Ammonium Acrylolydimethyltaurate/Vp Copolymer|Ammonium Acryloyldimethyltaurate/Vp Copolymer|1|high
Ammonium Acryloydimethyltaurate/Vp Copolymer|Ammonium Acryloyldimethyltaurate/Vp Copolymer|1|high
Ammonium Acryloyl Dimethyltaurate/Vp Copolymer|Ammonium Acryloyldimethyltaurate/Vp Copolymer|2|high
Ammonium Acryloyldimethltaurate/Vp Copolymer|Ammonium Acryloyldimethyltaurate/Vp Copolymer|1|high
Ammonium Acryloyldimethyl Taurate/Vp Copolymer|Ammonium Acryloyldimethyltaurate/Vp Copolymer|2|high
Ammonium Acryloyldimethyltaurate / Vp Copolymer|Ammonium Acryloyldimethyltaurate/Vp Copolymer|2|high
Ammonium Acryloyldimethyltaurate Np Copolymer|Ammonium Acryloyldimethyltaurate/Vp Copolymer|1|high
Ammonium Acryloyldimethyltaurate Vp Copolymer|Ammonium Acryloyldimethyltaurate/Vp Copolymer|2|high
Ammonium Acryloyldimethyltaurate/ Vp Copolymer|Ammonium Acryloyldimethyltaurate/Vp Copolymer|2|high
Ammonium Acryloyldimethyltaurate/Vpcopolymer|Ammonium Acryloyldimethyltaurate/Vp Copolymer|2|high
Ammonium Acryloyldimethyltuarate/Vp Copolymer|Ammonium Acryloyldimethyltaurate/Vp Copolymer|1|high
Ammonium Acryloyldimethytaurate/Vp Copolymer|Ammonium Acryloyldimethyltaurate/Vp Copolymer|1|high
Ammonium Acryloylmethyltaurate/Vp Copolymer|Ammonium Acryloyldimethyltaurate/Vp Copolymer|1|high
Ammoniumacryloyldimethyltaurate/Vp Copolymer|Ammonium Acryloyldimethyltaurate/Vp Copolymer|2|high
Ammonium Acryloyldimethyltaurate/Steareth 25 Methacrylate Crosspolymer|Ammonium Acryloyldimethyltaurate/Steareth-25 Methacrylate Crosspolymer|2|high
Ammonium Acryloyldimethyltaurate / Steareth-8 Methacrylate Copolymer|Ammonium Acryloyldimethyltaurate/Steareth-8 Methacrylate Copolymer|2|high
Ammonium Acryloyl Dimethyltaurate/Carboxyethyl Acrylate Crosspolymer|Ammonium Acryloyldimethyltaurate/Carboxyethyl Acrylate Crosspolymer|2|high
Ammonium Polyacryldimethyltauramide / Ammonium Polyacryloyldimethyl Taurate|Ammonium Polyacryldimethyltauramide/Ammonium Polyacryloyldimethyl Taurate|2|high
Ammonium Polyacryldimethyltauramide /Ammonium Polyacryloyldimethyl Taurate|Ammonium Polyacryldimethyltauramide/Ammonium Polyacryloyldimethyl Taurate|2|high
Ammoniumpolyacryldimethyltauramide / Ammoniumpolyacryloyldimethyl Taurate|Ammonium Polyacryldimethyltauramide/Ammonium Polyacryloyldimethyl Taurate|2|high
Ammonium Polyacrylatedimethyl Tauramide|Ammonium Polyacryldimethyltauramide|1|high
Ammoniumpolyacryloyldimethyltaurate|Ammonium Polyacryloyldimethyl Taurate|2|high
Ammonium Polyacryloyldiethyltaurate|Ammonium Polyacryloyldimethyl Taurate|1|high
Ammonium Hydroxide Solution|Ammonium Hydroxide|4|high
Amorphophalluskonjac Root Powder|Amorphophallus Konjac Root Powder|2|high
Amyl CINNAMALDEHYDE|Amyl CINNAMIC Aldehyde|2|high
Amylcinnamic Aldehyde|Amyl CINNAMIC Aldehyde|2|high
Amylcinnamal|Amyl CINNAMAL|2|high
Amylcinnamyl Alcohol|Amyl CINNAMYL Alcohol|2|high
Amyl CINNAMIC Benzaldehyde|Amyl CINNAMIC Aldehyde|1|review
Amyris Balsamifera Bark Oil*|Amyris Balsamifera Bark Oil|5|high
Amyris Balsamifera Barkoil|Amyris Balsamifera Bark Oil|2|high
Amyris Barsamifera Bark Oil|Amyris Balsamifera Bark Oil|1|high
Ananas Sativa Fruit Extract|Ananas Sativus Fruit Extract|1|high
Ananas Sativus Fruit Extract*|Ananas Sativus Fruit Extract|5|high
Ananas Sativus Fruit Extract / Pineapple Fruit Extract|Ananas Sativus Fruit Extract/Pineapple Fruit Extract|2|high
Andansonia Digitata Seed Oil|Adansonia Digitata Seed Oil|1|high
Anona Cherimolia Fruit Extract|Annona Cherimola Fruit Extract|1|high
Anona Muricata Fruit Extract|Annona Muricata Fruit Extract|1|high
Anogeissus Leiocarpa Bark Extract|Anogeissus Leiocarpus Bark Extract|1|high
Angelic Polymorpha Sinensis Root Extract|Angelica Polymorpha Sinensis Root Extract|1|high
Angelica Archangelica Root Water*|Angelica Archangelica Root Water|5|high
Anhydraxylitoi|Anhydroxylitol|1|high
Anydroxylitol|Anhydroxylitol|1|high
Aniba Roseodora Essential Oil|Aniba Rosaeodora Oil|1|high
Aniba Rosodora Wood Extract|Aniba Rosaeodora Wood Extract|1|high
Aniba Rosodora Wood Oil|Aniba Rosaeodora Wood Oil|1|high
Anibarosodora Wood Extract|Aniba Rosaeodora Wood Extract|1|high
Anigozanthos Flavidus Flower/ Leaf Extract|Anigozanthos Flavidus Flower/Leaf Extract|2|high
Anthem Nobilis Essential Oil|Anthemis Nobilis Essential Oil|1|high
Anthemis Nobils|Anthemis Nobilis|1|high
Anthemus Nobilis *|Anthemis Nobilis|1|high
Anthemis Nobilis Extract*|Anthemis Nobilis Extract|5|high
Anthemis Nobilis Chamomile Flower Extract|Anthemis Nobilis Flower Extract|2|high
Anthenol|Panthenol|1|review
Antheum Graveolens Herb Extract|Anethum Graveolens Seed Extract|1|review
Aphanizomenon Flos-Aguae Powder|Aphanizomenon Flos-Aquae Powder|1|high
Aphanizomenon Flos Aquae|Aphanizomenon Flos-Aquae|2|high
Aphanizomenon Flos Aquae Extract|Aphanizomenon Flos-Aquae Extract|2|high
Apium Graveolens Root/Seed Extract|Apium Graveolens Seed Extract|2|review
Apricot Kernel Amino Acid|Apricot Kernel Amino Acids|2|high
Apricot Oils|Apricot Oil|2|high
Aqua *|Aqua|5|high
Aqua*|Aqua|5|high
Aqua Water|Aqua/Water|2|high
Aqua / Water|Aqua/Water|2|high
Aqua /Water|Aqua/Water|2|high
Aqua/ Water|Aqua/Water|2|high
Aqua / Water / Eau|Aqua/Water/Eau|2|high
Aqua / Water /Eau|Aqua/Water/Eau|2|high
Aqua / Water Eau|Aqua/Water/Eau|2|high
Aqua / Water/Eau|Aqua/Water/Eau|2|high
Aqua /Water /Eau|Aqua/Water/Eau|2|high
Aqua /Water/Eau|Aqua/Water/Eau|2|high
Aqua ; Water ; Eau|Aqua/Water/Eau|2|high
Aqua/ Water / Eau|Aqua/Water/Eau|2|high
Aqua/ Water/ Eau|Aqua/Water/Eau|2|high
Aqua/ Water/Eau|Aqua/Water/Eau|2|high
Aqua/Water /Eau|Aqua/Water/Eau|2|high
Aqua/Water Eau|Aqua/Water/Eau|2|high
Aqua/Water/ Eau|Aqua/Water/Eau|2|high
Aquawater/Eau|Aqua/Water/Eau|2|high
Aquawatereau|Aqua/Water/Eau|2|high
Aqua\Water\Eau|Aqua/Water/Eau|2|high
Aqua/Eau/Water|Aqua/Water/Eau|2|high
Aqua / Eau|Aqua/Eau|2|high
Aqua /Eau|Aqua/Eau|2|high
Arabidopsis Thalians Extract|Arabidopsis Thaliana Extract|1|high
Archidyl Alcohol|Arachidyl Alcohol|1|high
Archidyl Glucoside|Arachidyl Glucoside|1|high
Arctium Lappa Root Extr Act|Arctium Lappa Root Extract|2|high
Arctium Lappa Root Extract*|Arctium Lappa Root Extract|5|high
Arctium Lappa Root Extract+|Arctium Lappa Root Extract|5|high
Arctium Lappa Extract*|Arctium Lappa Extract|5|high
Arctium Lappa Burdock Root Extract|Arctium Lappa Root Extract|2|high
Articum Lappa Root Extract|Arctium Lappa Root Extract|1|high
Arctostaphylos Uva Ursi *|Arctostaphylos Uva Ursi Extract|2|review
Arctostaphylos Uva Ursi Bearberry Leaf Extract|Arctostaphylos Uva Ursi Leaf Extract|2|high
Arctostaphylos Uva Ursi Extract Leaf|Arctostaphylos Uva Ursi Leaf Extract|2|high
Arctostaphylos Uva-Ur-Si Extract|Arctostaphylos Uva-Ursi Extract|2|high
Arctostaphylos Uva-Ursi Extract*|Arctostaphylos Uva-Ursi Extract|5|high
Arctostaphylos Uve-Ursi Leaf Extract|Arctostaphylos Uva-Ursi Leaf Extract|1|high
Arctostaphylus Uva Ursi Leaf Extract|Arctostaphylos Uva Ursi Leaf Extract|1|high
Arctostaphylos Viscida Flower Extract*|Arctostaphylos Viscida Flower Extract|5|high
Argan Spinosa Kernel Oil|Argania Spinosa Kernel Oil|1|high
Argania Spinosa Keel Oil|Argania Spinosa Kernel Oil|1|high
Argania Spinosa Kemel Oil|Argania Spinosa Kernel Oil|1|high
Argania Spinosa Kernal Oil|Argania Spinosa Kernel Oil|1|high
Argania Spinosa Kernal Extract|Argania Spinosa Kernel Extract|1|high
Argania Spinosa Kernel Oil*|Argania Spinosa Kernel Oil|5|high
Argania Spinosa Kernel Argan Oil|Argania Spinosa Kernel Oil|2|high
Argania Spinosaker Nel Oil|Argania Spinosa Kernel Oil|2|high
Argania Spinose Kernel Oil|Argania Spinosa Kernel Oil|1|high
Argania Spinoza Kernel Oil|Argania Spinosa Kernel Oil|1|high
Argania Spinsosa Kernel Oil|Argania Spinosa Kernel Oil|1|high
Argania Spinsosa Oil|Argania Spinosa Oil|1|high
Argania Spinosa Nut Oil*|Argania Spinosa Nut Oil|5|high
Argania Spinosa Oil‚Ä†|Argania Spinosa Oil|2|high
Argania Spinosa Oil/Arganina Spinosa Kernel Oil|Argania Spinosa Oil/Argania Spinosa Kernel Oil|1|high
Argan Isostearylic Esters**|Argan Isostearylic Esters|5|high
Argilla / Magnesium Aluminum Silicate|Argilla/Magnesium Aluminum Silicate|2|high
Argenine|Arginine|1|high
Argine|Arginine|1|high
Arginne|Arginine|1|high
Arinine|Arginine|1|high
Arginine Hci|Arginine Hcl|1|high
Arginine Hbi|Arginine Hcl|1|review
Aristotelia Chinensis|Aristotelia Chilensis|1|high
Aroma *|Aroma|5|high
Aroma Flavor|Aroma/Flavor|2|high
Aroma / Flavor|Aroma/Flavor|2|high
Aroma/Flavour|Aroma/Flavor|2|high
And Limonene Extract||6|delete
And Rose Hips||6|delete
And Yarrow Flowers||6|delete
Angustifolia Extractm||6|delete
Angustifolium Extract||6|delete
Annuus Seed Oil||6|delete
Ap4¬Æ Complex||6|delete
Aromol||6|delete
Aloysia CITRODORA Leaf Oil|Lippia CITRIODORA Leaf Oil|3|review
Butyospermum Parkii Butter|Butyrospermum Parkii Butter|1|high
Butyrospemum Parki Butter|Butyrospermum Parkii Butter|1|high
Butyrospemum Parkii Butter|Butyrospermum Parkii Butter|1|high
Butyrosperm Parkii Butter|Butyrospermum Parkii Butter|1|high
Butyrospermum Pakii Butter|Butyrospermum Parkii Butter|1|high
Butyrospermum Park Butter|Butyrospermum Parkii Butter|1|high
Butyrospermum Parki Butter|Butyrospermum Parkii Butter|1|high
Butyrospermum Parkiil Butter|Butyrospermum Parkii Butter|1|high
Butyrospermum Parkili Butter|Butyrospermum Parkii Butter|1|high
Butyrospermumparkii Butter|Butyrospermum Parkii Butter|2|high
Butyrospermun Parkii Butter|Butyrospermum Parkii Butter|1|high
Butyrospernum Parki Butter|Butyrospermum Parkii Butter|1|high
Butrospermum Parkii Butter|Butyrospermum Parkii Butter|1|high
Butryospermum Parkii Butter|Butyrospermum Parkii Butter|1|high
Butyrospernum Parkii Butter*|Butyrospermum Parkii Butter|1|high
Butyrospermum Parkii Butter/Butyrospermum Parkil Butter|Butyrospermum Parkii Butter|1|high
Butyrospermum Parki Butter/Butyrospermum Parkii Butter|Butyrospermum Parkii Butter|1|high
Butyrospermum Parkii Butter / Shea Butter|Butyrospermum Parkii Butter|2|high
Butyrospermum Parkii Butter /Shea Butter|Butyrospermum Parkii Butter|2|high
Butyrospermum Parkii Butter/ Shea Butter|Butyrospermum Parkii Butter|2|high
Butyrospermum Parkii Butter Extract*|Butyrospermum Parkii Butter Extract|5|high
Butyrospermum Parki Butter Extract|Butyrospermum Parkii Butter Extract|1|high
Butyrospermum Pakii|Butyrospermum Parkii|1|high
Butyspermum Parkii|Butyrospermum Parkii|1|high
Butyrospermum Parkii Fruit*|Butyrospermum Parkii Fruit|5|high
Butyrospermum Parkil Fruit|Butyrospermum Parkii Fruit|1|high
Butyrospermum Parkii Leaf* Aqueous Extract|Butyrospermum Parkii Leaf Aqueous Extract|5|high
Butyrospermum Parkii Shea Butter|Butyrospermum Parkii Butter|2|high
Butyrospermum Parki Shea Butter|Butyrospermum Parkii Butter|2|high
Butyrospermum Parkii / Shea Butter|Butyrospermum Parkii Butter|2|high
Butyparaben|Butylparaben|1|high
Butlparaben|Butylparaben|1|high
Butyphenyl Methylpropional|Butylphenyl Methylpropional|1|high
Buyphenyl Methypropional|Butylphenyl Methylpropional|1|high
Butylphenyl Methylproponal|Butylphenyl Methylpropional|1|high
Butylphenyl Methypropional|Butylphenyl Methylpropional|1|high
Butylpheny Methylpropional|Butylphenyl Methylpropional|1|high
Butylphenyl Menthylpropional|Butylphenyl Methylpropional|1|high
Butylphenyl Methlyproprional|Butylphenyl Methylpropional|1|high
Butylphenyl Methlypropronial|Butylphenyl Methylpropional|1|high
Butylphenyl Methyl Propional|Butylphenyl Methylpropional|2|high
Butylphenyl Methylpropianol|Butylphenyl Methylpropional|1|high
Buthylphenyl Methylpropional|Butylphenyl Methylpropional|1|high
Capric Caprylic Triglyceride|Caprylic/Capric Triglyceride|2|high
Capric Caprylic Triglycerides|Caprylic/Capric Triglyceride|2|high
Capric/ Caprylic Triglycerides|Caprylic/Capric Triglyceride|2|high
Capric/Caprylic Triglyceride|Caprylic/Capric Triglyceride|2|high
Capric/Caprylic Triglycerides|Caprylic/Capric Triglyceride|2|high
Caprilic Capric Triglycerides|Caprylic/Capric Triglyceride|1|high
Caprilic/Capric Triglyceride|Caprylic/Capric Triglyceride|1|high
Caprilyc/Capric Triglycerides|Caprylic/Capric Triglyceride|1|high
Capryic/Capric Triglyceride|Caprylic/Capric Triglyceride|1|high
Caprylic / Capric Triglyceride|Caprylic/Capric Triglyceride|2|high
Caprylic / Capric Triglycerides|Caprylic/Capric Triglyceride|2|high
Caprylic /Capric Triglyceride|Caprylic/Capric Triglyceride|2|high
Caprylic Capric Triglyceride|Caprylic/Capric Triglyceride|2|high
Caprylic Capric Triglycerides|Caprylic/Capric Triglyceride|2|high
Caprylic-Capric Tg|Caprylic/Capric Triglyceride|2|high
Caprylic-Capric Triglyceride|Caprylic/Capric Triglyceride|2|high
Caprylic-Capric-Triglyceride|Caprylic/Capric Triglyceride|2|high
Caprylic/ Capric Triglyceride|Caprylic/Capric Triglyceride|2|high
Caprylic/-Capric Triglyceride|Caprylic/Capric Triglyceride|2|high
Caprylic/Capic Triglyceride|Caprylic/Capric Triglyceride|1|high
Caprylic/Capri Triglyceride|Caprylic/Capric Triglyceride|1|high
Caprylic/Capric Trigliceride|Caprylic/Capric Triglyceride|1|high
Caprylic/Capric Triglyceride*|Caprylic/Capric Triglyceride|5|high
Caprylic/Capric Triglyceride**|Caprylic/Capric Triglyceride|5|high
Caprylic/Capric Triglycerides|Caprylic/Capric Triglyceride|2|high
Caprylic/Capric Triglycride|Caprylic/Capric Triglyceride|1|high
Caprylic/Capric Triglyeride|Caprylic/Capric Triglyceride|1|high
Caprylic/Capric Trigycerides|Caprylic/Capric Triglyceride|1|high
Caprylic/Capric Trigylceride|Caprylic/Capric Triglyceride|1|high
Caprylic/Capric Tryglyceride*|Caprylic/Capric Triglyceride|1|high
Caprylic/Capric/Triglyceride|Caprylic/Capric Triglyceride|2|high
Caprylic/Caprictriglyceride|Caprylic/Capric Triglyceride|2|high
Caprylic/Caprid Triglyceride|Caprylic/Capric Triglyceride|1|high
Caprylicicapric Triglyceride|Caprylic/Capric Triglyceride|1|high
Caprylie/Caprie Triglyeeride|Caprylic/Capric Triglyceride|1|high
Carpylic/Capric Triglyceride|Caprylic/Capric Triglyceride|1|high
Caprylic/Capric/Myristic/Stearic Triglycerides|Caprylic/Capric/Myristic/Stearic Triglyceride|2|high
Caprylic/Capric/Myrsitic/Stearic Triglyceride|Caprylic/Capric/Myristic/Stearic Triglyceride|1|high
Caprylic/ Capric/Myristic/Stearic Triglyceride|Caprylic/Capric/Myristic/Stearic Triglyceride|2|high
Caprylhedroxamic Acid|Caprylhydroxamic Acid|1|high
Caprylhydroxamic|Caprylhydroxamic Acid|2|high
Caprylhydroxamic Aci|Caprylhydroxamic Acid|2|high
Caprylohydroxamic Acid|Caprylhydroxamic Acid|1|high
Caprylylhydroxamic Acid|Caprylhydroxamic Acid|1|high
Caprlyl Glycol|Caprylyl Glycol|1|high
Caprlylyl Glycol|Caprylyl Glycol|1|high
Capryly Glycol|Caprylyl Glycol|1|high
Caprylyi Glycol|Caprylyl Glycol|1|high
Caprylyl Glyocal|Caprylyl Glycol|1|high
Caprylyl Glyocol|Caprylyl Glycol|1|high
Caprylyl Gycol|Caprylyl Glycol|1|high
Caprylyl Gylcol|Caprylyl Glycol|1|high
Caprylylglycol|Caprylyl Glycol|2|high
Capryyl Glycol|Caprylyl Glycol|1|high
Capyrylyl Glycol|Caprylyl Glycol|1|high
Caprylyl / Capryl Glucoside|Caprylyl/Capryl Glucoside|2|high
Caprylyl Capryl Glucoside|Caprylyl/Capryl Glucoside|2|high
Caprylyl/ Capryl Glucoside|Caprylyl/Capryl Glucoside|2|high
Caprylyl/Capryl Glucoside*|Caprylyl/Capryl Glucoside|5|high
Caprylyl/Capryl Glycosides|Caprylyl/Capryl Glucoside|2|high
Caprylyl/Capryl Oligoglucoside|Caprylyl/Capryl Glucoside|2|high
Caprylyl/Capryl/ Capryl Glucoside|Caprylyl/Capryl Glucoside|2|high
Capryly/Capryl Glucoside|Caprylyl/Capryl Glucoside|1|high
Caprylyl-Caprylate/Caprate|Caprylyl Caprylate/Caprate|2|high
Caprylyl‚Äìcaprylate/Caprate|Caprylyl Caprylate/Caprate|2|high
Caprylyl/Capryl Wheat Bran/ Straw Glycosides|Caprylyl/Capryl Wheat Bran/Straw Glycosides|2|high
Capryloyl Glycerin/ Sebacic Acid Copolymer|Capryloyl Glycerin/Sebacic Acid Copolymer|2|high
Capryloyl Glycerin/Sebacic Acid|Capryloyl Glycerin/Sebacic Acid Copolymer|2|review
Caproyl Phytosphingosine|Caprooyl Phytosphingosine|1|high
Caproyl Sphingosine|Caprooyl Sphingosine|1|high
Capsicum Annuum Extract / Capsicum Annuum Fruit Extract|Capsicum Annuum Extract/Capsicum Annuum Fruit Extract|2|high
Carageenan|Carrageenan|1|high
Carapa Guaianesis Seed Oil|Carapa Guaianensis Seed Oil|1|high
Carbomers|Carbomer|2|high
Cabomer|Carbomer|1|high
Carbormer|Carbomer|1|high
Carmober|Carbomer|1|high
Carbomer Interpolymer A|Carbomer Interpolymer Type A|2|high
Carmel|Caramel|1|high
Carmel Color|Caramel Color|1|high
Cetearly Alcohol|Cetearyl Alcohol|1|high
Ceteary Alcohol|Cetearyl Alcohol|1|high
Cetearyl Alc|Cetearyl Alcohol|2|high
Cetearylalcohol|Cetearyl Alcohol|2|high
Ceterayl Alcohol|Cetearyl Alcohol|1|high
Cetery Alcochol|Cetearyl Alcohol|1|high
Ceteryl Alcohol|Cetearyl Alcohol|1|high
Ceto Stearyl Alcohol|Cetearyl Alcohol|2|review
Cetostearyl Alcohol|Cetearyl Alcohol|2|review
Cetyl Stearyl Alcohol|Cetearyl Alcohol|2|review
Cetyl/Stearyl Alcohol|Cetearyl Alcohol|2|review
Cetearyl Alcohol**|Cetearyl Alcohol|5|high
Cetearyl Alcohol Nf|Cetearyl Alcohol|4|high
Ceteary! Glucoside|Cetearyl Glucoside|2|high
Cetearylglucoside|Cetearyl Glucoside|2|high
Cetearyl Glucoside*|Cetearyl Glucoside|5|high
Cetearyl Ehtylhexanoate|Cetearyl Ethylhexanoate|1|high
Ceteareth20|Ceteareth-20|2|high
Cetearth-20|Ceteareth-20|1|high
Cetereath-20|Ceteareth-20|1|high
Cetereath-25|Ceteareth-25|1|high
Ceteareth 10|Ceteareth-10|2|high
Ceteareth 12|Ceteareth-12|2|high
Ceteareth 20|Ceteareth-20|2|high
Ceteareth 25|Ceteareth-25|2|high
Ceteareth 3|Ceteareth-3|2|high
Ceteth 20|Ceteth-20|2|high
Ceteth 10 Phosphate|Ceteth-10 Phosphate|2|high
Cetl Alcohol|Cetyl Alcohol|1|high
Cety Alchol|Cetyl Alcohol|1|high
Cety Alcohol|Cetyl Alcohol|1|high
Cety! Alcohol|Cetyl Alcohol|2|high
Cetyl Alchol|Cetyl Alcohol|1|high
Cetyl Alcohol*|Cetyl Alcohol|5|high
Cetyl Alcohol Nf|Cetyl Alcohol|4|high
Cetraria Islandica Extract*|Cetraria Islandica Extract|5|high
Chiorphenesin|Chlorphenesin|1|high
Chiorphenesit|Chlorphenesin|1|high
Chlor Phenesin|Chlorphenesin|2|high
Chlorphensin|Chlorphenesin|1|high
Chlorophenesin|Chlorphenesin|1|review
Chloromethyl-Isothiazolinone|Methylchloroisothiazolinone|1|review
Chlorhexidine Digluconat|Chlorhexidine Digluconate|1|high
Chlorella Vularis Extract|Chlorella Vulgaris Extract|1|high
Chlorella Vulgaris Extract S|Chlorella Vulgaris Extract|2|high
Chlorella Vulgaris Extracts|Chlorella Vulgaris Extract|2|high
Chlorella Vulgaris / Lupinus Albus Protein Ferment|Chlorella Vulgaris/Lupinus Albus Protein Ferment|2|high
Chlorophyl|Chlorophyll|1|high
Chlorophyllin Copper Complex|Chlorophyllin-Copper Complex|2|high
Chloroxylenol 0.3%|Chloroxylenol|4|high
Chloroxylenol 0.30%|Chloroxylenol|4|high
Chloroxylenol 0.5%|Chloroxylenol|4|high
Chloesterol|Cholesterol|1|high
CITIC Acid|CITRIC Acid|1|high
CITIRIC Acid|CITRIC Acid|1|high
CITRICACID|CITRIC Acid|2|high
CITRIC Acid*|CITRIC Acid|5|high
CITRIC Acid**|CITRIC Acid|5|high
CITRIC Acid Usp|CITRIC Acid|4|high
CITRIC Acid Powder|CITRIC Acid|4|high
Anhydrous CITRIC Acid|CITRIC Acid|2|high
CITRIC Acid/Acide CITRIQUE|CITRIC Acid|2|high
CITRAL*|CITRAL|5|high
CITRAL¬≤|CITRAL|2|high
CITRONELIOL|CITRONELLOL|1|high
CITRONELLO|CITRONELLOL|1|high
CITRONELLOI|CITRONELLOL|1|high
CITRONELLOL*|CITRONELLOL|5|high
CITRONELLOL¬≤|CITRONELLOL|2|high
CITRONNELLOL|CITRONELLOL|1|high
CIRONELLOL|CITRONELLOL|1|high
Ctronellol|CITRONELLOL|1|high
CITRONELL|CITRONELLOL|1|review
CITRULLUS Lanatas Extract|CITRULLUS Lanatus Extract|1|high
CITRIS Aurantium Dulcis Extract|CITRUS Aurantium Dulcis Extract|1|high
Dimethicol|Dimethicone|1|high
Dimethocone|Dimethicone|1|high
Dmethicone|Dimethicone|1|high
Dimeticone|Dimethicone|1|high
Imethicone|Dimethicone|1|high
Cyclo Methicone|Cyclomethicone|2|high
Dimethicone 1%|Dimethicone|4|high
Dimethicone 1.2%|Dimethicone|4|high
Dimethicone 1.3%|Dimethicone|4|high
Dimethicone 1.5%|Dimethicone|4|high
Dimethicone 2%|Dimethicone|4|high
Dimethicone 2.0%|Dimethicone|4|high
Dimethicone 2.0% W/W|Dimethicone|4|high
Dimethicone 20%|Dimethicone|4|high
Dimethicone 5.0%|Dimethicone|4|high
Dimethicone 200|Dimethicone|4|high
Dimethicone 360|Dimethicone|4|high
Dimethicone Cross Polymer|Dimethicone Crosspolymer|2|high
Dimethicone / Vinyl Dimethicone Crosspolymer|Dimethicone/Vinyl Dimethicone Crosspolymer|2|high
Dimethicone/ Vinyl Dimethicone Crosspolymer|Dimethicone/Vinyl Dimethicone Crosspolymer|2|high
Dimethicone Vinyl Dimethicone Crosspolymer|Dimethicone/Vinyl Dimethicone Crosspolymer|2|high
Dimethicone/Vinal Dimethicone Crosspolymer|Dimethicone/Vinyl Dimethicone Crosspolymer|1|high
Dimethicone/Vinyl Di-Methicone Crosspolymer|Dimethicone/Vinyl Dimethicone Crosspolymer|2|high
Dimethicone/Vinyl Dimenticone Crosspolymer|Dimethicone/Vinyl Dimethicone Crosspolymer|1|high
Dimethicone/Vinyl Dimethicone Crosspoylmer|Dimethicone/Vinyl Dimethicone Crosspolymer|1|high
Dimethicone/Vinyl Dimethiconecrosspolymer|Dimethicone/Vinyl Dimethicone Crosspolymer|2|high
Dimethicone/Vinyldimethicone Crosspolymer|Dimethicone/Vinyl Dimethicone Crosspolymer|2|high
Dimethicone/Vinyl Dimethicone|Dimethicone/Vinyl Dimethicone Crosspolymer|2|review
Dimethicone / PEG-10 / 15 Crosspolymer|Dimethicone/Peg-10/15 Crosspolymer|2|high
Dimethicone / PEG-10/15 Crosspolymer|Dimethicone/Peg-10/15 Crosspolymer|2|high
Dimethicone PEG-10/15 Crosspolymer|Dimethicone/Peg-10/15 Crosspolymer|2|high
Dimethicone/ PEG-10/15 Crosspolymer|Dimethicone/Peg-10/15 Crosspolymer|2|high
Dimethicone/Peg 10/15 Crosspolymer|Dimethicone/Peg-10/15 Crosspolymer|2|high
Dimethicone/Peg-10/15 Cross Polymer|Dimethicone/Peg-10/15 Crosspolymer|2|high
Dimethicone/Peg-10/15Crosspolymer|Dimethicone/Peg-10/15 Crosspolymer|2|high
Dimethicone/ Divinyldimethicone/Silsesquioxane Crosspolymer|Dimethicone/Divinyldimethicone/Silsesquioxane Crosspolymer|2|high
Dimethicone/Bis-Isobutyl PPG 20 Crosspolymer|Dimethicone/Bis-Isobutyl PPG-20 Crosspolymer|2|high
Dimethicone/Polyglycerin 3 Crosspolymer|Dimethicone/Polyglycerin-3 Crosspolymer|2|high
Dimethicone/ Vinyltrimethylsiloxysilicate Crosspolymer|Dimethicone/Vinyltrimethylsiloxysilicate Crosspolymer|2|high
Dimethicone PEG8 MEADOWFOAMATE|Dimethicone PEG-8 MEADOWFOAMATE|2|high
Dimethinconol|Dimethiconol|1|high
Disodiium Edta|Disodium Edta|1|high
Disodium Ed Ta|Disodium Edta|2|high
Disodium Etda|Disodium Edta|1|high
Disodiumedta|Disodium Edta|2|high
Disoidum Edta|Disodium Edta|1|high
Disosium Edta|Disodium Edta|1|high
Disodium Edetate|Disodium Edta|2|high
Disodium Edta Dihydrate|Disodium Edta|4|high
Disodium Edta Copper|Disodium Edta-Copper|2|high
Disodium Adenosine Tripsosphate|Disodium Adenosine Triphosphate|1|high
Disodium 2 Sulfolaurate|Disodium 2-Sulfolaurate|2|high
Disodium Cocoamphodipionate|Disodium Cocoamphodipropionate|1|high
Disodium Cococamphodiacetate|Disodium Cocoamphodiacetate|1|high
Disodium Cocomphodiacetate|Disodium Cocoamphodiacetate|1|high
Disodium Cocamido Mipa Sulfosuccinate|Disodium Cocamido Mipa-Sulfosuccinate|2|high
Disodium Cocoglucoside CITRATE|Disodium Coco-Glucoside CITRATE|2|high
Disodium Ethylene Dicocamide PEG-15 Bisulfate|Disodium Ethylene Dicocamide PEG-15 Disulfate|1|high
Ethylexylglycerin|Ethylhexylglycerin|1|high
Ethylhe Xylglycerin|Ethylhexylglycerin|2|high
Ethylhexl Glycerin|Ethylhexylglycerin|1|high
Ethylhexlglycerin|Ethylhexylglycerin|1|high
Ethylhexlyglycerin|Ethylhexylglycerin|1|high
Ethylhexyglycerin|Ethylhexylglycerin|1|high
Ethylhexyl Glycerin|Ethylhexylglycerin|2|high
Ethylhexyl Glycerine|Ethylhexylglycerin|2|high
Ethylhexyl-Glycerin|Ethylhexylglycerin|2|high
Ethylhexylglyceri|Ethylhexylglycerin|2|high
Ethylhexylglycerine|Ethylhexylglycerin|2|high
Ethylhexylglycern|Ethylhexylglycerin|1|high
Ethylhexylglycerol|Ethylhexylglycerin|1|high
Ethylhexylglyercin|Ethylhexylglycerin|1|high
Ethylhexylglyerin|Ethylhexylglycerin|1|high
Ethylhexylgylcerin|Ethylhexylglycerin|1|high
Ethylhexyloxyglycerin|Ethylhexylglycerin|1|high
Ethylhexylyglycerin|Ethylhexylglycerin|1|high
Ethylheyxlglycerin|Ethylhexylglycerin|1|high
Ethylheyxylglycerin|Ethylhexylglycerin|1|high
Ethylxeylglycerin|Ethylhexylglycerin|1|high
Ethythexylglycerin|Ethylhexylglycerin|1|high
Ehtylhexylglycerin|Ethylhexylglycerin|1|high
Ethyhexylglycerin|Ethylhexylglycerin|1|high
Ethlhexylglycerin|Ethylhexylglycerin|1|high
Ethyl Hexyl Glycerin|Ethylhexylglycerin|2|high
Ethyl Hexylglycerin|Ethylhexylglycerin|2|high
Ethyl-Hexylglycerin|Ethylhexylglycerin|2|high
Ethyhexyl Glycerin|Ethylhexylglycerin|1|high
Ethyl Hexyl Glycerol|Ethylhexylglycerin|1|review
Exythyhexyl Glcerin|Ethylhexylglycerin|1|high
Ethylhexy Palmitate|Ethylhexyl Palmitate|1|high
Ethylhexyl Paimitate|Ethylhexyl Palmitate|1|high
Ethylhexylpalmitate|Ethylhexyl Palmitate|2|high
Ethyhexyl Palmitate|Ethylhexyl Palmitate|1|high
Ispropyl Palmitate|Isopropyl Palmitate|1|high
Ethylhexyl Methoxicinnamate|Ethylhexyl Methoxycinnamate|1|high
Ethylhexylmethoxycinnamate|Ethylhexyl Methoxycinnamate|2|high
Ethylehexyl Methoxycinnamate|Ethylhexyl Methoxycinnamate|1|high
Ethyhexyl Methoxycinnamate|Ethylhexyl Methoxycinnamate|1|high
Ethylhexyl P-Methoxycinnamate|Ethylhexyl Methoxycinnamate|2|high
Ethylhexyl Methoxycinnamate 7.5%|Ethylhexyl Methoxycinnamate|4|high
Ethylhexylhydroxystearate|Ethylhexyl Hydroxystearate|2|high
Ethylhexyl Perlargonate|Ethylhexyl Pelargonate|1|high
Ethylhexyl Traizone|Ethylhexyl Triazone|1|high
Ethylhexyl Isopalmitate 8%|Ethylhexyl Isopalmitate|4|high
Ethyhexyl Stearate|Ethylhexyl Stearate|1|high
Ethyoxdiglycol|Ethoxydiglycol|1|high
Ethoydiglycol|Ethoxydiglycol|1|high
Fragranc|Fragrance|1|high
Fragrance *|Fragrance|5|high
Fragrance*|Fragrance|5|high
Fragrance**|Fragrance|5|high
Fragrance+|Fragrance|5|high
Fragrances|Fragrance|2|high
Fragrance Fragrance|Fragrance|2|high
Frangrance|Fragrance|1|high
Frgrance|Fragrance|1|high
Fragrance / Parfum|Fragrance/Parfum|2|high
Fragrance /Parfum|Fragrance/Parfum|2|high
Fragrance/ Parfum|Fragrance/Parfum|2|high
Fragrance Parfum|Fragrance/Parfum|2|high
Fragrance Farfum|Fragrance/Parfum|1|high
Fragrance Ranum|Fragrance/Parfum|1|high
Fragrance/Parfum*|Fragrance/Parfum|5|high
Fragrance/Parfume|Fragrance/Parfum|1|high
Fragrance/Parrum|Fragrance/Parfum|1|high
Fragrnce/Parfum|Fragrance/Parfum|1|high
Fragrance/Perfume|Fragrance/Parfum|2|review
Fragrance Oils|Fragrance Oil|2|high
Fragrant Oils|Fragrant Oil|2|high
Parfum *|Parfum|5|high
Parfum **|Parfum|5|high
Parfum*|Parfum|5|high
Parfume|Parfum|1|high
Partum|Parfum|1|high
Perfum|Perfume|1|high
Parfum / Fragrance|Parfum/Fragrance|2|high
Parfum /Fragrance|Parfum/Fragrance|2|high
Parfum/ Fragrance|Parfum/Fragrance|2|high
Parfum Fragrance|Parfum/Fragrance|2|high
Parfumfragrance|Parfum/Fragrance|2|high
Parfum/Fragance|Parfum/Fragrance|1|high
Parfum/Frogrance|Parfum/Fragrance|1|high
Perfum/Fragrance|Perfume/Fragrance|1|high
Glyce Rin|Glycerin|2|high
Glycein|Glycerin|1|high
Glycenn|Glycerin|1|high
Glycern|Glycerin|1|high
Glycerine|Glycerin|2|high
Glycerinum|Glycerin|2|high
Giycerin|Glycerin|1|high
Gycerin|Glycerin|1|high
Gylcerin|Glycerin|1|high
Glyoerin|Glycerin|1|high
Glicerin|Glycerin|1|high
Clycerin|Glycerin|1|high
Hlycerin|Glycerin|1|high
Glycerin*|Glycerin|5|high
Glycerin Usp|Glycerin|4|high
Glycerine Usp|Glycerin|4|high
Glycerine Bp|Glycerin|4|high
Glycerin Vegetable|Glycerin|4|high
Glycerin Certified Organic|Glycerin|4|high
Glycerin Solution|Glycerin|4|review
Glycerine Soja Oil|Glycine Soja Oil|1|high
Glycene Soja Oil|Glycine Soja Oil|1|high
Glysine Soja Oil|Glycine Soja Oil|1|high
Glycine Soje Oil|Glycine Soja Oil|1|high
Glycine Soya Oil|Glycine Soja Oil|1|high
Glycereth 26|Glycereth-26|2|high
Glycerth-26|Glycereth-26|1|high
Glycereth 2 Cocoate|Glycereth-2 Cocoate|2|high
Glyceril Stearate|Glyceryl Stearate|1|high
Glycerl Stearate|Glyceryl Stearate|1|high
Glycery Stearate|Glyceryl Stearate|1|high
Glyceryi Stearate|Glyceryl Stearate|1|high
Glycerylstearate|Glyceryl Stearate|2|high
Glyceryl Stearote|Glyceryl Stearate|1|high
Glyceryl Sterate|Glyceryl Stearate|1|high
Glyceryl Stearates|Glyceryl Stearate|2|high
Giyceryl Stearate|Glyceryl Stearate|1|high
Glyeryl Stearate|Glyceryl Stearate|1|high
Gylceryl Stearate|Glyceryl Stearate|1|high
Grlyceryl Stearate|Glyceryl Stearate|1|high
Glycerin Stearate|Glyceryl Stearate|1|high
Glyceryl Stearate*|Glyceryl Stearate|5|high
Glyceryl Stea Rate Se|Glyceryl Stearate Se|2|high
Glyceryl Stearate Se *|Glyceryl Stearate Se|5|high
Glyceryl Stearatese|Glyceryl Stearate Se|2|high
Glyceryl Sterate Se|Glyceryl Stearate Se|1|high
Glycel Stearate Se|Glyceryl Stearate Se|1|high
Gylceryl Stearate Se|Glyceryl Stearate Se|1|high
Glyceryl Sterate CITRATE|Glyceryl Stearate CITRATE|1|high
Glyceryl Stearate PEG-100 Stearate|Glyceryl Stearate/Peg-100 Stearate|2|high
Glyceryl Acrylate/ Acrylic Acid Copolymer|Glyceryl Acrylate/Acrylic Acid Copolymer|2|high
Glyceryl Behenate**|Glyceryl Behenate|5|high
Glyceryl Behenate/ Eicosadioate|Glyceryl Behenate/Eicosadioate|2|high
Glyceryl Caprylate*|Glyceryl Caprylate|5|high
Glyceryl Caprylate**|Glyceryl Caprylate|5|high
Glyceyl Caprylate|Glyceryl Caprylate|1|high
Glyceryl Caprylate Caprate|Glyceryl Caprylate/Caprate|2|high
Glyceryl Olerate|Glyceryl Oleate|1|high
Glyceryl Laureate|Glyceryl Laurate|1|high
Glyceryl Linolinate|Glyceryl Linolenate|1|high
Glyceryl Undecylenate**|Glyceryl Undecylenate|5|high
Glyceryl Undercylenate|Glyceryl Undecylenate|1|high
Glycerol Monostearate|Glyceryl Stearate|2|review
Glycerol Stearate|Glyceryl Stearate|2|review
Glycerol|Glycerin|2|review
Pantenol|Panthenol|1|high
Panthendl|Panthenol|1|high
Pantheon|Panthenol|1|high
Pathenol|Panthenol|1|high
Panthenol*|Panthenol|5|high
Panthenol**|Panthenol|5|high
Panthenol Vegan|Panthenol|4|high
Panthenol Vitamin B5|Panthenol|4|high
Dexapanthenol|Dexpanthenol|1|high
Dl Panthenol|Dl-Panthenol|2|high
Panicummiliaceum Seed Extract|Panicum Miliaceum Seed Extract|2|high
Patolactone|Pantolactone|1|high
Phen Oxyethanol|Phenoxyethanol|2|high
Phenaxyethanoi|Phenoxyethanol|1|high
Phenaxyethanol|Phenoxyethanol|1|high
Phenayethanol|Phenoxyethanol|1|high
Phencayethanol|Phenoxyethanol|1|high
Phenokyethanol|Phenoxyethanol|1|high
Phenoryethanol|Phenoxyethanol|1|high
Phenoxethanol|Phenoxyethanol|1|high
Phenoxetol|Phenoxyethanol|1|high
Phenoxy Ethanol|Phenoxyethanol|2|high
Phenoxy-Ethanol|Phenoxyethanol|2|high
Phenoxyeihanol|Phenoxyethanol|1|high
Phenoxyetanol|Phenoxyethanol|1|high
Phenoxyeth-Anol|Phenoxyethanol|2|high
Phenoxyethand|Phenoxyethanol|1|high
Phenoxyethannol|Phenoxyethanol|1|high
Phenoxyethanol*|Phenoxyethanol|5|high
Phenoxyethaqnol|Phenoxyethanol|1|high
Phenoxyethenol|Phenoxyethanol|1|high
Phenoxythanol|Phenoxyethanol|1|high
Phenoyxethanol|Phenoxyethanol|1|high
Pheoxyethanol|Phenoxyethanol|1|high
Penoxyethanol|Phenoxyethanol|1|high
Henoxyethanol|Phenoxyethanol|1|high
Phenetyl Alcohol|Phenethyl Alcohol|1|high
Phenylethanol|Phenethyl Alcohol|2|review
Phenylethyl Alcohol|Phenethyl Alcohol|2|review
Phenl Trimethicone|Phenyl Trimethicone|1|high
Phenyltrimethicone|Phenyl Trimethicone|2|high
Sodium Horoxide|Sodium Hydroxide|1|high
Sodium Hydoxide|Sodium Hydroxide|1|high
Sodium Hydraxide|Sodium Hydroxide|1|high
Sodium Hydrowde|Sodium Hydroxide|1|high
Sodium Hydrowide|Sodium Hydroxide|1|high
Sodium Hydroxyde|Sodium Hydroxide|1|high
Sodium Hyroxide|Sodium Hydroxide|1|high
Sodiumhydroxide|Sodium Hydroxide|2|high
Soduim Hydroxide|Sodium Hydroxide|1|high
Sodium Hydroxide**|Sodium Hydroxide|5|high
Sodium Hydroxide Nf|Sodium Hydroxide|4|high
Sodium Hydroxide Lye|Sodium Hydroxide|4|high
Sodium Hyaluro-Nate|Sodium Hyaluronate|2|high
Sodium Hyaluroate|Sodium Hyaluronate|1|high
Sodiumhyaluronate|Sodium Hyaluronate|2|high
Sodium Yaluronate|Sodium Hyaluronate|1|high
Sodium L-Hyaluronate|Sodium Hyaluronate|2|high
L-Sodium Hyaluronate|Sodium Hyaluronate|2|high
Sodium Hyaluronic Acid|Sodium Hyaluronate|2|review
Sodium Hyaluronate Acid|Sodium Hyaluronate|2|review
Sodium Lactale|Sodium Lactate|1|high
Sodum Lactate|Sodium Lactate|1|high
Sodium Lactate Solution|Sodium Lactate|4|high
Sodium Benozoate|Sodium Benzoate|1|high
Sodium Bensoate|Sodium Benzoate|1|high
Sodium Benzonate|Sodium Benzoate|1|high
Sodium Benzote|Sodium Benzoate|1|high
Sodiumbenzoate|Sodium Benzoate|2|high
Sodium Benzoate**|Sodium Benzoate|5|high
Sodium Benzoate Nf|Sodium Benzoate|4|high
Sodium Chioride|Sodium Chloride|1|high
Sodium Choloride|Sodium Chloride|1|high
Sodiumchloride|Sodium Chloride|2|high
Sodum Chloride|Sodium Chloride|1|high
Odium Chloride|Sodium Chloride|1|high
Sodium Chloride*|Sodium Chloride|5|high
Sodium Chloride**|Sodium Chloride|5|high
Sodium Chloride Nacl|Sodium Chloride|2|high
Sodiumcitrate|Sodium CITRATE|2|high
Sodium CITRATE*|Sodium CITRATE|5|high
Sodium CITRATE Dihydrate|Sodium CITRATE|4|high
Sodiumphytate|Sodium Phytate|2|high
Sodium Phytate*|Sodium Phytate|5|high
Sodium Dehydro-Acetate|Sodium Dehydroacetate|2|high
Sodium Dehydroscetate|Sodium Dehydroacetate|1|high
Sodum Dehydroacetate|Sodium Dehydroacetate|1|high
Sodium Dehydroacetic Acid|Sodium Dehydroacetate|2|review
Toco-Pherol|Tocopherol|2|high
Tocopheral|Tocopherol|1|high
Tocpherol|Tocopherol|1|high
Tocopherols|Tocopherol|2|high
Tocopherol+|Tocopherol|5|high
Tocopherol E|Tocopherol|2|review
Tocopherol Vitamin E|Tocopherol|4|high
Tocopherol Non-Gmo|Tocopherol|4|high
Tocopherol/Natural Vitamin E|Tocopherol|4|high
Tocopherols Oil|Tocopherol Oil|2|high
Tocopherol Oil From Non-Gmo Sunflower|Tocopherol Oil|4|high
Tocopherol Lineoleate|Tocopheryl Linoleate|1|high
Tocopepheryl Acetate|Tocopheryl Acetate|1|high
Tocoperyl Acetate|Tocopheryl Acetate|1|high
Tocophery Acetate|Tocopheryl Acetate|1|high
Tocopheryi Acetate|Tocopheryl Acetate|1|high
Tocopheryl Acetat|Tocopheryl Acetate|1|high
Tocopheryl Acette|Tocopheryl Acetate|1|high
Tocopherylacetate|Tocopheryl Acetate|2|high
Tocopheyl Acetate|Tocopheryl Acetate|1|high
Tocophyeryl Acetate|Tocopheryl Acetate|1|high
Tocopheryl Acetate *|Tocopheryl Acetate|5|high
Tocopheryl Acetate **|Tocopheryl Acetate|5|high
Tocopheryl Acetate*|Tocopheryl Acetate|5|high
Tocopheryl Acetate Vitamin E|Tocopheryl Acetate|4|high
Tocopheryl Acetate Vitamin E Acetate|Tocopheryl Acetate|4|high
Tocopheryl Acetate 0.1|Tocopheryl Acetate|4|high
Tocopherol Acetate|Tocopheryl Acetate|2|review
Tocopheryl Vitamin E|Tocopheryl|4|review
Tocopheryl Phosphates|Tocopheryl Phosphate|2|high
Tocotreinol|Tocotrienol|1|high
Titianium Dioxide|Titanium Dioxide|1|high
Tianium Dioxide|Titanium Dioxide|1|high
Titanium Diaxide|Titanium Dioxide|1|high
Titanium Diokide|Titanium Dioxide|1|high
Titanium Dioxida|Titanium Dioxide|1|high
Titanium Oxide|Titanium Dioxide|2|review
Titanium Oxides|Titanium Dioxide|2|review
Titanium/Titanium Dioxide|Titanium Dioxide|2|high
Titanium Dioxide / Titanium Dioxide|Titanium Dioxide|2|high
Titanium Dioxide /Titanium Dioxide|Titanium Dioxide|2|high
Water / Aqua|Water|2|high
Water /Aqua|Water|2|high
Water/ Aqua|Water|2|high
Water Aqua|Water|2|high
Water / Aqua / Eau|Water|2|high
Water/ Aqua / Eau|Water|2|high
Water/ Aqua/ Eau|Water|2|high
Water/Aqua/ Eau|Water|2|high
Water Aqua Eau|Water|2|high
Wateraquaeau|Water|2|high
Wateraqualeau|Water|2|high
Wateraqua\Eau|Water|2|high
Watervaqualeau|Water|2|high
Watervaqua\Eau|Water|2|high
Water\Aqua Eau|Water|2|high
Water / Eau|Water|2|high
Water/ Eau|Water|2|high
Water Eau|Water|2|high
Water/Eau/Aqua|Water|2|high
Water/Agua/Eau|Water|2|high
Water / Agua/ Eau|Water|2|high
Water/Eau/Agua|Water|2|high
Water Deionized|Deionized Water|2|high
Water Purified|Purified Water|2|high
Deionised Water|Deionized Water|2|high
Demineralised Water|Demineralized Water|2|high
Purifed Water|Purified Water|1|high
Purified Water Usp|Purified Water|4|high
Purified Water Ep|Purified Water|4|high
Xan-Than Gum|Xanthan Gum|2|high
Xantham Gum|Xanthan Gum|1|high
Xanthan|Xanthan Gum|2|high
Xanthan Qum|Xanthan Gum|1|high
Xanthane Gum|Xanthan Gum|1|high
Xanthum Gum|Xanthan Gum|1|high
Xathan Gum|Xanthan Gum|1|high
Xanthan Gum**|Xanthan Gum|5|high
Xanthan Gum Usp|Xanthan Gum|4|high
Xanthophyllis|Xanthophylls|1|high
Xyitol|Xylitol|1|high
Xylito|Xylitol|1|high
Xyltol|Xylitol|1|high
Wate Aqua|Water|1|high
Artemisia Pallens Flower Oil*|Artemisia Pallens Flower Oil|5|high
Artemisia Umbelliformis Extract *|Artemisia Umbelliformis Extract|5|high
Artemisia Umbelliformis Extract*|Artemisia Umbelliformis Extract|5|high
Artemisia Umbellifornis Extract|Artemisia Umbelliformis Extract|1|high
Ascophyllum Nodostrum Extract|Ascophyllum Nodosum Extract|1|high
Ascophyllum Nodosum Extract*|Ascophyllum Nodosum Extract|5|high
Ascophyllumnodosum Extract|Ascophyllum Nodosum Extract|2|high
Asorbic Acid|Ascorbic Acid|1|high
Ascorbic Acid Usp|Ascorbic Acid|4|high
Ascorby Palmitate|Ascorbyl Palmitate|1|high
Ascorbyl Paimitate|Ascorbyl Palmitate|1|high
Ascrobyl Palmitate|Ascorbyl Palmitate|1|high
Ascorbylpalmitate|Ascorbyl Palmitate|2|high
Ascorbylglucoside|Ascorbyl Glucoside|2|high
Aspalanthus Linearis|Aspalathus Linearis|1|high
Aspalathus Linearis Extracts|Aspalathus Linearis Extract|2|high
Aspalathus Linearis Extract*|Aspalathus Linearis Extract|5|high
Aspalathus Linearis Leaf Extract*|Aspalathus Linearis Leaf Extract|5|high
Aspalathus Linearis Extract Organic|Aspalathus Linearis Extract|4|review
Aspolethus Linearis Leaf Extroct|Aspalathus Linearis Leaf Extract|1|high
Astragalus Membranaceous Root Extract|Astragalus Membranaceus Root Extract|1|high
Astrocaryum Murumuru Seed Butter*|Astrocaryum Murumuru Seed Butter|5|high
Astrocaryum Murumuru Seedbutter|Astrocaryum Murumuru Seed Butter|2|high
Athrospira Platensis Extract|Arthrospira Platensis Extract|1|high
Atractyloides Japonica Rhizome Extract|Atractylodes Japonica Rhizome Extract|1|high
Atractyloides Lancea Root Extract|Atractylodes Lancea Root Extract|1|high
Atractyloides Macrocephala Root Extract|Atractylodes Macrocephala Root Extract|1|high
Aurebasidium Pullulans Ferment|Aureobasidium Pullulans Ferment|1|high
Aveena Sativa Kernel Protein|Avena Sativa Kernel Protein|1|high
Avena Sativa Beta-Glucan|Avena Sativa Beta Glucan|2|high
Avena Sativa Extract*|Avena Sativa Extract|5|high
Avena Sativa Flour / Oat Kernel Flour|Avena Sativa Flour/Oat Kernel Flour|2|high
Avena Sativa Kemel Extract|Avena Sativa Kernel Extract|1|high
Avena Sativa Kenel Flour|Avena Sativa Kernel Flour|1|high
Avena Sativa Kernal Extract|Avena Sativa Kernel Extract|1|high
Avena Sativa Kernal Flour|Avena Sativa Kernel Flour|1|high
Avena Sativa Kernal Oil|Avena Sativa Kernel Oil|1|high
Avena Sativa Kernel Extract*|Avena Sativa Kernel Extract|5|high
Avena Sativa Kernel Extract/Avena Sativa Kernel Extract|Avena Sativa Kernel Extract|2|high
Avena Sativa Kernel Extract/Oat Kernel Extract|Avena Sativa Kernel Extract|3|review
Avena Sativa Kernel Flour/Avena Sativa Kernel Flour|Avena Sativa Kernel Flour|2|high
Avena Sativa Kernel Flour/Oat Kernel Flour|Avena Sativa Kernel Flour|3|review
Avena Sativa Kernel MEAL / Oat Kernel MEAL|Avena Sativa Kernel MEAL|3|review
Avena Sativa Kernel Proteinoat|Avena Sativa Kernel Protein|1|high
Avena Sativa Oat Kernel Extract|Avena Sativa Kernel Extract|3|review
Avena Sativa Oat Kernel Oil|Avena Sativa Kernel Oil|3|review
Avena Sative Kernel Extract|Avena Sativa Kernel Extract|1|high
Avena Sotiva Kernel Extract|Avena Sativa Kernel Extract|1|high
Avene Thermale Spring Water|Avene Thermal Spring Water|1|high
Avobenzone 1%|Avobenzone|4|high
Avobenzone 1.5%|Avobenzone|4|high
Avobenzone 1.9%|Avobenzone|4|high
Avobenzone 2%|Avobenzone|4|high
Avobenzone 2.0%|Avobenzone|4|high
Avobenzone 2.00 %|Avobenzone|4|high
Avobenzone 2.00%|Avobenzone|4|high
Avobenzone 2.20%|Avobenzone|4|high
Avobenzone 2.3%|Avobenzone|4|high
Avobenzone 2.5%|Avobenzone|4|high
Avobenzone 2.7%|Avobenzone|4|high
Avobenzone 2.8%|Avobenzone|4|high
Avobenzone 3%|Avobenzone|4|high
Avobenzone 3.0 %|Avobenzone|4|high
Avobenzone 3.0%|Avobenzone|4|high
Avobenzone 3.00%|Avobenzone|4|high
Avobenzone-2.5 %|Avobenzone|4|high
Avobenzone-3.0 %|Avobenzone|4|high
Avacado Oil|Avocado Oil|1|high
Azadiracha Indica Leaf Aqueous Extract|Azadirachta Indica Leaf Aqueous Extract|1|high
Azadirachtin Indica Oil|Azadirachta Indica Oil|1|high
Azadirachta Indica *|Azadirachta Indica|5|high
Azadirachta Indica * Aqueous Extract|Azadirachta Indica Aqueous Extract|5|high
Babassu Oils|Babassu Oil|2|high
Bacopa Monniera Extract|Bacopa Monnieri Extract|1|high
Bacopa Monniera Leaf Extract|Bacopa Monnieri Leaf Extract|1|high
Bees Wax|Beeswax|2|high
Beeswax *|Beeswax|5|high
Beeswax*|Beeswax|5|high
Beeswax/Cera Alba *|Beeswax/Cera Alba|5|high
Behentrimoium Methosulfate|Behentrimonium Methosulfate|1|high
Behentrimonium Methosulphate|Behentrimonium Methosulfate|2|high
Behenyl Alcohol*|Behenyl Alcohol|5|high
Behenylalcohol|Behenyl Alcohol|2|high
Bellis Perennis Fower Extract|Bellis Perennis Flower Extract|1|high
Bentonite Clay|Bentonite|4|review
Benyl Alcohol|Benzyl Alcohol|1|high
Benz Yl Alcohol|Benzyl Alcohol|2|high
Benzy Alcohol|Benzyl Alcohol|1|high
Benzyl Alcohol**|Benzyl Alcohol|5|high
Benzylalcohol|Benzyl Alcohol|2|high
Benzyl Alcohol Nf|Benzyl Alcohol|4|high
Benzyi Benzoate|Benzyl Benzoate|1|high
Benzyl Benzoa|Benzyl Benzoate|1|high
Benzyl Benzoate*|Benzyl Benzoate|5|high
Benzylbenzoate|Benzyl Benzoate|2|high
Banzyl Salicylate|Benzyl Salicylate|1|high
Benzy Salicylate|Benzyl Salicylate|1|high
Benzyl Salicylate*|Benzyl Salicylate|5|high
Benzyl Saliylate|Benzyl Salicylate|1|high
Benzylsalicylate|Benzyl Salicylate|2|high
Benzalkonium Chloride 0.01%|Benzalkonium Chloride|4|high
Benzalkonium Chloride 0.1%|Benzalkonium Chloride|4|high
Benzalkonium Chloride 0.10%|Benzalkonium Chloride|4|high
Benzalkonium Chloride 0.115%|Benzalkonium Chloride|4|high
Benzalkonium Chloride 0.12%|Benzalkonium Chloride|4|high
Benzalkonium Chloride 0.13%|Benzalkonium Chloride|4|high
Benzalkonium Chloride 0.5%|Benzalkonium Chloride|4|high
Benzalkonium Chloride Solution|Benzalkonium Chloride|4|review
Benzenthonium Chloride|Benzethonium Chloride|1|high
Benzethonium Chloride 0.20%|Benzethonium Chloride|4|high
Benozyl Peroxide|Benzoyl Peroxide|1|high
Benzoyl Peroxide 10%|Benzoyl Peroxide|4|high
Benzoyl Peroxide 10.0%|Benzoyl Peroxide|4|high
Benzoyl Peroxide 2.5%|Benzoyl Peroxide|4|high
Benzoyl Peroxide 3%|Benzoyl Peroxide|4|high
Benzoyl Peroxide 3.4%|Benzoyl Peroxide|4|high
Benzoyl Peroxide 3.5%|Benzoyl Peroxide|4|high
Benzoyl Peroxide 4%|Benzoyl Peroxide|4|high
Benzoyl Peroxide 5%|Benzoyl Peroxide|4|high
Benzoyl Peroxide 5.5%|Benzoyl Peroxide|4|high
Benzoyl Peroxide 7%|Benzoyl Peroxide|4|high
Benzophenone 3|Benzophenone-3|2|high
Benzophenone 4|Benzophenone-4|2|high
Barberis Vulgaris Extract|Berberis Vulgaris Extract|1|high
Berberis Aquifolium Extract*|Berberis Aquifolium Extract|5|high
Bergamot Essertal Oil|Bergamot Essential Oil|1|high
Beta Carotene|Beta-Carotene|2|high
Betacarotene|Beta-Carotene|2|high
B-Carotene|Beta-Carotene|2|high
Beta Caryophyllene|Beta-Caryophyllene|2|high
B-Caryophyllene|Beta-Caryophyllene|2|high
Beta Sitosterol|Beta-Sitosterol|2|high
Betasitosterol|Beta-Sitosterol|2|high
Betaglucan|Beta-Glucan|2|high
B-Glucan|Beta-Glucan|2|high
Betain|Betaine|1|high
Beta Vulgaris / Beet Root Extract|Beta Vulgaris/Beet Root Extract|2|high
Beta Vulgaris/Beet Root Extract/Extrait De Racine De Betterave|Beta Vulgaris/Beet Root Extract|3|review
Beta Vulgaris Root Extract\Beta Vulgaris\Extrait De Racine De Betterave|Beta Vulgaris Root Extract|3|review
Betula Platyphylla Japonica Barkextract|Betula Platyphylla Japonica Bark Extract|2|high
Betula Platyphyllajaponica Bark Extract|Betula Platyphylla Japonica Bark Extract|2|high
B.H.T|Bht|2|high
Butylated Hydroxy Toluene|Butylated Hydroxytoluene|2|high
Butylhydroxytoluene|Butylated Hydroxytoluene|2|high
Butyl Hydroxy Toluene|Butylated Hydroxytoluene|3|review
Bioflavanoids|Bioflavonoids|1|high
Bicsaccharide Gum-1|Biosaccharide Gum-1|1|high
Biosaccaride Gum-1|Biosaccharide Gum-1|1|high
Biosaccharide Gum 1|Biosaccharide Gum-1|2|high
Biosaccaride Gum|Biosaccharide Gum|1|high
Biocomplex 2|Biocomplex2|2|high
Biotinyl Tripeptide-1|Biotinoyl Tripeptide-1|1|high
Bis Diglyceryl Polyacyladipate 2|Bis-Diglyceryl Polyacyladipate-2|2|high
Bis-Diglycery Polyacyladipate-2|Bis-Diglyceryl Polyacyladipate-2|1|high
Bis-Diglyceryl Polyacryladipate-2|Bis-Diglyceryl Polyacyladipate-2|1|high
Bis-Diglyceryl Polycyladipate-2|Bis-Diglyceryl Polyacyladipate-2|1|high
Bis-Diglycerylpolyacyladipate-2|Bis-Diglyceryl Polyacyladipate-2|2|high
Bis-Digylceryl Polyacyladipate-2|Bis-Diglyceryl Polyacyladipate-2|1|high
Bisdiglyceryl Polyacyladipate-2|Bis-Diglyceryl Polyacyladipate-2|2|high
Bis Ethylhexyloxyphenol Methoxyphenyl Triazine|Bis-Ethylhexyloxyphenol Methoxyphenyl Triazine|2|high
Bis-Ethylhexyloxyphenol Methoxyphenol Triazine|Bis-Ethylhexyloxyphenol Methoxyphenyl Triazine|1|high
Bis-Behenyl Isostearyl/Phytosteryl Dimer Dilinoleyl Dimer Dilinoleate|Bis-Behenyl/Isostearyl/Phytosteryl Dimer Dilinoleyl Dimer Dilinoleate|2|high
Bis-Behenyl/Isostearyl/ Phytosteryl Dimer Dilinoleyl Dimer Dilinoleate|Bis-Behenyl/Isostearyl/Phytosteryl Dimer Dilinoleyl Dimer Dilinoleate|2|high
Bis-Hydroyethoxypropyl Dimethicone|Bis-Hydroxyethoxypropyl Dimethicone|1|high
Bis Glyceryl Ascorbate|Bis-Glyceryl Ascorbate|2|high
Bispropane/Bisaminomethylnorbornane Copolymer|Bis-Propane/Bisaminomethylnorbornane Copolymer|2|high
Bismuth Chloride Oxide|Bismuth Oxychloride|3|review
Black Iron Oxides|Black Iron Oxide|2|high
Blue 1 Al Lake|Blue 1 Lake|2|high
Blue 1 Aluminum Lake|Blue 1 Lake|2|high
Blue 1 CI 42090|Blue 1|2|high
Blue 1/Ci 42090|Blue 1|2|high
Blue 1 Lake CI 42090|Blue 1 Lake|2|high
Blue 1 Lake/Ci 42090|Blue 1 Lake|2|high
Blue I|Blue 1|1|high
Blue1|Blue 1|2|high
Blue Lake 1|Blue 1 Lake|2|high
Blue No 1 Lake|Blue No. 1 Lake|2|high
Blue No.1 CI 42090|Blue No. 1|2|high
Blue Green Algae Extract|Blue-Green Algae Extract|2|high
Barago Officinalis Flower Extract|Borago Officinalis Flower Extract|1|high
Borago Ocinalis Seed Oil|Borago Officinalis Seed Oil|1|high
Borago Officials Seed Oil|Borago Officinalis Seed Oil|1|high
Borago Officinalis Seed Oi|Borago Officinalis Seed Oil|1|high
Borago Officinalis *|Borago Officinalis|5|high
Borago Officinalis Leaf Extract*|Borago Officinalis Leaf Extract|5|high
Borago Officinalis Oil*|Borago Officinalis Oil|5|high
Borage Officinalis Extract|Borago Officinalis Extract|1|high
Borage Officinalis Oil|Borago Officinalis Oil|1|high
Boswellia Caterii Oil|Boswellia Carterii Oil|1|high
Baswellia Carteri Birdw Oil|Boswellia Carterii Oil|1|review
Boswellia Serrata Extracts|Boswellia Serrata Extract|2|high
Buddleja Globose Leaf Extract|Buddleja Globosa Leaf Extract|1|high
Buddleja Davidii Leaf Extract*|Buddleja Davidii Leaf Extract|5|high
Bupleurum Falicatum Extract|Bupleurum Falcatum Extract|1|high
Bulnesia Sarmienti Extract|Bulnesia Sarmientoi Extract|1|high
Bulnesia Sarmienti Oil|Bulnesia Sarmientoi Oil|1|high
Bulgarian Rose Water|Bulgarian Rosewater|2|high
Butterfly-Bush Extract|Butterfly Bush Extract|2|high
Broccoli Seed Oil*|Broccoli Seed Oil|5|high
Brassica Compestris Sterol|Brassica Campestris Sterols|1|high
Brassica Oleacea Acefala Leaf Extract|Brassica Oleracea Acephala Leaf Extract|1|high
Brassica Olearecea Extract|Brassica Oleracea Extract|1|high
Brassica Oleracea Italic Seed Oil|Brassica Oleracea Italica Seed Oil|1|high
Brassica Campestris /Aleurites Fordi Oil Copolymer|Brassica Campestris/Aleurites Fordi Oil Copolymer|2|high
Brassica Campestris/Aleurites Fordii Oil Copolymer|Brassica Campestris/Aleurites Fordi Oil Copolymer|1|high
Brassica Campestris/Aleutres Fordi Oil Copolymer|Brassica Campestris/Aleurites Fordi Oil Copolymer|1|high
Brassica Campestris Oleifera Oil / Rapeseed Seed Oil|Brassica Campestris Oleifera Oil/Rapeseed Seed Oil|2|high
Brasscamidopropy Dimethylamine|Brassicamidopropyl Dimethylamine|1|high
Brassica Napus Oil*|Brassica Napus Oil|5|high
Butyrospermum Parkii Butter/Butyrospermum Parkii Butter|Butyrospermum Parkii Butter|2|high
Butyrospermum Parkii Butter/Shea Butter|Butyrospermum Parkii Butter|3|review
Butryospermum Parkii|Butyrospermum Parkii|1|high
Butyl Phenyl Methylpropional|Butylphenyl Methylpropional|2|high
Butyl Paraben|Butylparaben|2|high
Butyl Methoxy-Dibenzoylmethane|Butyl Methoxydibenzoylmethane|2|high
Butyl Methoxycdibenzoylmethane|Butyl Methoxydibenzoylmethane|1|high
Butyl Methoxydibenzoyl Methane|Butyl Methoxydibenzoylmethane|2|high
Butyl Methyoxydibenzoylmethane|Butyl Methoxydibenzoylmethane|1|high
Butylmethoxy-Dibenzoylmethane|Butyl Methoxydibenzoylmethane|2|high
Butylmethoxydibenzoyl Methane|Butyl Methoxydibenzoylmethane|2|high
Butylene / Ethylene / Styrene Copolymer|Butylene/Ethylene/Styrene Copolymer|2|high
Butylene /Ethylene/Styrene Copolymer|Butylene/Ethylene/Styrene Copolymer|2|high
Butylene Ethylene Styrene Copolymer|Butylene/Ethylene/Styrene Copolymer|2|high
Butylene/ Ethylene / Styrene Copolymer|Butylene/Ethylene/Styrene Copolymer|2|high
Butylene/ Ethylene/ Styrene Copolymer|Butylene/Ethylene/Styrene Copolymer|2|high
Butylene Giycol|1,3-Butylene Glycol|3|review
Butylene Glcyol|1,3-Butylene Glycol|3|review
Butylene Glycal|1,3-Butylene Glycol|3|review
Butylene Glycohol|1,3-Butylene Glycol|3|review
Butylene Glycoi|1,3-Butylene Glycol|3|review
Butylene Gylcol|1,3-Butylene Glycol|3|review
Butyleneglycol|1,3-Butylene Glycol|3|review
Butylene Glycol*|1,3-Butylene Glycol|3|review
Butelyne Glycol|1,3-Butylene Glycol|3|review
Buty-Lene Glycol|1,3-Butylene Glycol|3|review
Butyrospermum Parkii/Butyrospermum Parkii|Butyrospermum Parkii|2|high
Butyrospermum Parkii Shea Butter Extract|Butyrospermum Parkii Butter Extract|2|high
Butyrospermum Parkii Oil / Shea Oil|Butyrospermum Parkii Oil|2|high
Butyrospermum Parkii Seedcake Extract/Shea Butter Seedcake Extract|Butyrospermum Parkii Seedcake Extract|2|high
Buytlene Glycol|1,3-Butylene Glycol|3|review
C 12-15 Alkyl Benzoate|C12-15 Alkyl Benzoate|2|high
C12 15 Alkyl Benzoate|C12-15 Alkyl Benzoate|2|high
C12-15 Alkylbenzoate|C12-15 Alkyl Benzoate|2|high
C12-15 Alkyls Benzoate|C12-15 Alkyl Benzoate|2|high
C12-C15 Alkyl Benzoate|C12-15 Alkyl Benzoate|2|high
C12/15 Alkyl Benzoate|C12-15 Alkyl Benzoate|2|high
C12 15 Alkyl Lactate|C12-15 Alkyl Lactate|2|high
C12 20 Alkyl Glucoside|C12-20 Alkyl Glucoside|2|high
C12 22 Alkyl Acrylate/Hydroxyethylacrylate Copolymer|C12-22 Alkyl Acrylate/Hydroxyethylacrylate Copolymer|2|high
C12 13 Pareth 3|C12-13 Pareth-3|2|high
C12 13 Pareth-23|C12-13 Pareth-23|2|high
C12-13-Pareth-9|C12-13 Pareth-9|2|high
C11-15 Pareth 7|C11-15 Pareth-7|2|high
C 13-14 Isoparaffin|C13-14 Isoparaffin|2|high
C-13-14 Isoparaffin|C13-14 Isoparaffin|2|high
C13 14 Isoparaffin|C13-14 Isoparaffin|2|high
C13-014 Isoparaffin|C13-14 Isoparaffin|1|high
C13-14 Isoparaffi N|C13-14 Isoparaffin|2|high
C13-14 Isoparafin|C13-14 Isoparaffin|1|high
C13-C14 Isoparaffin|C13-14 Isoparaffin|2|high
C13-15 Akane|C13-15 Alkane|1|high
C13-C15 Alkane|C13-15 Alkane|2|high
C13-C14 Alkane|C13-14 Alkane|2|high
C10 30 Cholesterol/Lanesterol Esters|C10-30 Cholesterol/Lanosterol Esters|1|high
C10 30 Cholesterol/Lanosterol Esters|C10-30 Cholesterol/Lanosterol Esters|2|high
C10-30 Cholesterol/Lanesterol Esters|C10-30 Cholesterol/Lanosterol Esters|1|high
C10-C18 Triglycerides|C10-18 Triglycerides|2|high
C14-22 Alcohol|C14-22 Alcohols|2|high
C14 22 Alcohols|C14-22 Alcohols|2|high
C20-22 Alcohol|C20-22 Alcohols|2|high
C20 40 Alky Stearate|C20-40 Alkyl Stearate|1|high
C20-40 Pareth 10|C20-40 Pareth-10|2|high
C30 38 Olefin/Isopropyl Maleate/Ma Copolymer|C30-38 Olefin/Isopropyl Maleate/Ma Copolymer|2|high
C18-36 Acid Triglycerides|C18-36 Acid Triglyceride|2|high
C9-12 Alkanes|C9-12 Alkane|2|high
Cacumis Sativus Fruit Extract|Cucumis Sativus Fruit Extract|1|high
Camitine|Carnitine|1|high
Caesal Pinia Spinosa Fruit Extract|Caesalpinia Spinosa Fruit Extract|2|high
Caesalpinia Spinosa Gum*|Caesalpinia Spinosa Gum|5|high
Caffeine Anhydrous|Caffeine|4|review
Caffeine Usp|Caffeine|4|high
Caffeine Powder|Caffeine|4|review
Calamine Powder|Calamine|4|review
Calcium Aluminium Borosilicate|Calcium Aluminum Borosilicate|2|high
Calcum Aluminum Borosilicate|Calcium Aluminum Borosilicate|1|high
Calcium Aluminate Borosilicate|Calcium Aluminum Borosilicate|1|review
Calcum Gluconate|Calcium Gluconate|1|high
Calcium Pentothenate|Calcium Pantothenate|1|high
Calcium-D Pantothenate|Calcium Pantothenate|4|review
Ca Disodium Edta|Calcium Disodium Edta|2|high
Calcium Bentonite Indian Healing Clay|Calcium Bentonite Clay|4|review
Calendula Ocinalis Flower Extract*|Calendula Officinalis Flower Extract|1|high
Calendula Of CINALIS Flower Extract|Calendula Officinalis Flower Extract|1|high
Calendula Official Flower Extract|Calendula Officinalis Flower Extract|1|high
Calendula Officialis Flower Extract|Calendula Officinalis Flower Extract|1|high
Calendula Officials Flower Extract|Calendula Officinalis Flower Extract|1|high
Calendula Officinalis Flower Catract|Calendula Officinalis Flower Extract|1|high
Calendula Officinalis Flower Extracdt|Calendula Officinalis Flower Extract|1|high
Calendula Officinalis Flower Extract*|Calendula Officinalis Flower Extract|5|high
Calendula Officinalis Flower Extract**|Calendula Officinalis Flower Extract|5|high
Calendula Officinalis Flower Extract¬Π|Calendula Officinalis Flower Extract|5|high
Calendula Officinalis Flower* Extract|Calendula Officinalis Flower Extract|5|high
Calendula Officinalis Flowerextract|Calendula Officinalis Flower Extract|2|high
Calendula Officinalisflower Extract|Calendula Officinalis Flower Extract|2|high
Calendula Officinals Flower Extract|Calendula Officinalis Flower Extract|1|high
Calendula Officinalis Calendula Flower Extract|Calendula Officinalis Flower Extract|2|high
Calendula Officials Flower Oil|Calendula Officinalis Flower Oil|1|high
Calendula Officinal|Calendula Officinalis|1|high
Calendula Oficinalis|Calendula Officinalis|1|high
Calendula Officinalis *|Calendula Officinalis|5|high
Calendula Officinalis Extract*|Calendula Officinalis Extract|5|high
Calendula Officinalis Extracts|Calendula Officinalis Extract|2|high
Calendula Officinalis Flower Oil*|Calendula Officinalis Flower Oil|5|high
Calendula Officinalis Co2*|Calendula Officinalis Co2|5|high
Calendula Extract*|Calendula Extract|5|high
Calendula*|Calendula|5|high
Calendula Flowers|Calendula Flower|2|high
Candula Extract|Calendula Extract|1|high
Callitris Introtropica Wood Oil|Callitris Intratropica Wood Oil|1|high
Calophylium Tacamahaca Seed Oil|Calophyllum Tacamahaca Seed Oil|1|high
Calophylluminophyllum Seed Oil|Calophyllum Inophyllum Seed Oil|2|high
Calophylum Inophylum Seed Oil|Calophyllum Inophyllum Seed Oil|1|high
Calophyllum Inophyllum Seed Oil*|Calophyllum Inophyllum Seed Oil|5|high
Cameillia Sinesis Leaf Extract*|Camellia Sinensis Leaf Extract|1|high
Camelia Sinensis Leaf Extract|Camellia Sinensis Leaf Extract|1|high
Camella Sinensis Leaf Extract|Camellia Sinensis Leaf Extract|1|high
Camellia Sinesis Leaf Extract|Camellia Sinensis Leaf Extract|1|high
Camellia Sinsensis Leaf Extract|Camellia Sinensis Leaf Extract|1|high
Camilla Sinensis Leaf Extract|Camellia Sinensis Leaf Extract|1|high
Camillia Sinensis Leaf Extract|Camellia Sinensis Leaf Extract|1|high
Camellia Sinensis Leaf Extract *|Camellia Sinensis Leaf Extract|5|high
Camellia Sinensis Leaf Extract*|Camellia Sinensis Leaf Extract|5|high
Camellia Sinensis Leaf Leaf Extract|Camellia Sinensis Leaf Extract|2|high
Camelia Sinensis Extract|Camellia Sinensis Extract|1|high
Camellia Sinesis Extract|Camellia Sinensis Extract|1|high
Camelia Sinensis Leaf|Camellia Sinensis Leaf|1|high
Camellia Sinenis|Camellia Sinensis|1|high
Camellia Sinensis *|Camellia Sinensis|5|high
Camellia Sinesis Flower Extract|Camellia Sinensis Flower Extract|1|high
Camellia Sineksis Leaf Oil|Camellia Sinensis Leaf Oil|1|high
Camellia Sinensis Seed Oil*|Camellia Sinensis Seed Oil|5|high
Camellia Sinensis Leaf Powder/Camellia Sinensis Leaf Powder|Camellia Sinensis Leaf Powder|2|high
Camelia Japonica Seed Oil|Camellia Japonica Seed Oil|1|high
Camellia Japonica Flower Ex-Tract|Camellia Japonica Flower Extract|2|high
Camelia Oleifera Leaf Extract|Camellia Oleifera Leaf Extract|1|high
Camellia Oleifeira Leaf Extract|Camellia Oleifera Leaf Extract|1|high
Camellia Oleifera Leaf Extractt|Camellia Oleifera Leaf Extract|1|high
Camellia Oleifera Leaf Extract*|Camellia Oleifera Leaf Extract|5|high
Camellia Oleifera Seed Oil*|Camellia Oleifera Seed Oil|5|high
Camellia Sativa Seed Oil|Camelina Sativa Seed Oil|1|review
Camphor 0.5%|Camphor|4|high
Camphor 1.7%|Camphor|4|high
Canaga Odorata Flower Oil|Cananga Odorata Flower Oil|1|high
Caning Odonata Flower Oil|Cananga Odorata Flower Oil|1|high
Caning Odorata Flower Oil|Cananga Odorata Flower Oil|1|high
Cananga Odorata Flower Oil*|Cananga Odorata Flower Oil|5|high
Cananga Odorata Ylang Ylang Flower Oil|Cananga Odorata Flower Oil|3|review
Cananga Odorata Oil/Cananga Odorata Flower Oil|Cananga Odorata Flower Oil|2|high
Cananga Odorata Oil / Cananga Odorata|Cananga Odorata Oil|2|high
Canarium Iuzonicum Gum Oil|Canarium Luzonicum Gum Oil|1|high
Candelilla Cera / Candelilla Wax|Candelilla Cera/Candelilla Wax|2|high
Candellia Wax|Candelilla Wax|1|high
Candelilla/Jojoba/Rice Bran Polyglyceryl 3 Esters|Candelilla/Jojoba/Rice Bran Polyglyceryl-3 Esters|2|high
Candelilla/Jojoba/Rice Bran Polyglyceryl-3 Ester|Candelilla/Jojoba/Rice Bran Polyglyceryl-3 Esters|2|high
Candelila/Jojoba/Rice Bran Polyglyceryl-3 Esters|Candelilla/Jojoba/Rice Bran Polyglyceryl-3 Esters|1|high
Candelilla Jojoba/Rice Bran Polyglyceryl-3 Esters|Candelilla/Jojoba/Rice Bran Polyglyceryl-3 Esters|2|high
Candellia/Jojoba/Rice Bran Polyglyceryl-3 Esters|Candelilla/Jojoba/Rice Bran Polyglyceryl-3 Esters|1|high
Candellila/Jojoba/Rice Bran Polyglyceryl-3 Esters|Candelilla/Jojoba/Rice Bran Polyglyceryl-3 Esters|1|high
Candellia Cera/Euphorbia Cerifera Wax/Cire De Candellia|Candelilla Cera/Euphorbia Cerifera Wax/Cire De Candelilla|1|high
Candelilla Cera/Euphorbia Cerifera Wax/Cire De Candela|Candelilla Cera/Euphorbia Cerifera Wax/Cire De Candelilla|1|high
Cannabis Safiva Seed Oil|Cannabis Sativa Seed Oil|1|high
Cannabis Sativa Seed Oil*|Cannabis Sativa Seed Oil|5|high
Canola Oil\Huile De Colza|Canola Oil/Huile De Colza|2|high
Canola/Canola Oil/Huiledecolza|Canola/Canola Oil/Huile De Colza|2|high
Capryl/Caprylic Triglyceride|Caprylic/Capric Triglyceride|1|review
Caprylic/Capric Triglyceride Oil|Caprylic/Capric Triglyceride|4|review
Capric/Caprylic Stearic Triglyceride|Caprylic/Capric Stearic Triglyceride|2|high
Caprylic/ Capric Glycerides|Caprylic/Capric Glycerides|2|high
Capryl Glycol|Caprylyl Glycol|1|review
Capryl Olyool|Caprylyl Glycol|1|review
Carprylyl Glycol|Caprylyl Glycol|1|high
Capryl Glycol/Caprylyl Glycol|Caprylyl Glycol|2|high
Capryl Hydroxamic Acid|Caprylhydroxamic Acid|2|high
Capryl/Caprylyl Glucoside|Caprylyl/Capryl Glucoside|2|high
Caprylol Glycerin/Sebacic Acid Copolymer|Capryloyl Glycerin/Sebacic Acid Copolymer|1|high
Caprylol Glycine|Capryloyl Glycine|1|high
Capuacu Butter|Cupuacu Butter|1|high
Carrageenans|Carrageenan|2|high
Carapa Guianensis Seed Oil|Carapa Guaianensis Seed Oil|1|review
Carboxypolymethylene|Carbomer|3|review
Carboxyvinyl Polymer|Carbomer|3|review
Carbopol|Carbomer|3|review
Carboxymethylcellulose|Carboxymethyl Cellulose|2|high
Cardamon Oil|Cardamom Oil|1|high
Carmine *|Carmine|5|high
Carmine CI 75470|Carmine|2|high
Carmine/Ci 75470|Carmine|2|high
Carnuba Wax|Carnauba Wax|1|high
Carnauba/Carnuba Wax/Cire De Carnauba|Carnauba/Carnauba Wax/Cire De Carnauba|1|high
Carthamus Seed Oil|Carthamus Tinctorius Seed Oil|2|review
Carthamus Tictorius Seed Oil|Carthamus Tinctorius Seed Oil|1|high
Carthamus Tinctorious Seed Oil|Carthamus Tinctorius Seed Oil|1|high
Carthamus Tinctorium Seed Oil|Carthamus Tinctorius Seed Oil|1|high
Carthamus Tinctorius Seed Oii|Carthamus Tinctorius Seed Oil|1|high
Cathamus Tinctorius Seed Oil|Carthamus Tinctorius Seed Oil|1|high
Carthamus Tinctorius Seed Oil/Carthamus Tinctorius Seed Oil|Carthamus Tinctorius Seed Oil|2|high
Carthamus Tinctorius Seed Oil / Safflower Seed Oil|Carthamus Tinctorius Seed Oil|3|review
Carthamus Tinctorius Seed Oil/Safflower Seed Oil|Carthamus Tinctorius Seed Oil|3|review
Carthamus Tinctorius Safflower Seed Oil|Carthamus Tinctorius Seed Oil|3|review
Carthamus Tictorius Oil|Carthamus Tinctorius Oil|1|high
Carthamus Tinctorious Seed Extract|Carthamus Tinctorius Seed Extract|1|high
Carthamus Tinctorium Oleosomes|Carthamus Tinctorius Oleosomes|1|high
Carthamus Tinctorius Oil*|Carthamus Tinctorius Oil|5|high
Carthamus Tinctorius Oleosomes*|Carthamus Tinctorius Oleosomes|5|high
Carthamus Tinctorius L. Oil|Carthamus Tinctorius Oil|4|review
Carya Illinoinensis Seed Oil|Carya Illinoensis Seed Oil|1|review
Cassila Angustifolia Seed Polysaccharide|Cassia Angustifolia Seed Polysaccharide|1|high
Ceratonia Sliqua Gum|Ceratonia Siliqua Gum|1|high
Certaonia Siliqua Gum|Ceratonia Siliqua Gum|1|high
Ceresine|Ceresin|2|high
Cereus Graniflorus Flower Extract|Cereus Grandiflorus Flower Extract|1|high
Cereus Grandiflorus Flower Extract / Cactus Flower Extract|Cereus Grandiflorus Flower Extract|3|review
Cereus Grandiflorus Flower Extract/Cactus Flower Extract|Cereus Grandiflorus Flower Extract|3|review
Cereus Grandi Florus Extract|Cereus Grandiflorus Extract|2|high
Celulose Gum|Cellulose Gum|1|high
Centella Asiatica Extract*|Centella Asiatica Extract|5|high
Centrimonium Chloride|Cetrimonium Chloride|1|high
Celeareth 20|Ceteareth-20|1|high
Caumarin|Coumarin|1|high
Carbamide|Urea|3|review
Caustic Soda|Sodium Hydroxide|3|review
Cera Alba *|Cera Alba|5|high
Cera Alba¬∑|Cera Alba|5|high
Cera Alba / Beeswax|Cera Alba/Beeswax|2|high
Cera Alba /Beeswax|Cera Alba/Beeswax|2|high
Cera Alba/ Beeswax|Cera Alba/Beeswax|2|high
Cera Alba / Beeswax / CIRE D'Abeille|Cera Alba/Beeswax/Cire D'Abeille|2|high
Cera Alba/Beeswax/ CIRE D'Abeille|Cera Alba/Beeswax/Cire D'Abeille|2|high
Cera Alba/Beeswax/Cire D‚Äôabeille|Cera Alba/Beeswax/Cire D'Abeille|2|high
Cera Alba/Beeswax/Cire Dabeille|Cera Alba/Beeswax/Cire D'Abeille|2|high
Cera Alba / Beeswax / CIRE Dabeille|Cera Alba/Beeswax/Cire D'Abeille|2|high
Cera Alba/Beeswax/Cire D‚Äôadeille|Cera Alba/Beeswax/Cire D'Abeille|1|high
Cera Alba CIRE D Abeille|Cera Alba /Cire D'Abeille|2|high
Cera Alba CIRE D‚Äôabellie|Cera Alba /Cire D'Abeille|1|high
Cera Microcristalina|Cera Microcristallina|1|high
Cera Microcrystallina|Cera Microcristallina|1|high
Cera Microcristallina / Microcrystalline Wax|Cera Microcristallina/Microcrystalline Wax|2|high
Cera Microcristallina/ Microcrystalline Wax|Cera Microcristallina/Microcrystalline Wax|2|high
Cera Microcristallina/Microcrystallie Wax|Cera Microcristallina/Microcrystalline Wax|1|high
Cera Microcristallina / Microcrystalline Wax / CIRE Microcristalline|Cera Microcristallina/Microcrystalline Wax/Cire Microcristalline|2|high
Cera Microcristallina/ Microcrystalline Wax/Cire Microcristalline|Cera Microcristallina/Microcrystalline Wax/Cire Microcristalline|2|high
Cera Microcristallina Microcrystalline Wax CIRE Microcristalline|Cera Microcristallina/Microcrystalline Wax/Cire Microcristalline|2|high
Cera Microcristallina/Microcristalline Wax/Cire Microcristalline|Cera Microcristallina/Microcrystalline Wax/Cire Microcristalline|1|high
Cera Microcristallina/ Microcrystalline Wax/Cire Microcrystalline|Cera Microcristallina/Microcrystalline Wax/Cire Microcrystalline|2|high
Ceramide 6 11|Ceramide 6-11|2|high
Ceramide 6 Ii|Ceramide 6-Ii|2|high
Ceramide-2|Ceramide 2|2|high
Ceramide-3|Ceramide 3|2|high
Ceramide-4|Ceramide 4|2|high
Ceteareth-20 And Cetearyl Alcohol|Ceteareth-20|4|review
Ceteareth-6-Olivate|Ceteareth-6 Olivate|2|high
Ceteareth Alcohol|Cetearyl Alcohol|1|review
Cetyl Stearylic Alcohol|Cetearyl Alcohol|3|review
Cetanol|Cetyl Alcohol|3|review
Cetyl Pamitate|Cetyl Palmitate|1|high
Cetyl Latate|Cetyl Lactate|1|high
Cetyl Hydoxyethylcellulose|Cetyl Hydroxyethylcellulose|1|high
Cetyl Hydroxy Ethylcellulose|Cetyl Hydroxyethylcellulose|2|high
Cetyl Hydroxyethlcellulose|Cetyl Hydroxyethylcellulose|1|high
Cetyl Hydroxyethyl Cellulose|Cetyl Hydroxyethylcellulose|2|high
Cetylhydroxyethylcellulose|Cetyl Hydroxyethylcellulose|2|high
Cetyl Esters Wax|Cetyl Esters|4|review
Cetyl PEG-PPG-10 / 1 Dimethicone|Cetyl PEG/PPG-10/1 Dimethicone|2|high
Cetyl PEG/ PPG-10/1 Dimethicone|Cetyl PEG/PPG-10/1 Dimethicone|2|high
Cetyl PEG/PPG 10/1 Dimethicone|Cetyl PEG/PPG-10/1 Dimethicone|2|high
Cetyl PEG/PPG-10/1DIMETHICONE|Cetyl PEG/PPG-10/1 Dimethicone|2|high
Cetyl/Peg/Ppg 10/1 Dimethicone|Cetyl PEG/PPG-10/1 Dimethicone|2|high
Cetyl PEG/PPG-10/1|Cetyl PEG/PPG-10/1 Dimethicone|2|review
Cetyl Diglyceryl Trissilyethyl Dimethicone|Cetyl Diglyceryl Trissilylethyl Dimethicone|1|high
Cetyl Diglyceryl Tris Silylethyl Dimethicone|Cetyl Diglyceryl Trissilylethyl Dimethicone|2|high
Cetyl-2 Ethylhexanoate|Cetyl 2-Ethylhexanoate|2|high
Cetyl Pg Hydroxyethyl Palmitamide|Cetyl-Pg Hydroxyethyl Palmitamide|2|high
Cetyl Dimethicone/Bis-Vinyl Dimethicone Crosspolymer|Cetyl Dimethicone/Bis-Vinyldimethicone Crosspolymer|2|high
Cha Momilla Recutita Flower Extract|Chamomilla Recutita Flower Extract|2|high
Chamamilla Recutita Flower Extract|Chamomilla Recutita Flower Extract|1|high
Chamoilla Recutita Flower Extract|Chamomilla Recutita Flower Extract|1|high
Chamomila Recuita Flower Extract|Chamomilla Recutita Flower Extract|1|high
Chamomila Recutita Flower Extract|Chamomilla Recutita Flower Extract|1|high
Chamomila Recutita Flower Extract*|Chamomilla Recutita Flower Extract|1|high
Chamomile Reculta Flower Extract|Chamomilla Recutita Flower Extract|1|high
Chamomile Recutita Flower Extract|Chamomilla Recutita Flower Extract|1|high
Chamomilla Recuitita Flower Extract|Chamomilla Recutita Flower Extract|1|high
Chamomilla Recutita Flower Extact|Chamomilla Recutita Flower Extract|1|high
Chamomilla Recutita Fower Extract|Chamomilla Recutita Flower Extract|1|high
Chamomillarecutita Flower Extract|Chamomilla Recutita Flower Extract|2|high
Chamomille Recutita Flower Extract|Chamomilla Recutita Flower Extract|1|high
Chamomilla Recutita Flower Extract/ Chamomilla Recutita Flower Extract|Chamomilla Recutita Flower Extract|2|high
Chamomilla Recutita Flower Extract/Chamomilla Recutita Flower Extract|Chamomilla Recutita Flower Extract|2|high
Chamomilla Recutita Flower Extract / Matricaria Flower Extract|Chamomilla Recutita Flower Extract|3|review
Chamomilla Recutita Flower Extract/Matricaria Flower Extract|Chamomilla Recutita Flower Extract|3|review
Chamomilla Recutita Matricaria Flower Extract|Chamomilla Recutita Flower Extract|3|review
Chamomila Recutita Flower Oil|Chamomilla Recutita Flower Oil|1|high
Chamomilla Recutita Is Flower Oil|Chamomilla Recutita Flower Oil|2|high
Chamomilla Recutita Matricaria Flower Oil|Chamomilla Recutita Flower Oil|3|review
Chamomilla Recutita Flower Oil/Matricaria Flower Oil|Chamomilla Recutita Flower Oil|3|review
Chamomila Recutita Flower Water|Chamomilla Recutita Flower Water|1|high
Chamomile Recutita Extract|Chamomilla Recutita Extract|1|high
Chamomilla Recutita Extract / Matricaria Flower Extract|Chamomilla Recutita Extract|3|review
Chamomilla Recutita Extract/Matricaria Flower Extract|Chamomilla Recutita Extract|3|review
Chamomilla Recutita Matricaria Extract|Chamomilla Recutita Extract|3|review
Chamomile Recutita|Chamomilla Recutita|1|high
Chamomille|Chamomile|1|high
Chamomile Flower Extracts|Chamomile Flower Extract|2|high
Chamomile Flowers|Chamomile Flower|2|high
Chapparel Extract|Chaparral Extract|1|high
Chenopodium Quinoa Seed Extract*|Chenopodium Quinoa Seed Extract|5|high
Chlorophyllinum Cupreum|Chlorophyllin-Copper Complex|3|review
Chloresteryl Isostearate|Cholesteryl Isostearate|1|high
Chon-Drus Crispus Extract|Chondrus Crispus Extract|2|high
Chondrus Chrispus Extract|Chondrus Crispus Extract|1|high
Chrondrus Crispus Extract|Chondrus Crispus Extract|1|high
Chrondus Crispus Extract|Chondrus Crispus Extract|1|high
Chondrus Chrispus|Chondrus Crispus|1|high
Chrondus Crispus Powder|Chondrus Crispus Powder|1|high
Chromium Oxide Green|Chromium Oxide Greens|2|high
Chromium Oxides Green|Chromium Oxide Greens|2|high
Chromium Oxides Greens|Chromium Oxide Greens|2|high
Chromiumoxide Greens|Chromium Oxide Greens|2|high
Chromium Oxide Greens CI 77288|Chromium Oxide Greens|2|review
Chromium Oxide Green Powder|Chromium Oxide Greens|4|review
Chrysanthemium Parthenium Extract|Chrysanthemum Parthenium Extract|1|high
Chrysantheumum Parthenum Extract|Chrysanthemum Parthenium Extract|1|high
CI 177891|Titanium Dioxide|1|high
CI 14700 / Red 4|CI 14700|2|review
CI 14700/ Red 4|CI 14700|2|review
CI 14700/Red 4|CI 14700|2|review
CI 15510 / Orange 4|CI 15510|2|review
CI 15510/Orange 4|CI 15510|2|review
CI 15850 / Red 6|CI 15850|2|review
CI 15850 / Red 7|CI 15850|2|review
CI 15850 / Red 7 Lake|CI 15850|2|review
CI 15850 Red 6|CI 15850|2|review
CI 15850 Red 7 Lake|CI 15850|2|review
CI 15850/Red 6|CI 15850|2|review
CI 15850/Red 6 Lake|CI 15850|2|review
CI 15850/Red 7|CI 15850|2|review
CI 15850/Red 7 Lake|CI 15850|2|review
CI 15985 / Yellow 6|CI 15985|2|review
CI 15985 / Yellow 6 Lake|CI 15985|2|review
CI 15985/Yellow 6|CI 15985|2|review
CI 15985/Yellow 6 Lake|CI 15985|2|review
CI 16035 / Red 40|CI 16035|2|review
CI 16035 Red 40 Lake|CI 16035|2|review
CI 16035/Red 40|CI 16035|2|review
CI 17200 / Red 33|CI 17200|2|review
CI 17200 / Red 33 Lake|CI 17200|2|review
CI 17200/Red 33|CI 17200|2|review
CI 17200/Red 33 Lake|CI 17200|2|review
CI 19140 / Yellow 5|CI 19140|2|review
CI 19140 / Yellow 5 Lake|CI 19140|2|review
CI 19140 /Acid Yellow 23|CI 19140|2|review
CI 19140 Fd&C Yellow No. 5|CI 19140|2|review
CI 19140 Yellow 5|CI 19140|2|review
CI 19140/ Yellow 5|CI 19140|2|review
CI 19140/Yellow 5|CI 19140|2|review
CI 19140/Yellow 5 Lake|CI 19140|2|review
CI 42053 / Green 3|CI 42053|2|review
CI 42090 / Blue 1|Blue 1|2|review
CI 42090 / Blue 1 Lake|Blue 1 Lake|2|review
CI 42090 Fd&C Blue No. 1|Blue 1|2|review
CI 42090/Blue 1|Blue 1|2|review
CI 42090/Blue 1 Lake|Blue 1 Lake|2|review
CI 42090/Fd&C Blue 1|Blue 1|2|review
CI 45380 / Red 21|CI 45380|2|review
CI 45380 / Red 22 Lake|CI 45380|2|review
CI 45380/Red 21|CI 45380|2|review
CI 45380/Red 22 Lake|CI 45380|2|review
CI 45410 / Red 28 Lake|CI 45410|2|review
CI 45410 Red 27|CI 45410|2|review
CI 45410/Red 27|CI 45410|2|review
CI 45410/Red 27/Red 28 Lake|CI 45410|2|review
CI 45410/Red 28 Lake|CI 45410|2|review
CI 47005 Yellow|CI 47005|2|review
CI 47005/Yellow 10|CI 47005|2|review
CI 47005/Yellow 10 Lake|CI 47005|2|review
CI 60725 / Violet 2|CI 60725|2|review
CI 60725/Violet 2|CI 60725|2|review
CI 60730 / Ext. Violet 2|CI 60730|2|review
CI 60730/Acid Violet 43|CI 60730|2|review
CI 60730/Ext. Violet 2|CI 60730|2|review
CI 61565 / Green 6|CI 61565|2|review
CI 61565/Green 6|CI 61565|2|review
CI 61570 / Green 5|CI 61570|2|review
CI 73360 / Red 30|CI 73360|2|review
CI 73360/Red 30|CI 73360|2|review
CI 73360/Red 30 Lake|CI 73360|2|review
CI 75120 / Annatto|CI 75120|2|review
CI 75130 / Beta-Carotene|Beta-Carotene|2|review
CI 75130/Beta-Carotene|Beta-Carotene|2|review
CI 75470 / Carmine|CI 75470|2|review
CI 75470/Carmine|CI 75470|2|review
CI 77000/Aluminum|CI 77000|2|review
CI 77007 / Ultramarines|CI 77007|2|review
CI 77007 Ultramarines|CI 77007|2|review
CI 77007/ Ultramarines|CI 77007|2|review
CI 77007/Ultramarines|CI 77007|2|review
CI 77019/Mica|CI 77019|2|review
CI 77120/Barium Sulfate|CI 77120|2|review
CI 77163 / Bismuth Oxychloride|CI 77163|2|review
CI 77163/Bismuth Oxychloride|CI 77163|2|review
CI 77288 / Chromium Oxide Greens|CI 77288|2|review
CI 77288/ Chromium Oxide Greens|CI 77288|2|review
CI 77288/Chromium Oxide Greens|CI 77288|2|review
CI 77289 / Chromium Hydroxide Green|CI 77289|2|review
CI 77289/Chromium Hydroxide Green|CI 77289|2|review
CI 77491 / Iron Oxides|CI 77491|2|review
CI 77491/Iron Oxide Red|CI 77491|2|review
CI 77491/Iron Oxides|CI 77491|2|review
CI 77492 / Iron Oxides|CI 77492|2|review
CI 77492/Iron Oxides|CI 77492|2|review
CI 77499 / Iron Oxides|CI 77499|2|review
CI 77499 /Iron Oxides|CI 77499|2|review
CI 77499 Black|CI 77499|2|review
CI 77499 Iron Oxides|CI 77499|2|review
CI 77499/ Iron Oxides|CI 77499|2|review
CI 77499/Iron Oxide Black|CI 77499|2|review
CI 77499/Iron Oxides|CI 77499|2|review
CI 77510 / Ferric Ferrocyanide|CI 77510|2|review
CI 77742 / Manganese Violet|CI 77742|2|review
CI 77742/Manganese Violet|CI 77742|2|review
CI 77861 Tin Oxide|CI 77861|2|review
CI 77891 / Titanium Dioxide|Titanium Dioxide|2|review
CI 77891 / Titaniumdioxide|Titanium Dioxide|2|review
CI 77891 / Zinc Oxide|Titanium Dioxide|2|review
CI 77891 /Titanium Dioxide|Titanium Dioxide|2|review
CI 77891 Titanium Dioxide|Titanium Dioxide|2|review
CI 77891 White|Titanium Dioxide|2|review
CI 77891/ Titanium Dioxide|Titanium Dioxide|2|review
CI 77891/Titanium Dioxide|Titanium Dioxide|2|review
CI14700/RED 4|CI 14700|2|review
CI17200|CI 17200|2|high
CI17200 / Red 33|CI 17200|2|review
CI17200/RED 33|CI 17200|2|review
CI19140|CI 19140|2|high
CI19140 / Yellow 5 Lake|CI 19140|2|review
CI77491|CI 77491|2|high
CI77492|CI 77492|2|high
CI77499|CI 77499|2|high
CI77742|CI 77742|2|high
CI77861|CI 77861|2|high
CI77891|Titanium Dioxide|2|high
CI77891 Titanium Dioxide|Titanium Dioxide|2|review
CI77891/TITANIUM Dioxide|Titanium Dioxide|2|review
CI77871/TITAMIUM Dioxide|Titanium Dioxide|1|high
C142090|Blue 1|1|high
C177891|Titanium Dioxide|1|high
C.I. 77491|CI 77491|2|high
C.I.42090|Blue 1|2|high
C.I. 16035 D&C Red No. 40|CI 16035|2|review
CI2-14 Isoparaffin|C12-14 Isoparaffin|1|high
CICHORIUM Intybus Root Extract / Chicory Root Extract|CICHORIUM Intybus Root Extract|3|review
CINNAMOMOUM Zeylanicum Bark Extract|CINNAMOMUM Zeylanicum Bark Extract|1|high
CINNAMOMUM Zeyanicum Bark Extract|CINNAMOMUM Zeylanicum Bark Extract|1|high
CINNAMOMUM Zeylancium Bark Extract|CINNAMOMUM Zeylanicum Bark Extract|1|high
CINNAMOMUM Zeylancum Bark Extract|CINNAMOMUM Zeylanicum Bark Extract|1|high
CINNAMONIUM Zeylanicum Leaf Oil|CINNAMOMUM Zeylanicum Leaf Oil|1|high
CINNAMONIUM Camphora Oil|CINNAMOMUM Camphora Oil|1|high
CINNAMOMUM Camphora L. Leaf Oil|CINNAMOMUM Camphora Leaf Oil|4|review
CINNAMOMUM Camphora Linalloliferum Leaf Oil|CINNAMOMUM Camphora Linalooliferum Leaf Oil|1|high
CINNAMAYL Alcohol|CINNAMYL Alcohol|1|high
CINNAMAL Alcohol|CINNAMYL Alcohol|1|review
CITRIC Acid Anhydrous|CITRIC Acid|4|review
CITRIC Acid Monohydrate|CITRIC Acid|4|review
CITRUS Acid|CITRIC Acid|1|high
CITRULLUS Lanatus Fruit Extract/ Watermelon Fruit Extract|CITRULLUS Lanatus Fruit Extract|3|review
CITRULLUS Lanatus Fruit Extract/Citrullus Lanatus Fruit Extract|CITRULLUS Lanatus Fruit Extract|2|high
CITRILLUS Lanatus Seed Oil|CITRULLUS Lanatus Seed Oil|1|high
CITRULUS Vulgaris Fruit Extract|CITRULLUS Vulgaris Fruit Extract|1|high
CITRUS Auran Tium Dulcis Oil|CITRUS Aurantium Dulcis Oil|2|high
CITRUS Auranium Dulcis Fruit Extract|CITRUS Aurantium Dulcis Fruit Extract|1|high
CITRUS Aurantum Dulcis|CITRUS Aurantium Dulcis|1|high
CITRUS Aurentium Dulcis Peel Extract|CITRUS Aurantium Dulcis Peel Extract|1|high
CITRUS Aurantium Dulcis *|CITRUS Aurantium Dulcis|5|high
CITRUS Aurantium Dulcis Oil*|CITRUS Aurantium Dulcis Oil|5|high
CITRUS Aurantium Dulcis Flower Oil**|CITRUS Aurantium Dulcis Flower Oil|5|high
CITRUS Aurantium Dulcis Peel Oi|CITRUS Aurantium Dulcis Peel Oil|1|high
CITRUS Aurantium Dulcis Fruitwater|CITRUS Aurantium Dulcis Fruit Water|2|high
CITRUS Aurantium Dulcis Fruit Water / Orange Fruit Water|CITRUS Aurantium Dulcis Fruit Water|3|review
CITRUS Aurantium Dulcis Fruit Water/Orange Fruit Water|CITRUS Aurantium Dulcis Fruit Water|3|review
CITRUS Aurantium Dulcis Extract / Orange Fruit Extract|CITRUS Aurantium Dulcis Extract|3|review
CITRUS Aurantium Dulcis Fruit Extract/Orange Fruit Extract|CITRUS Aurantium Dulcis Fruit Extract|3|review
CITRUS Aurantium Dulcis Juice / Orange Juice|CITRUS Aurantium Dulcis Juice|3|review
CITRUS Aurantium Dulcis Juice/Orange Juice|CITRUS Aurantium Dulcis Juice|3|review
CITRUS Aurantium Dulcis Oil / Orange Peel Oil|CITRUS Aurantium Dulcis Oil|3|review
CITRUS Aurantium Dulcis Oil/Orange Peel Oil|CITRUS Aurantium Dulcis Oil|3|review
CITRUS Aurantium Dulcis Orange Peel Oil|CITRUS Aurantium Dulcis Peel Oil|3|review
CITRUS Aurantium Dulcis Peel Oil / Orange Peel Oil|CITRUS Aurantium Dulcis Peel Oil|3|review
CITRUS Aurantium Dulcis Peel Oil/Orange Peel Oil|CITRUS Aurantium Dulcis Peel Oil|3|review
CITRUS Aurantium Dulcis Peel Powder/Orange Peel Powder|CITRUS Aurantium Dulcis Peel Powder|3|review
CITRUS Aurantium Dulcis Fruit Juice/Citrus Aurantium Dulcis Juice|CITRUS Aurantium Dulcis Juice|2|high
CITRUS Auranitium Bergamia Fruit Oil|CITRUS Aurantium Bergamia Fruit Oil|1|high
CITRUS Auranitum Bergamia Fruit Extract|CITRUS Aurantium Bergamia Fruit Extract|1|high
CITRUS Aurantium Bergama Fruit Extract|CITRUS Aurantium Bergamia Fruit Extract|1|high
CITRUS Aurantium Bergamla Peel Oil|CITRUS Aurantium Bergamia Peel Oil|1|high
CITRUS Aurantium Bergamia Fruit Oil*|CITRUS Aurantium Bergamia Fruit Oil|5|high
CITRUS Aurantium Bergamia Oil*|CITRUS Aurantium Bergamia Oil|5|high
CITRUS Aurantium Bergama Bergamot Fruit Oil|CITRUS Aurantium Bergamia Fruit Oil|3|review
CITRUS Bergamia Bergamot Fruit Oil|CITRUS Bergamia Fruit Oil|3|review
CITRUS Aurantium Amara Essential Oil*|CITRUS Aurantium Amara Essential Oil|5|high
CITRUS Aurantium Amara Flower Oil*|CITRUS Aurantium Amara Flower Oil|5|high
CITRUS Aurantium Amara Flower Water*|CITRUS Aurantium Amara Flower Water|5|high
CITRUS Aurantium Amara Flower Oil/Bitter Orange Flower Oil|CITRUS Aurantium Amara Flower Oil|3|review
CITRUS Aurantium Amara Neroli Flower Oil|CITRUS Aurantium Amara Flower Oil|3|review
CITRUS Aurantium Aroma Flower Oil|CITRUS Aurantium Amara Flower Oil|1|high
CITRUS Aurantium Amara Leaf/ Twig Oil|CITRUS Aurantium Amara Leaf/Twig Oil|2|high
CITRUS Aurantium Ssp. Amara Oil|CITRUS Aurantium Amara Oil|2|high
CITRUS Aurantium Flower Oil*|CITRUS Aurantium Flower Oil|5|high
CITRUS Aurantium Fruit Oil*|CITRUS Aurantium Fruit Oil|5|high
CITRUS Aurantium/Tachibana Peel Extract|CITRUS Aurantium Tachibana Peel Extract|2|high
CITRUS Grande Peel Oil|CITRUS Grandis Peel Oil|1|high
CITRUS Grandis Peel Oil**|CITRUS Grandis Peel Oil|5|high
CITRUS Grandis Extract / Grapefruit Fruit Extract|CITRUS Grandis Extract|3|review
CITRUS Grandis Extract/Grapefruit Fruit Extract|CITRUS Grandis Extract|3|review
CITRUS Grandis Fruit Extract/Grapefruit Fruit Extract|CITRUS Grandis Fruit Extract|3|review
CITRUS Grandis Peel Oil / Grapefruit Peel Oil|CITRUS Grandis Peel Oil|3|review
CITRUS Grandis Oil/Grapefruit Peel Oil|CITRUS Grandis Oil|3|review
CITRUS Grandis Peel Oil/Citrus Grandis|CITRUS Grandis Peel Oil|2|high
CITRUS Limon Peel Oi|CITRUS Limon Peel Oil|1|high
CITRUS Limon Peel Oil¬Π|CITRUS Limon Peel Oil|5|high
CITRUS Limon Fruit Extract / Lemon Fruit Extract|CITRUS Limon Fruit Extract|3|review
CITRUS Limon Fruit Extract/ Lemon Fruit Extract|CITRUS Limon Fruit Extract|3|review
CITRUS Limon Fruit Extract/Lemon Fruit Extract|CITRUS Limon Fruit Extract|3|review
CITRUS Limon Juice / Lemon Juice|CITRUS Limon Juice|3|review
CITRUS Limon Peel Oil / Lemon Peel Oil|CITRUS Limon Peel Oil|3|review
CITRUS Limon Peel Oil/Lemon Peel Oil|CITRUS Limon Peel Oil|3|review
CITRUS Limon Peel Oil/Citrus Limon Peel Oil|CITRUS Limon Peel Oil|2|high
CITRUS Limon Peel Extract/Citrus Limon|CITRUS Limon Peel Extract|2|high
CITRUS Limon Peel Powder / Lemon Peel Powder|CITRUS Limon Peel Powder|3|review
CITRUS Limon Lemon|CITRUS Limon|3|review
CITRUS Lemon Extract|CITRUS Limon Extract|1|high
CITRUS Lemon Fruit Extract|CITRUS Limon Fruit Extract|1|high
CITRUS Lemon Peel Oil|CITRUS Limon Peel Oil|1|high
CITRUS Media Limonum Extract|CITRUS Medica Limonum Extract|1|high
CITRUS Medica Limonium Extract/Lemon Fruit Extract|CITRUS Medica Limonum Extract|1|review
CITRUS Medica Limonium Fruit Extract|CITRUS Medica Limonum Fruit Extract|1|high
CITRUS Medica Limonium Peel Extract|CITRUS Medica Limonum Peel Extract|1|high
CITRUS Medica Limonum Extract/Lemon Fruit Extract|CITRUS Medica Limonum Extract|3|review
CITRUS Medica Limonum Peel Extract / Lemon Peel Extract|CITRUS Medica Limonum Peel Extract|3|review
CITRUS Medica Limonum Peel Oil / Lemon Peel Oil|CITRUS Medica Limonum Peel Oil|3|review
CITRUS Medica Limonum Peel Oil*|CITRUS Medica Limonum Peel Oil|5|high
CITRUS Nobilis Fruit Extract/Citrus Nobilis Fruit Extract|CITRUS Nobilis Fruit Extract|2|high
CITRUS Nobilis Peel Oil / Mandarin Orange Peel Oil|CITRUS Nobilis Peel Oil|3|review
CITRUS Nobilis Peel Oil*|CITRUS Nobilis Peel Oil|5|high
CITRUS Paradise|CITRUS Paradisi|1|high
CITRUS Paradisi Extract*|CITRUS Paradisi Extract|5|high
CITRUS Clementina Fruit Extract*|CITRUS Clementina Fruit Extract|5|high
CITRUS Limonium|CITRUS Limonum|1|review
CITRUS Limonium Oil|CITRUS Limonum Oil|1|review
CITRUS Monspellensis Extract|CISTUS Monspeliensis Extract|1|review
Cl 12490|CI 12490|1|high
Cl 14700|CI 14700|1|high
Cl 14700/Red 4|CI 14700|1|review
Cl 15850 / Red 6 Lake|CI 15850|1|review
Cl 15985|CI 15985|1|high
Cl 15985/Yellow 6|CI 15985|1|review
Cl 16035|CI 16035|1|high
Cl 17200|CI 17200|1|high
Cl 19140|CI 19140|1|high
Cl 19140/Yellow 5|CI 19140|1|review
Cl 19140/Yellow 5 Lake|CI 19140|1|review
Cl 42053|CI 42053|1|high
Cl 42090|Blue 1|1|high
Cl 42090/Blue 1|Blue 1|1|review
Cl 43090/Blue 1 Lake|Blue 1 Lake|1|review
Cl 47005|CI 47005|1|high
Cl 60730|CI 60730|1|high
Cl 74570 Carmine|CI 75470|1|review
Cl 75470/Carmine|CI 75470|1|review
Cl 77007/Ultramarines|CI 77007|1|review
Cl 77288|CI 77288|1|high
Cl 77289|CI 77289|1|high
Cl 77491|CI 77491|1|high
Cl 77492|CI 77492|1|high
Cl 77492 / Iron Oxides|CI 77492|1|review
Cl 77499|CI 77499|1|high
Cl 77499/Iron Oxides|CI 77499|1|review
Cl 77510|CI 77510|1|high
Cl 77742 / Manganese Violet|CI 77742|1|review
Cl 77891|Titanium Dioxide|1|high
Cl 77891 / Titanium Dioxide|Titanium Dioxide|1|review
Cl 77891/ Titanium Dioxide|Titanium Dioxide|1|review
Cl 77891/Titanium Dioxide|Titanium Dioxide|1|review
Cl 77947|CI 77947|1|high
Cl77491|CI 77491|1|high
Colour 42090|Blue 1|2|review
CITRUS Paradisii Oil|CITRUS Paradisi Oil|1|high
CITRUS Paradsi Peel Oil|CITRUS Paradisi Peel Oil|1|high
CITRUS Paradisi Grapefruit Oil|CITRUS Paradisi Oil|3|review
CITRUS Paradisi Fruit Extract / Grapefruit Fruit Extract|CITRUS Paradisi Fruit Extract|3|review
CITRUS Paradisi Peel Oil/Grapefruit Peel Oil|CITRUS Paradisi Peel Oil|3|review
CITRUS Paradisi Macfad Essential Oil|CITRUS Paradisi Essential Oil|4|review
CITRUS Prides Fruit Extract|CITRUS Paradisi Fruit Extract|1|review
CITRUS Reticulate|CITRUS Reticulata|1|high
CITRUS Reticulate Essential Oil|CITRUS Reticulata Essential Oil|1|high
CITRUS Reticulate Fruit Extract|CITRUS Reticulata Fruit Extract|1|high
CITRUS Reticulata Fruit Extract*|CITRUS Reticulata Fruit Extract|5|high
CITRUS Reticulata Peel Oil/Citrus Reticulata Peel Oil|CITRUS Reticulata Peel Oil|2|high
CITRUS Sinesis Oil|CITRUS Sinensis Oil|1|high
CITRUS Sinensis Fruit Extract*|CITRUS Sinensis Fruit Extract|5|high
CITRUS Sinensis Peel Oil*|CITRUS Sinensis Peel Oil|5|high
CITRUS Tangerine Extract|CITRUS Tangerina Extract|1|high
CITRUS Tangerine Peel Extract|CITRUS Tangerina Peel Extract|1|high
CITRUS Tangerina Peel Oil**|CITRUS Tangerina Peel Oil|5|high
CITRUS Tachibana / CITRUS Aurantium Tachibana Peel Extract|CITRUS Aurantium Tachibana Peel Extract|2|review
Clitorea Ternatea Flower Extract|Clitoria Ternatea Flower Extract|1|high
Clitoria Ternatea Flower Extact|Clitoria Ternatea Flower Extract|1|high
Cmellia Japonica Leaf Extract|Camellia Japonica Leaf Extract|1|high
Cnnamyl Alcohol|CINNAMYL Alcohol|1|high
Co Q-10|Coenzyme Q10|2|high
Co-Enzyme Q10|Coenzyme Q10|2|high
Coenzyme Q-10|Coenzyme Q10|2|high
Coamidopropyl Betaine|Cocamidopropyl Betaine|1|high
Cocam Dopropyl Betaine|Cocamidopropyl Betaine|2|high
Cocamido Propyl Betaine|Cocamidopropyl Betaine|2|high
Cocamido-Propyl Betaine|Cocamidopropyl Betaine|2|high
Cocamidopopyl Betaine|Cocamidopropyl Betaine|1|high
Cocamidopropy Betaine|Cocamidopropyl Betaine|1|high
Cocamidopropyi Betaine|Cocamidopropyl Betaine|1|high
Cocamidopropyl Betain|Cocamidopropyl Betaine|1|high
Cocamidopropyl Betamide|Cocamidopropyl Betaine|1|high
Cocamidopropyl Betane|Cocamidopropyl Betaine|1|high
Cocamidopropylbetaine|Cocamidopropyl Betaine|2|high
Cocamidoproyl Betaine|Cocamidopropyl Betaine|1|high
Cocoamidopropyl Betaine|Cocamidopropyl Betaine|1|review
Cocoamidopropylbetaine|Cocamidopropyl Betaine|1|review
Cocoamidorpopyl Betaine|Cocamidopropyl Betaine|1|high
Cocomidopropyl Betaine|Cocamidopropyl Betaine|1|high
Cocobetaine|Coco-Betaine|2|high
Coco Betaine|Coco-Betaine|2|high
Cocamidopropyl Hydrosultaine|Cocamidopropyl Hydroxysultaine|1|high
Cocamidopropyl Hydroxy Sulfobetaine|Cocamidopropyl Hydroxysultaine|3|review
Cocamidopropyl Hydroxysulfate|Cocamidopropyl Hydroxysultaine|1|review
Cocamidopropyl Hydroxysultaine*|Cocamidopropyl Hydroxysultaine|5|high
Cocoamidopropyl Hydroxysultaine|Cocamidopropyl Hydroxysultaine|1|review
Cocamidopropyl Pg Dimonium Chloride Phosphate|Cocamidopropyl Pg-Dimonium Chloride Phosphate|2|high
Cocamidopropyl Pgdimonium Chloride Phosphate|Cocamidopropyl Pg-Dimonium Chloride Phosphate|2|high
Cocamidopropyl Pg Dimonium Chloride|Cocamidopropyl Pg-Dimonium Chloride|2|high
Cocoamide MEA|Cocamide MEA|1|high
Cocomide MEA|Cocamide MEA|1|high
Cocodiethanolamide|Cocamide DEA|3|review
Coconut Diethanolamide|Cocamide DEA|3|review
Coccina Indica Fruit Extract|Coccinia Indica Fruit Extract|1|high
Cocoina Indica Fruit Extract|Coccinia Indica Fruit Extract|1|high
Coco Caprylate Caprate|Coco-Caprylate/Caprate|2|high
Coco Caprylate/Caprate|Coco-Caprylate/Caprate|2|high
Coco-Caprylate / Caprate|Coco-Caprylate/Caprate|2|high
Coco-Caprylate Caprate|Coco-Caprylate/Caprate|2|high
Coco-Caprylate-Caprate|Coco-Caprylate/Caprate|2|high
Coco-Caprylate/ Caprate|Coco-Caprylate/Caprate|2|high
Coco-Caprylate/ Caprate**|Coco-Caprylate/Caprate|5|high
Coco-Caprylate/Caprate*|Coco-Caprylate/Caprate|5|high
Coco-Caprylate/Caprate**|Coco-Caprylate/Caprate|5|high
Coco-Caprylate/Carprate|Coco-Caprylate/Caprate|1|high
Cococaprylate/ Caprate|Coco-Caprylate/Caprate|2|high
Cococaprylate/Caprate|Coco-Caprylate/Caprate|2|high
Coco Caprylate|Coco-Caprylate|2|high
Cococaprylate|Coco-Caprylate|2|high
Coco Glucoside|Coco-Glucoside|2|high
Coco-Glucosides|Coco-Glucoside|2|high
Cocoglucoside|Coco-Glucoside|2|high
Cocoglycerides*|Cocoglycerides|5|high
Coco Glycerides|Cocoglycerides|2|high
Cocos Nucfera Oil|Cocos Nucifera Oil|1|high
Cocos Nucifera O|Cocos Nucifera Oil|1|high
Cocos Nucifera Oll|Cocos Nucifera Oil|1|high
Cocos Nucifera Oil*|Cocos Nucifera Oil|5|high
Cocosnucifera Oil|Cocos Nucifera Oil|2|high
Coco Nucifera Oil|Cocos Nucifera Oil|2|high
Cocoa Nucifera Oil*|Cocos Nucifera Oil|1|high
Cocos Nucifera Oil / Coconut Oil|Cocos Nucifera Oil|3|review
Cocos Nucifera Oil/Coconut Oil|Cocos Nucifera Oil|3|review
Cocos-Nucifera Oil/Coconut Oil|Cocos Nucifera Oil|3|review
Cocos Nucifera Oil/Cocos Nucifera Oil|Cocos Nucifera Oil|2|high
Cocos Nucifera Oil-Organic|Cocos Nucifera Oil|4|review
Cocos Nucifera Coconut Oil/Huile De Noix De Coco|Cocos Nucifera Oil|3|review
Cocos Nucifera *|Cocos Nucifera|5|high
Cocos Nucifera Fruit Extract*|Cocos Nucifera Fruit Extract|5|high
Cocos Nucifera Fruit Extract/Coconut Fruit Extract|Cocos Nucifera Fruit Extract|3|review
Cocos Nucifera Fruit Extract/Cocos Nucifera Fruit Extract|Cocos Nucifera Fruit Extract|2|high
Cocos Nucifera Fruit Juice / Coconut Fruit Juice|Cocos Nucifera Fruit Juice|3|review
Cocos Nucifera Fruit Juice/Coconut Fruit Juice|Cocos Nucifera Fruit Juice|3|review
Cocos Nucifera Fruit Juice/Cocos Nucifera Fruit Juice|Cocos Nucifera Fruit Juice|2|high
Cocos Nuofera Fruit Juice|Cocos Nucifera Fruit Juice|1|high
Cocos Nucifera Water/Cocos Nucifera Water|Cocos Nucifera Water|2|high
Cocus Nucifera Fruit Extract|Cocos Nucifera Fruit Extract|1|high
Cocoabutter|Cocoa Butter|2|high
Coconut Acids|Coconut Acid|2|high
Coconut Acid*|Coconut Acid|5|high
Coconut Oils|Coconut Oil|2|high
Coconut Oil*|Coconut Oil|5|high
Coconuts|Coconut|2|high
Coconut Fatty Acids|Coconut Fatty Acid|2|high
Coconut Oil-Cocos Nucifera|Coconut Oil|3|review
Coconut Extracts*|Coconut Extract|5|high
Cocyl Hydrolyzed Collagen|Cocoyl Hydrolyzed Collagen|1|high
Cocyl Hydrolyzed Elastin|Cocoyl Hydrolyzed Elastin|1|high
Cocyl Hydrolyzed Keratin|Cocoyl Hydrolyzed Keratin|1|high
Codium Tomentosum Extracts|Codium Tomentosum Extract|2|high
Codonopis Lanceolata Root Extract|Codonopsis Lanceolata Root Extract|1|high
Coffee Arabica Bean|Coffea Arabica Bean|1|high
Coffee Arabica Extract|Coffea Arabica Extract|1|high
Coffee Arabica Leaf Cell Extract|Coffea Arabica Leaf Cell Extract|1|high
Coffee Arabica Seed Extract|Coffea Arabica Seed Extract|1|high
Coffee Arabica Seed Oil|Coffea Arabica Seed Oil|1|high
Coffea Arabica Seed Extract*|Coffea Arabica Seed Extract|5|high
Coffea Robusta Seed Extract*|Coffea Robusta Seed Extract|5|high
Coffea Arabica L Oil|Coffea Arabica Oil|4|review
Caffea Robusta Aqueous Extract|Coffea Robusta Aqueous Extract|1|high
Cola Acuminata Seed Extra|Cola Acuminata Seed Extract|1|high
Cola Nitida Extract / Cola Nitida Seed Extract|Cola Nitida Seed Extract|2|review
Collodial Oatmeal|Colloidal Oatmeal|1|high
Collodial Silicon Dioxide|Colloidal Silicon Dioxide|1|high
Collodial Sulfur|Colloidal Sulfur|1|high
Colloidal Oats|Colloidal Oatmeal|2|review
Colloidal Oatmeal 0.5%|Colloidal Oatmeal|4|high
Colloidal Oatmeal 0.50%|Colloidal Oatmeal|4|high
Colloidal Oatmeal 2%|Colloidal Oatmeal|4|high
Collagen 2%|Collagen|4|high
Colorants|Colorant|2|high
Colour|Color|2|high
Colour 77947|CI 77947|2|review
Comfrey*|Comfrey|5|high
Commiphora Muku Resin Entraxct|Commiphora Mukul Resin Extract|1|high
Commiphora Confusa Resin Oil*|Commiphora Confusa Resin Oil|5|high
Commiphora Myrrha Resin Extract*|Commiphora Myrrha Resin Extract|5|high
Copaifera Species Resin Oils|Copaifera Species Resin Oil|2|high
Copernica Cerifera Wax|Copernicia Cerifera Wax|1|high
Copernicia Cerifera Wax*|Copernicia Cerifera Wax|5|high
Copemicia Wax/Copemicia Cerifera Cera|Copernicia Cerifera Wax/Copernicia Cerifera Cera|1|high
Copernica Cerifera Wax/Cera Carnauba/Cire De Carnauba|Copernicia Cerifera Wax/Cera Carnauba/Cire De Carnauba|1|high
Copernicia Cerifera Wax / Cera Carnauba / CIRE De Carnauba|Copernicia Cerifera Wax/Cera Carnauba/Cire De Carnauba|2|high
Copernicia Cerifera Wax / Copernicia Cerifera Cera / CIRE De Carnauba|Copernicia Cerifera Wax/Copernicia Cerifera Cera/Cire De Carnauba|2|high
Copernicia Cerifera Wax/ Copernicia Cerifera Cera / CIRE De Carnauba|Copernicia Cerifera Wax/Copernicia Cerifera Cera/Cire De Carnauba|2|high
Copernicia Cerifera Wax/Copernicia Cerifera Cera / CIRE De Carnauba|Copernicia Cerifera Wax/Copernicia Cerifera Cera/Cire De Carnauba|2|high
Copernicia Cerifera Wax\ Copernicia Cerifera Cera \Cire De Carnauba|Copernicia Cerifera Wax/Copernicia Cerifera Cera/Cire De Carnauba|2|high
Copernicia Cerifera Wax\Copernicia Cerifera Cera\Cire De Carnauba|Copernicia Cerifera Wax/Copernicia Cerifera Cera/Cire De Carnauba|2|high
Copernicia Cerifera Cera / Carnauba Wax|Copernicia Cerifera Cera/Carnauba Wax|2|high
Copper Chloropyll|Copper Chlorophyll|1|high
Copper Gluconate4|Copper Gluconate|2|high
Coq 10|Coenzyme Q10|2|high
Coq10|Coenzyme Q10|2|high
Coples Japonica Root Extract|Coptis Japonica Root Extract|1|high
Corallina O CINALIS Extract|Corallina Officinalis Extract|1|high
Corallina Officianalis Extract|Corallina Officinalis Extract|1|high
Coralline Officinalis Extract|Corallina Officinalis Extract|1|high
Cornus Officinalis Frult Extract|Cornus Officinalis Fruit Extract|1|high
Corn Starch Modifed|Corn Starch Modified|1|high
Cornstarch|Corn Starch|2|high
Cornstarch Powder|Corn Starch|4|review
Corn-Derived Methyl Glucose Esquistearate|Corn-Derived Methyl Glucose Sesquistearate|1|high
Cotton Seed Oil|Cottonseed Oil|2|high
Coumarim|Coumarin|1|high
Courmarin|Coumarin|1|high
Cournarin|Coumarin|1|high
Coumarin*|Coumarin|5|high
Crambe Abyssinian Seed Oil|Crambe Abyssinica Seed Oil|1|high
Crataegus Monogina Flower Extract|Crataegus Monogyna Flower Extract|1|high
Crithmum Maritmum Extract|Crithmum Maritimum Extract|1|high
Croton Lechlerl Resin Extract|Croton Lechleri Resin Extract|1|high
Crysanthemum Parthenium Extract|Chrysanthemum Parthenium Extract|1|high
Cryptimera Japonica Bud Extract|Cryptomeria Japonica Bud Extract|1|high
Crylamide/Sodium Acryloyldimethyltaurate Copolymer|Acrylamide/Sodium Acryloyldimethyltaurate Copolymer|1|high
Cucumber Sativus Fruit Extract|Cucumis Sativus Fruit Extract|1|high
Cucumber Sativus Distillate|Cucumis Sativus Distillate|1|high
Cucumis Sativa Fruit Extract|Cucumis Sativus Fruit Extract|1|high
Cucumis Sativas Fruit Extract|Cucumis Sativus Fruit Extract|1|high
Cucumis Sativius Fruit Extract|Cucumis Sativus Fruit Extract|1|high
Cucumis Satvus Fruit Extract|Cucumis Sativus Fruit Extract|1|high
Cucums Sativus Fruit Extract|Cucumis Sativus Fruit Extract|1|high
Cucumis Sativus Fruitextract|Cucumis Sativus Fruit Extract|2|high
Cucumis Sativus Cucumber Fruit Extract|Cucumis Sativus Fruit Extract|3|review
Cucumis Sativus Fruit Extract / Cucumber Fruit Extract|Cucumis Sativus Fruit Extract|3|review
Cucumis Sativus Fruit Extract/Cucumber Fruit Extract|Cucumis Sativus Fruit Extract|3|review
Cucumis Sativus Fruit Extract/Cucumis Sativus|Cucumis Sativus Fruit Extract|2|high
Cucumis Sativus Fruit Extract/Cucumis Sativus Fruit Extract|Cucumis Sativus Fruit Extract|2|high
Cucumis Sativa Extract|Cucumis Sativus Extract|1|high
Cucums Sativus Extract|Cucumis Sativus Extract|1|high
Cucumis Sativus Extract *|Cucumis Sativus Extract|5|high
Cucumis Sativus Extract/Cucumber Fruit Extract|Cucumis Sativus Extract|3|review
Cucumis Sativus *|Cucumis Sativus|5|high
Cucumis Sativa|Cucumis Sativus|1|high
Cucumis Melon Fruit Extract|Cucumis Melo Fruit Extract|1|high
Cucumis Melo Fruit Extract/ Cucumis Melo Fruit Extract|Cucumis Melo Fruit Extract|2|high
Cucurbita Pepe Seed Oil|Cucurbita Pepo Seed Oil|1|high
Curcubita Pepo Seed Oil|Cucurbita Pepo Seed Oil|1|high
Cucurbita Pepo Seed Oil*|Cucurbita Pepo Seed Oil|5|high
Cucurbita Pepo Pumpkin Seed Extract|Cucurbita Pepo Seed Extract|3|review
Cupressus Sempervires Oil|Cupressus Sempervirens Oil|1|high
Cupressus Sempervirens Oil*|Cupressus Sempervirens Oil|5|high
Cupressus Sempervirens Leaf/Nut/ Stem Oil|Cupressus Sempervirens Leaf/Nut/Stem Oil|2|high
Cupressus Sempervirens/Leaf/Nut/Stem Oil|Cupressus Sempervirens Leaf/Nut/Stem Oil|2|high
Cupressus Sempervirens Cypress Leaf Oil|Cupressus Sempervirens Leaf Oil|3|review
Cupric Carbonate Hydroxide|Copper Carbonate Hydroxide|3|review
Curcuma Long Extract|Curcuma Longa Extract|1|high
Curcuma Long Extract/Tumeric Root Extract|Curcuma Longa Extract|1|review
Curcuma Longa Extract / Turmeric Root Extract|Curcuma Longa Extract|3|review
Curcuma Longa Extract/Tumeric Root Extract|Curcuma Longa Extract|3|review
Curcuma Longa Root Extract/Turmeric Root Extract|Curcuma Longa Root Extract|3|review
Curcumin CI 75300|Curcumin|2|review
Cyamopsis Tetragonolobus Gum|Cyamopsis Tetragonoloba Gum|1|high
Cyanopsis Tetragonoloba Gum|Cyamopsis Tetragonoloba Gum|1|high
Cymopsis Tetragonoloba Gum|Cyamopsis Tetragonoloba Gum|1|high
Cyamopsis Tetragonoloba Gum*|Cyamopsis Tetragonoloba Gum|5|high
Cyamopsis Tetragonoloba Guar Gum|Cyamopsis Tetragonoloba Gum|3|review
Cyamocobalamin|Cyanocobalamin|1|high
Cyathea Cumingi Leaf Extract|Cyathea Cumingii Leaf Extract|1|high
Cyclopen-Tasiloxane|Cyclopentasiloxane|2|high
Cyclopensiloxane|Cyclopentasiloxane|1|high
Cyclopenta-Siloxane|Cyclopentasiloxane|2|high
Cyclopentasi-Loxane|Cyclopentasiloxane|2|high
Cyclopentasibxane|Cyclopentasiloxane|1|high
Cyclopentasilaxane|Cyclopentasiloxane|1|high
Cyclopentasiloane|Cyclopentasiloxane|1|high
Cyclopentasilokane|Cyclopentasiloxane|1|high
Cydopentasiloxane|Cyclopentasiloxane|1|high
Cydomethicone|Cyclomethicone|1|high
Cyclomethicone 5|Cyclomethicone|4|high
Cylcotetrasiloxane|Cyclotetrasiloxane|1|high
Cylindrotheca Fustiformis Extract|Cylindrotheca Fusiformis Extract|1|high
Cymbopogon Flexuous Oil|Cymbopogon Flexuosus Oil|1|high
Cymbopogon Flexuosus Oil**|Cymbopogon Flexuosus Oil|5|high
Cymbopogon Martin Oil|Cymbopogon Martini Oil|1|high
Cymbopogon Martini Oil*|Cymbopogon Martini Oil|5|high
Cymbopogon Martinii Oil|Cymbopogon Martini Oil|1|review
Cymbopogon Martinii Leaf Oil|Cymbopogon Martini Leaf Oil|1|review
Cymbopogon Martinii Essential Oil|Cymbopogon Martini Essential Oil|1|review
Cymbopogon Martinii V. Motia Leaf Oil|Cymbopogon Martini V. Motia Leaf Oil|1|review
Cymbopogon Martinii Var. Motia Leaf Oil|Cymbopogon Martini V. Motia Leaf Oil|2|review
Cymbopogon Schoeanthus|Cymbopogon Schoenanthus|1|high
Cymbopogon Schoeanthus Oil|Cymbopogon Schoenanthus Oil|1|high
Coriandrum Sativum Fruit √Ïil|Coriandrum Sativum Fruit Oil|1|high
Coriandrum Sativum Fruit Oil / Coriander Fruit Oil|Coriandrum Sativum Fruit Oil|3|review
Coriandrum Sativum Seed Oil / Coriander Seed Oil|Coriandrum Sativum Seed Oil|3|review
Coriandrum Sativum Seed Oil/Coriander Seed Oil|Coriandrum Sativum Seed Oil|3|review
Coriandrum Sativum Oil/Coriander Seed Oil|Coriandrum Sativum Oil|3|review
Cysteamine Hcl|Cysteamine Hydrochloride|2|high
C√≠3-14 Isoparaffin|C13-14 Isoparaffin|1|high
D&C Red #33|D&C Red No. 33|2|high
D&C Red 33|D&C Red No. 33|2|high
D&C Red No 33|D&C Red No. 33|2|high
D&C Red No.33|D&C Red No. 33|2|high
D&C Red 6|D&C Red No. 6|2|high
D&C Red No.6|D&C Red No. 6|2|high
D&C Red No.6 Lake|D&C Red 6 Lake|2|high
D & C Red 6 Ba Lake|D&C Red 6 Barium Lake|2|high
D&C Red 6 Ba. Lake|D&C Red 6 Barium Lake|2|high
D&C Red No. 6 Barium Lake|D&C Red 6 Barium Lake|2|high
D&C Red 7|D&C Red No. 7|2|high
D&C Red No 7|D&C Red No. 7|2|high
D&C Red No.7|D&C Red No. 7|2|high
D&C Red 7 Lake|D&C Red No. 7 Lake|2|high
D&C Red 7 Ca Lake|D&C Red No. 7 Lake|2|review
D&C Red 7 Ca. Lake|D&C Red No. 7 Lake|2|review
D&C Red 7 Calcium|D&C Red No. 7 Lake|2|review
D&C Red 7 Calcium Lake|D&C Red No. 7 Lake|2|review
D&C Red No.7 Ca Lake|D&C Red No. 7 Lake|2|review
D & C Red No. 7 Calcium Lake|D&C Red No. 7 Lake|2|review
D&C Red 17|D&C Red No. 17|2|high
D&C Red No.17|D&C Red No. 17|2|high
D&C Red 27|D&C Red No.27|2|high
D&C Red 27 Al Lake|D&C Red No. 27 Aluminum Lake|2|high
D&C Red No. 27 Lake|D&C Red No. 27 Aluminum Lake|2|review
D&C Red 28|D&C Red No. 28|2|high
D&C Red No.28|D&C Red No. 28|2|high
D & C Violet No. 2|D&C Violet No. 2|2|high
D&C Violet #2|D&C Violet No. 2|2|high
D&C Violet 2|D&C Violet No. 2|2|high
D&C Violet No.2|D&C Violet No. 2|2|high
D & C Yellow No.10|D&C Yellow No. 10|2|high
D&C Yellow #10|D&C Yellow No. 10|2|high
D&C Yellow 10|D&C Yellow No. 10|2|high
D&C Yellow No.10|D&C Yellow No. 10|2|high
D&C Yellow 11|D&C Yellow No. 11|2|high
D&C Green 5|D&C Green No. 5|2|high
D&C Green 6|D&C Green No. 6|2|high
Dc Green 6|D&C Green No. 6|2|high
D&C Green 8|D&C Green No. 8|2|high
D&C Orange 4|D&C Orange No. 4|2|high
D Limonene|D-Limonene|2|high
D'Limonene|D-Limonene|2|high
D Panthenol|D-Panthenol|2|high
D-Alpha-Tocopherol|D-Alpha Tocopherol|2|high
D-Alpha-Tocopheryl Acetate|D-Alpha Tocopheryl Acetate|2|high
D-Calcium Pantothenate|Calcium Pantothenate|4|review
Dancus Carota Sativa|Daucus Carota Sativa|1|high
Daucus Carota Sativa Rot Extract|Daucus Carota Sativa Root Extract|1|high
Daucus Sativa Seed Oil|Daucus Carota Sativa Seed Oil|1|review
Daucus Carota Sativa *|Daucus Carota Sativa|5|high
Daucus Carota Sativa Extract*|Daucus Carota Sativa Extract|5|high
Daucus Carota Sativa Root Extract*|Daucus Carota Sativa Root Extract|5|high
Daucus Carota Sativa Seed Oil*|Daucus Carota Sativa Seed Oil|5|high
Daucus Carota Sativa Seed Oil**|Daucus Carota Sativa Seed Oil|5|high
Daucus Carota Seed Oil¬Π|Daucus Carota Seed Oil|5|high
Daucus Carota Sativa Root Extract/Carrot Root Extract|Daucus Carota Sativa Root Extract|3|review
Davidsonia Jerseyanan Fruit Extract|Davidsonia Jerseyana Fruit Extract|1|high
DEA Cetyl Phosphate|DEA-CETYL Phosphate|2|high
Diethyanolamine Cetyl Phosphate|DEA-CETYL Phosphate|1|review
Decyl Gucoside|Decyl Glucoside|1|high
Decyl Glycoside|Decyl Glucoside|1|high
Decyl Glucose|Decyl Glucoside|2|review
Decyl Polyglucose|Decyl Glucoside|3|review
Decyl Polyglucoside|Decyl Glucoside|3|review
Dehydracetic Acid|Dehydroacetic Acid|1|high
Dehydroacetate Acid|Dehydroacetic Acid|1|high
Dehydroxyanthan Gum|Dehydroxanthan Gum|1|high
Dehyroxanthan Gum|Dehydroxanthan Gum|1|high
Declustered Water \Aqua\Eau De-Structuree|Declustered Water|3|review
Diazoldinyl Urea|Diazolidinyl Urea|1|high
Diazolidiniyl Urea|Diazolidinyl Urea|1|high
Diazolidnyl Urea|Diazolidinyl Urea|1|high
Didazolidinyl Urea|Diazolidinyl Urea|1|high
Diazolidinyl|Diazolidinyl Urea|1|review
Di Sodium Edta|Disodium Edta|2|high
Dicalcum Phosphate|Dicalcium Phosphate|1|high
Dicettldimonium Chloride|Dicetyldimonium Chloride|1|high
Didecydimonium Chloride|Didecyldimonium Chloride|1|high
Didecyl Dimethyl Ammonium Chloride|Didecyldimonium Chloride|3|review
Didecyldimethylammonium Chloride|Didecyldimonium Chloride|3|review
Diilsopropanolamine|Diisopropanolamine|1|high
Diiostearyl Malate|Diisostearyl Malate|1|high
Diisopropyl Debacate|Diisopropyl Sebacate|1|high
Di-Ppg-3 Myrsitylether Adipate|Di-Ppg-3 Myristyl Ether Adipate|1|high
Dicaprylylcarbonate|Dicaprylyl Carbonate|2|high
Dicaprylyl Carbonate*|Dicaprylyl Carbonate|5|high
Dicaprylyl Ether*|Dicaprylyl Ether|5|high
Dibutyl Hydroxy Toluene|Bht|3|review
Dihydroxacetone|Dihydroxyacetone|1|high
Dihydroxymethylchromone|Dihydroxy Methylchromone|2|high
Diglycerine|Diglycerin|2|high
Diglycerol|Diglycerin|3|review
Diethylhexyl 2 6 Naphthalate|Diethylhexyl 2,6-Naphthalate|2|high
Diethylhexyl 2,6 Naphthalate|Diethylhexyl 2,6-Naphthalate|2|high
Diethyl Hexyl Adipate|Diethylhexyl Adipate|2|high
Dimethyl Lsosorbide|Dimethyl Isosorbide|1|high
Dimethylisosorbide|Dimethyl Isosorbide|2|high
Dimethyl-Methoxy Chromanol|Dimethylmethoxy Chromanol|2|high
Dimethyl-Dibenzylidene Sorbitol|Dimethyldibenzylidene Sorbitol|2|high
Dimethylethanolamine|Dimethylaminoethanol|3|review
Dimethylpolysiloxane|Dimethicone|3|review
Dimethiconal|Dimethiconol|1|review
Dimethicone/Vinyl Dimethicone Copolymer|Dimethicone/Vinyl Dimethicone Crosspolymer|2|review
Dioscorea Villas Root Extract|Dioscorea Villosa Root Extract|1|high
Dioscorea Villosa Root Extract*|Dioscorea Villosa Root Extract|5|high
Dioscorea Villosa Extract / Wild Yam Root Extract|Dioscorea Villosa Root Extract|3|review
Dioscorea Villosa Extract/Wild Yam Root Extract|Dioscorea Villosa Root Extract|3|review
Dioscorea Villosa Root Extract / Wild Yam Root Extract|Dioscorea Villosa Root Extract|3|review
Diatomaceous Earth/Solum Diatomeae/Terre De Diatomees|Diatomaceous Earth|3|review
Dipenaerythrityl Hexa C5-9 Acid Esters|Dipentaerythrityl Hexa C5-9 Acid Esters|1|high
Dipentaerythrity Tetrahydroxystearate/Tetraisostearate|Dipentaerythrityl Tetrahydroxystearate/Tetraisostearate|1|high
Dipentaerythrityl Hexacaprylate/ Hexacaprate|Dipentaerythrityl Hexacaprylate/Hexacaprate|2|high
Dipentaerythrityl Hexacaprylate/Hexacaprylate|Dipentaerythrityl Hexacaprylate/Hexacaprate|1|high
Dipentaerythritylhexacaprylate/Hexacaprate|Dipentaerythrityl Hexacaprylate/Hexacaprate|2|high
Dipentaerythrityl Hexacapayl√Åtemexacaprate|Dipentaerythrityl Hexacaprylate/Hexacaprate|1|high
Dipentaerythrityl Hexahydroxystearate / Hexastearate / Hexarosinate|Dipentaerythrityl Hexahydroxystearate/Hexastearate/Hexarosinate|2|high
Dipentaerythrityl Hexahydroxystearate/ Hexastearate/Hexarosinate|Dipentaerythrityl Hexahydroxystearate/Hexastearate/Hexarosinate|2|high
Dipentyaerythrityl Hexahydroxystearate/Hexastearate/Hexarosinate|Dipentaerythrityl Hexahydroxystearate/Hexastearate/Hexarosinate|1|high
Dipentaerythrityl Hexahydroxystearate/Stearate/Rosinate|Dipentaerythrityl Hexahydroxystearate/Hexastearate/Hexarosinate|2|review
Dipalmitoyl Hydroxy-Proline|Dipalmitoyl Hydroxyproline|2|high
Dipascus Sylvestris Extract|Dipsacus Sylvestris Extract|1|high
Dispacus Sylvestris Extract|Dipsacus Sylvestris Extract|1|high
Diphenylsiloxyphenyl Trimethicone|Diphenylsiloxy Phenyl Trimethicone|2|high
Dipeptide Diaminobutylroyl Benzylamide Diacetate|Dipeptide Diaminobutyroyl Benzylamide Diacetate|1|high
Dipostassium Glycyrrhizate|Dipotassium Glycyrrhizate|1|high
Dipotassium Glycrrhizate|Dipotassium Glycyrrhizate|1|high
Dipotassium Glycyrhizate|Dipotassium Glycyrrhizate|1|high
Dipotassium Glycyrrhizinate|Dipotassium Glycyrrhizate|1|review
Dipropylen Glycol|Dipropylene Glycol|1|high
Dipropyleneglycol|Dipropylene Glycol|2|high
Diproylene Glycol|Dipropylene Glycol|1|high
Disdodium Phosphate|Disodium Phosphate|1|high
Edetate Disodium|Disodium Edta|3|review
Edta Disodium|Disodium Edta|3|review
Edta-2Na|Disodium Edta|3|review
Edetate Disodium Usp|Disodium Edta|3|review
Disodium Cocoamphoacetate|Disodium Cocoamphodiacetate|1|review
Disodium Oleamido MEA Sulfosuccinate|Disodium Oleamido MEA-SULFOSUCCINATE|2|high
Disodium Laureth Sulphosuccinate|Disodium Laureth Sulfosuccinate|2|high
Disodiumstearoyl Glutamate|Disodium Stearoyl Glutamate|2|high
Disodium N-Cocoyl Glutamate|Disodium Cocoyl Glutamate|2|review
Disodium Lauriminodipropionate Tocopheryl Phosphate|Disodium Lauriminodipropionate Tocopheryl Phosphates|2|high
Disopropyl Adipate|Diisopropyl Adipate|1|high
Disopropyl Dimer Dilinoleate|Diisopropyl Dimer Dilinoleate|1|high
Disostearoyl Polyglyceryl-3 Dimer Dilinoleate|Diisostearoyl Polyglyceryl-3 Dimer Dilinoleate|1|high
Disostearyl Malate|Diisostearyl Malate|1|high
Disosteayl Malate|Diisostearyl Malate|1|high
Disteardimoniumhectorite|Disteardimonium Hectorite|2|high
Disteareth 75 Ipdi|Disteareth-75 Ipdi|2|high
Disteareth-75 Ipda|Disteareth-75 Ipdi|1|high
Di-Steareth-75 Ipdi|Disteareth-75 Ipdi|2|high
Di-Steareth 100 Ipdi|Disteareth-100 Ipdi|2|high
Distearyldimodium Chloride|Distearyldimonium Chloride|1|high
Divinyldimethicone/ Dimethicone Copolymer|Divinyldimethicone/Dimethicone Copolymer|2|high
Dl-Panthenol ‚Äì Provitamin B5|Dl-Panthenol|4|review
Dl-Alpha-Tocopherol|Dl-Alpha Tocopherol|2|high
Dl-Alpha-Tocopheryl Acetate|Dl-Alpha Tocopheryl Acetate|2|high
Dmdm Hydrantoin|Dmdm Hydantoin|1|high
Dmom Hydantoin|Dmdm Hydantoin|1|high
Dmdm|Dmdm Hydantoin|1|review
Dlive Oil|Olive Oil|1|review
Dunaliella Salince Extract|Dunaliella Salina Extract|1|high
Echinacea Pupurea Extract|Echinacea Purpurea Extract|1|high
Echinacea Purpurae Extract|Echinacea Purpurea Extract|1|high
Echinacia Purpurea Extract|Echinacea Purpurea Extract|1|high
Echinacea Angustifolia Extract*|Echinacea Angustifolia Extract|5|high
Echinacea Angustifolia Extract+|Echinacea Angustifolia Extract|5|high
Echium Lypcosis Fruit Oil|Echium Lycopsis Fruit Oil|1|high
Edipta Prostrate Extract|Eclipta Prostrata Extract|1|high
Ectoine|Ectoin|2|high
Ergocaliferol|Ergocalciferol|1|high
Eriobotyra Japonica Leaf Extract|Eriobotrya Japonica Leaf Extract|1|high
Eriocephalus Punctualatus Oil|Eriocephalus Punctulatus Oil|1|high
Eleuthercoccus Senticosus Root Extract|Eleutherococcus Senticosus Root Extract|1|high
Eleutherococcus Senticosus Root Extract*|Eleutherococcus Senticosus Root Extract|5|high
Eschscholzia Californica Leaf Cell Extract|Eschscholtzia Californica Leaf Cell Extract|1|review
Erythrobic Acid|Erythorbic Acid|1|high
Erythritol*|Erythritol|5|high
Elaeis Guineenis Oil|Elaeis Guineensis Oil|1|high
Elaeis Guneensis Oil|Elaeis Guineensis Oil|1|high
Elaesis Guineensis Oil|Elaeis Guineensis Oil|1|high
Elaesis Guineensis Oil*|Elaeis Guineensis Oil|1|high
Eleais Guineensis Oil|Elaeis Guineensis Oil|1|high
Elaeis Guineensis Oil*|Elaeis Guineensis Oil|5|high
Elaeis Guineensis Oil / Palm Oil|Elaeis Guineensis Oil|3|review
Elaeis Guineensis Oil/Palm Oil|Elaeis Guineensis Oil|3|review
Elaeis Guineensis Oil/Elaeis Guineensis Oil|Elaeis Guineensis Oil|2|high
Elaeis Guineensis Kernal Oil|Elaeis Guineensis Kernel Oil|1|high
Elaesis Guineensis Kernel Oil|Elaeis Guineensis Kernel Oil|1|high
Elaeis Guineensis Palm Kernel Oil|Elaeis Guineensis Kernel Oil|3|review
Elder Flowers|Elder Flower|2|high
Ethyhexyl Methoxycrylene|Ethylhexyl Methoxycrylene|1|high
Ethyhexyl Methocycrylene|Ethylhexyl Methoxycrylene|1|high
Ethanol 35%|Ethanol|4|high
Ethanol 62%|Ethanol|4|high
Ethanol*|Ethanol|5|high
Emulsifying Wax Bp|Emulsifying Wax|4|review
Emulsifying Wax Nf|Emulsifying Wax|4|high
Epilobium Angustifolium Flow-Er/Leaf/Stem Extract|Epilobium Angustifolium Flower/Leaf/Stem Extract|2|high
Epilobium Angustifolium Flower/Leal/Stem Extract|Epilobium Angustifolium Flower/Leaf/Stem Extract|1|high
Epilobium Angustifolium Flower\Leaf\Stem Extract|Epilobium Angustifolium Flower/Leaf/Stem Extract|2|high
Epilobium Angustioflium Flower/Leaf/Stem Extract|Epilobium Angustifolium Flower/Leaf/Stem Extract|1|high
Epilobium Angustifolium Extract-Epilobium Angustifolium Flower/Leaf/Stem Extract|Epilobium Angustifolium Flower/Leaf/Stem Extract|2|high
Epimedium Sagittatum Leaf/Stemextract|Epimedium Sagittatum Leaf/Stem Extract|2|high
Equisetum Hyemale Extract|Equisetum Hiemale Extract|1|review
Equisetum Arvense Leaf Extract*|Equisetum Arvense Leaf Extract|5|high
Enidermal Growth Factor|Epidermal Growth Factor|1|high
Ethyl Hexyl Palmitate|Ethylhexyl Palmitate|2|high
Ethyl Hexyl Stearate|Ethylhexyl Stearate|2|high
Ethylhexyl Methoxycinnamate/Octinoxate|Ethylhexyl Methoxycinnamate|3|review
Ethyl Cellulose|Ethylcellulose|2|high
Ethylbisminomethylgluaiacol Manganese Chloride|Ethylbisiminomethylguaiacol Manganese Chloride|1|high
Ethyl Lauroyl Arginate Hci|Ethyl Lauroyl Arginate Hcl|1|high
Ethyl Palmate*|Ethyl Palmate|5|high
Ethyl Paraben|Ethylparaben|2|high
Ethylene / Propylene / Styrene Copolymer|Ethylene/Propylene/Styrene Copolymer|2|high
Ethylene Propylene/Styrene Copolymer|Ethylene/Propylene/Styrene Copolymer|2|high
Ethylene/ Propylene/ Styrene Copolymer|Ethylene/Propylene/Styrene Copolymer|2|high
Ethylene/ Propylene/Styrene Copolymer|Ethylene/Propylene/Styrene Copolymer|2|high
Ethylene/Propylene/ Styrene Copolymer|Ethylene/Propylene/Styrene Copolymer|2|high
Ethylene/ Acrylic Acid Copolymer|Ethylene/Acrylic Acid Copolymer|2|high
Ethylene Va Copolymer|Ethylene/Va Copolymer|2|high
Ethylene Propylene Copolymer|Ethylene/Propylene Copolymer|2|high
Ethylenediaminetetraacetic Acid|Edta|3|review
Eucalyptus Globules Leaf Oil|Eucalyptus Globulus Leaf Oil|1|high
Eucalyptus Globulous Leaf Oil|Eucalyptus Globulus Leaf Oil|1|high
Eucalyptus Globus Leaf Oil|Eucalyptus Globulus Leaf Oil|1|high
Eucalyptus Globulus Leaf Oil*|Eucalyptus Globulus Leaf Oil|5|high
Eucalyptus Globulus Oil / Eucalyptus Globulus Leaf Oil|Eucalyptus Globulus Leaf Oil|2|high
Eucalyptus Globulus/ Eucalyptus Globulus Leaf Oil|Eucalyptus Globulus Leaf Oil|2|high
Eucalyptus Globus Oil|Eucalyptus Globulus Oil|1|high
Eucalyptus Globulous Essential Oil|Eucalyptus Globulus Essential Oil|1|high
Eucalyptus Essential Oils|Eucalyptus Essential Oil|2|high
Eucalyptus Radiata Leaf Oil*|Eucalyptus Radiata Leaf Oil|5|high
Eugena Caryophyllus Leaf Oil|Eugenia Caryophyllus Leaf Oil|1|high
Eugenia Caryphyllus Flower Oil|Eugenia Caryophyllus Flower Oil|1|high
Eugenia Caryophyllata Bud Oil|Eugenia Caryophyllus Bud Oil|1|review
Eugenia Caryophyllata Flower Oil|Eugenia Caryophyllus Flower Oil|1|review
Eugenol*|Eugenol|5|high
Euphora Cerifera Wax|Euphorbia Cerifera Wax|1|high
Euphorbia Cenifera Wax|Euphorbia Cerifera Wax|1|high
Euphorbia Cerifera *|Euphorbia Cerifera|5|high
Euphorbia Cerifera Cera Wax|Euphorbia Cerifera Cera|2|review
Euphorbia Cerifera Wax/Euphorbia Cerifera Cera|Euphorbia Cerifera Cera/Euphorbia Cerifera Wax|2|high
Euphorbia Antisphllitica Wax|Euphorbia Antisyphilitica Wax|1|high
Euphorbia Antisyphillitica Wax|Euphorbia Antisyphilitica Wax|1|high
Euphorbia Cerifera Wax / Euphorbia Cerifera Cera / CIRE De Candelilla|Euphorbia Cerifera Wax/Euphorbia Cerifera Cera/Cire De Candelilla|2|high
Euphorbia Cerifera Wax/ Candelilla Cera/ CIRE De Candelilla|Euphorbia Cerifera Wax/Candelilla Cera/Cire De Candelilla|2|high
Euphorbia Cerifera Wax\Candelilla Cera\Cire De Candelilla|Euphorbia Cerifera Wax/Candelilla Cera/Cire De Candelilla|2|high
Euphorbia Cerifera Wax\Candelilla Cera|Euphorbia Cerifera Wax/Candelilla Cera|2|high
Euphorbia Cerifera Wax Candelilla Cera|Euphorbia Cerifera Wax/Candelilla Cera|2|high
Euphorbia Cerifera Wax/Candelilla Cera Hydrocarbons/ CIRE De Candelilla|Euphorbia Cerifera Wax/Candelilla Cera Hydrocarbons/Cire De Candelilla|2|high
Euphorbia Cerifera Wax/Candelilla Cera Hydrocarbons/Cire De|Euphorbia Cerifera Wax/Candelilla Cera Hydrocarbons/Cire De Candelilla|2|high
Euphrasis Officinalis Extract|Euphrasia Officinalis Extract|1|high
Euphrasia Officinalis Extract*|Euphrasia Officinalis Extract|5|high
Euphrasia Officinalis Extract¬≥|Euphrasia Officinalis Extract|5|high
Euphrasia Extract|Euphrasia Officinalis Extract|2|review
Euterpe Oleracea Fruit Extract*|Euterpe Oleracea Fruit Extract|5|high
Euterpe Oleracea Fruit Oil*|Euterpe Oleracea Fruit Oil|5|high
Evernia Furfuacea Extract|Evernia Furfuracea Extract|1|high
Ficus Carcia Fruit Extract|Ficus Carica Fruit Extract|1|high
Ficus Carica Fruit Extract/Ficus Carica Fruit Extract|Ficus Carica Fruit Extract|2|high
Ferukic Acid|Ferulic Acid|1|high
Ferbula Galbaniflua Resin Oil|Ferula Galbaniflua Resin Oil|1|high
Ferula Galbaniflua Resin Oil*|Ferula Galbaniflua Resin Oil|5|high
Ferula Foetida Root Extract|Ferula Assa Foetida Root Extract|2|review
Ferric Ferrocyanide/Ci 77510|Ferric Ferrocyanide|2|review
Fetrolatum|Petrolatum|1|high
Fragance|Fragrance|1|high
Flavour|Flavor|2|high
Flavours|Flavors|2|high
Flavour/Aroma|Flavor/Aroma|2|high
Flavor / Aroma|Flavor/Aroma|2|high
Flavor/Aromas|Flavor/Aroma|2|high
Flavor*|Flavor|5|high
Flavoring|Flavor|2|review
Fir Oils|Fir Oil|2|high
Ext D&C Violet 2|Ext. Violet 2|2|review
Ext D&C Violet No.2|Ext. Violet 2|2|review
Ext Violet 2|Ext. Violet 2|2|high
Ext. D&C Violet 2|Ext. Violet 2|2|review
Ext. D&C Violet No. 2|Ext. Violet 2|2|review
Ext. D&C Violet No. 2 CI 60730|Ext. Violet 2|2|review
Ext. Viole 2|Ext. Violet 2|1|high
Ext.Violet 2|Ext. Violet 2|2|high
External Violet 2|Ext. Violet 2|2|high
Faex / Yeast Extract / Extrait De Levure|Faex|3|review
Faex/Yeast Extract/Extrait De Levure|Faex|3|review
Faex Extract / Yeast Extract|Faex Extract|3|review
Faex Extract / Yeast Extract / Extrait De Levure|Faex Extract|3|review
Faex Extract/Yeast Extract|Faex Extract|3|review
Faex Extract/Yeast Extract/Extrait De Lavure|Faex Extract|3|review
Faex Extract/Yeast Extract/Extrait De Levure|Faex Extract|3|review
Fagus Sylvatica Extract/Fagus Sylvatica Bud Extract|Fagus Sylvatica Bud Extract|2|high
Fd & C Blue # 1|Fd&C Blue No. 1|2|high
Fd & C Blue No. 1|Fd&C Blue No. 1|2|high
Fd&C Blue #1|Fd&C Blue No. 1|2|high
Fd&C Blue 1|Fd&C Blue No. 1|2|high
Fd&C Blue N0.1|Fd&C Blue No. 1|1|high
Fd&C Blue No 1|Fd&C Blue No. 1|2|high
Fd&C Blue No.1|Fd&C Blue No. 1|2|high
Fd&C Blue No. 1 CI 42090|Fd&C Blue No. 1|2|review
Fd&C Blue #1 Lake|Fd&C Blue No. 1 Lake|2|high
Fd&C Blue 1 Lake|Fd&C Blue No. 1 Lake|2|high
Fd&C Blue No 1 Aluminum Lake|Fd&C Blue No. 1 Lake|2|review
Fd&C Blue No.1 Al Lake|Fd&C Blue No. 1 Lake|2|review
Fd&C Blue No.1 Aluminum Lake|Fd&C Blue No. 1 Lake|2|review
Fd & C Green No. 3|Fd&C Green No. 3|2|high
Fd & C Green No.3|Fd&C Green No. 3|2|high
Fd&C Green 3|Fd&C Green No. 3|2|high
Fd&C Green N0.3|Fd&C Green No. 3|1|high
Fd&C Red 4|Fd&C Red No. 4|2|high
Fd&C Red No 4|Fd&C Red No. 4|2|high
Fd&C Red No.4|Fd&C Red No. 4|2|high
Fd&C Red No. 4 CI 14700|Fd&C Red No. 4|2|review
Fd & C Red No 40|Fd&C Red No. 40|2|high
Fd&C Red #40|Fd&C Red No. 40|2|high
Fd&C Red 40|Fd&C Red No. 40|2|high
Fd&C Red No.40|Fd&C Red No. 40|2|high
Fd&C Red No. 40/Ci 16035|Fd&C Red No. 40|2|review
Fd&C Red No.40 Al Lake|Fd&C Red No. 40 Aluminum Lake|2|high
Fd&C Red No.40 Lake|Fd&C Red No. 40 Aluminum Lake|2|review
Fd&C Red 33|Fd&C Red No. 33|2|high
Fd & C Yellow # 5|Fd&C Yellow No. 5|2|high
Fd&C Yellow #5|Fd&C Yellow No. 5|2|high
Fd&C Yellow 5|Fd&C Yellow No. 5|2|high
Fd&C Yellow No 5|Fd&C Yellow No. 5|2|high
Fd&C Yellow No.5|Fd&C Yellow No. 5|2|high
Fd&C Yellow 5 CI 19140|Fd&C Yellow No. 5|2|review
Fd&C Yellow No. 5/Ci 19140|Fd&C Yellow No. 5|2|review
F&Dc Yellow 5|Fd&C Yellow No. 5|1|high
Fd&C Yellow 5 Al Lake|Fd&C Yellow No. 5 Aluminum Lake|2|high
Fd&C Yellow 5 Al. Lake|Fd&C Yellow No. 5 Aluminum Lake|2|high
Fd&C Yellow 5 Aluminum Lake|Fd&C Yellow No. 5 Aluminum Lake|2|high
Fd&C Yellow #6|Fd&C Yellow No. 6|2|high
Fd&C Yellow 6|Fd&C Yellow No. 6|2|high
Fd&C Yellow No 6|Fd&C Yellow No. 6|2|high
Fd&C Yellow No.6|Fd&C Yellow No. 6|2|high
Fd&C Yellow 6 Al Lake|Fd&C Yellow 6 Aluminum Lake|2|high
Fd&C Yellow 10|Fd&C Yellow No. 10|2|high
Foeniculum Vulgare Dulcis Oil|Foeniculum Vulgare Dulce Oil|1|high
Fragrance/Fragancia|Fragrance/Parfum|3|review
Fragaria Veaca Fruit Extract|Fragaria Vesca Fruit Extract|1|high
Fragaria Vesca Fruit Extract*|Fragaria Vesca Fruit Extract|5|high
Fragaria Vesca Fruit Extracts|Fragaria Vesca Fruit Extract|2|high
Fragaria Vesca Strawberry Fruit Extract|Fragaria Vesca Fruit Extract|3|review
Fragaria Vesca Juice/Strawberry Juice|Fragaria Vesca Juice|3|review
Fragaria Ananassa Seed Oil/Fragaria Ananassa Seed Oil|Fragaria Ananassa Seed Oil|2|high
Frapunica Granatum Seed Oil|Punica Granatum Seed Oil|1|review
Fucus Vesiculosis Extract|Fucus Vesiculosus Extract|1|high
Fucus Vesiculous Extract|Fucus Vesiculosus Extract|1|high
Fullers Earth|Fuller'S Earth|2|high
Fuller‚Äôs Earth Clay|Fuller'S Earth|2|review
Fuller Earth/Solum Fullonum|Fuller'S Earth|3|review
Galactorarabinan|Galactoarabinan|1|high
Galactomyces Ferment Filtrate**|Galactomyces Ferment Filtrate|5|high
Gamma Decalactone|Gamma-Decalactone|2|high
Gamma Nonalactone|Gamma-Nonalactone|2|high
Gamma Undecalactone|Gamma-Undecalactone|2|high
Gamma Octalactone|Gamma-Octalactone|2|review
Gardenia Jasminoldes Fruit Extract|Gardenia Jasminoides Fruit Extract|1|high
Gardenia Jaminoides Meristem Cell Culture|Gardenia Jasminoides Meristem Cell Culture|1|high
Gardenia Taitensis Flower|Gardenia Tahitensis Flower|1|high
Gardenia Taitensis Flower Extract|Gardenia Tahitensis Flower Extract|1|high
Gar√Ssinia Indica Seed Butter|Garcinia Indica Seed Butter|1|high
Gaultheria Procumberis Oil|Gaultheria Procumbens Oil|1|high
Gelidiela Acerosa Extract|Gelidiella Acerosa Extract|1|high
Gellidiela Acerosa Extract|Gelidiella Acerosa Extract|1|high
Gellidiella Acerosa Extract|Gelidiella Acerosa Extract|1|high
Gentiana Lutea Extract/Gentiana Lutea Root Extract|Gentiana Lutea Root Extract|2|high
Geraniol*|Geraniol|5|high
Geraniol¬≤|Geraniol|5|high
Geraniol‚Ä†|Geraniol|5|high
Geranoil|Geraniol|1|high
Gerianol|Geraniol|1|high
Gernaiol|Geraniol|1|high
Geranium Maculatum Oils*|Geranium Maculatum Oil|5|high
Gingko Biloba Leaf Extract|Ginkgo Biloba Leaf Extract|1|high
Ginko Biloba Leaf Extract|Ginkgo Biloba Leaf Extract|1|high
Ginkgo Biloba Leaf Extract*|Ginkgo Biloba Leaf Extract|5|high
Ginkgo Biloba Extract / Ginkgo Biloba Leaf Extract|Ginkgo Biloba Leaf Extract|2|high
Ginkgo Biloba Extract/Ginkgo Biloba Leaf Extract|Ginkgo Biloba Leaf Extract|2|high
Gingko Biloba Extract|Ginkgo Biloba Extract|1|high
Gingko Bilboa Extract|Ginkgo Biloba Extract|1|high
Ginkgo Extract|Ginkgo Biloba Extract|2|review
Ginkgo Biloba/Ginkgo Biloba Extract|Ginkgo Biloba Extract|2|high
Glyceryl Monostearate|Glyceryl Stearate|3|review
Glyceryl Monostearate Se|Glyceryl Stearate Se|3|review
Glycerol Stearate/Peg 100|Glyceryl Stearate/Peg-100 Stearate|3|review
Glycerol Cocoate|Glyceryl Cocoate|3|review
Glycerol Oleate|Glyceryl Oleate|3|review
Glycerol Ricinoleate|Glyceryl Ricinoleate|3|review
Glycerol Caprylate|Glyceryl Caprylate|3|review
Glycerol Monolaurate|Glyceryl Monolaurate|3|review
Gluconalactone|Gluconolactone|1|high
Gluconolacton|Gluconolactone|1|high
Gluconolactone1|Gluconolactone|2|high
Gluconoloctone|Gluconolactone|1|high
Glucolactone|Gluconolactone|1|review
Glucono-Lactone|Gluconolactone|2|high
Gluconodeltalactone|Glucono Delta Lactone|2|high
Glucono-Delta-Lactone|Glucono Delta Lactone|2|high
Glucosamine Hci|Glucosamine Hcl|1|high
Glucosamine Hydrochloride|Glucosamine Hcl|2|review
Glucosyl Hespendin|Glucosyl Hesperidin|1|high
Glucosylceramide|Glucosyl Ceramide|2|high
Glucoronic Acid|Glucuronic Acid|1|high
Glutamicacid|Glutamic Acid|2|high
Glucamannan|Glucomannan|1|high
Glycine Soja Oi/Glycine Soja Oil|Glycine Soja Oil|2|high
Glycine Soja Oil*|Glycine Soja Oil|5|high
Glycine Soja Oil/Glycine Soja Oil|Glycine Soja Oil|2|high
Glycine Soja Oil / Soybean Oil|Glycine Soja Oil|3|review
Glycine Soja Oil/Soybean Oil|Glycine Soja Oil|3|review
Glycine Soja/Soybean Oil|Glycine Soja Oil|3|review
Glycine Soybean Oil|Glycine Soja Oil|3|review
Glycine Max Oil|Glycine Soja Oil|3|review
Glycine Soja Sterol|Glycine Soja Sterols|2|high
Glycine Soja Sterols*|Glycine Soja Sterols|5|high
Glycine Soya Sterols|Glycine Soja Sterols|1|high
Glycine Soya Stearols|Glycine Soja Sterols|1|high
Glycine Soja / Soybean Sterols|Glycine Soja Sterols|3|review
Glycine Soja Protein / Soybean Protein|Glycine Soja Protein|3|review
Glycine Soja Protein/Soybean Protein|Glycine Soja Protein|3|review
Glycine Soja/Glycine Soja Soybean Protein|Glycine Soja Protein|2|high
Glycine Sojo Bean Extract|Glycine Soja Extract|1|review
Glycol Monostearate|Glycol Stearate|3|review
Glycol Monostearate S/E|Glycol Stearate Se|3|review
Glycol Acid|Glycolic Acid|1|high
Glycrrhiza Glabra Root Extract|Glycyrrhiza Glabra Root Extract|1|high
Glycynhiza Glabra Root Extract|Glycyrrhiza Glabra Root Extract|1|high
Glycyrhiza Glabra Root Extract|Glycyrrhiza Glabra Root Extract|1|high
Glycyrrhiza Glabraroot Extract|Glycyrrhiza Glabra Root Extract|2|high
Glycyrrhizaglabra Root Extract|Glycyrrhiza Glabra Root Extract|2|high
Glycyrrhize Glabra Root Extract|Glycyrrhiza Glabra Root Extract|1|high
Gylcyrrhiza Glabra Root Extract|Glycyrrhiza Glabra Root Extract|1|high
Glycyrrhiza Glabra Root Extract*|Glycyrrhiza Glabra Root Extract|5|high
Glycyrrhiza Glabra Root Extract/Licorice Root Extract|Glycyrrhiza Glabra Root Extract|3|review
Glycyrrhiza Glabra Licorice Root Extract|Glycyrrhiza Glabra Root Extract|3|review
Glycyrrhiza Root Extract|Glycyrrhiza Glabra Root Extract|2|review
Glycrrhiza Glabra Extract|Glycyrrhiza Glabra Extract|1|high
Glycynhiza Glabra Extract|Glycyrrhiza Glabra Extract|1|high
Glycyrrhiza Glabra Extract / Licorice Root Extract|Glycyrrhiza Glabra Extract|3|review
Glycyrhiza Glabra|Glycyrrhiza Glabra|1|high
Goats Milk|Goat Milk|2|high
Goat‚Äôs Milk|Goat Milk|2|high
Goat'S Milk|Goat Milk|2|review
Goats Milk Extract|Goat Milk Extract|2|high
Goat'S Milk Powder|Goat Milk Powder|2|review
Goji Berry Julce|Goji Berry Juice|1|high
Gota Kola Extract|Gotu Kola Extract|1|high
Gotu Kola Extract*|Gotu Kola Extract|5|high
Green #5|Green 5|2|high
Green No. 3|Green 3|2|high
Green No. 5|Green 5|2|high
Green 3 / C.I. 42053|Green 3|2|review
Green 3 CI 42053|Green 3|2|review
Green 5/Ci 61570|Green 5|2|review
Green 6Ci 61565|Green 6|2|review
Guaiacum Official Wood Extract|Guaiacum Officinale Wood Extract|1|high
Guaiazolene|Guaiazulene|1|high
Guiazulene|Guaiazulene|1|high
Gualtheria Procumbens Oil|Gaultheria Procumbens Oil|1|high
Guanidine Hci|Guanidine Hcl|1|high
Guar Hydropropyltrimonium Chloride|Guar Hydroxypropyltrimonium Chloride|1|high
Guar Hydroxypropyl Trimonium Chloride|Guar Hydroxypropyltrimonium Chloride|2|high
Guar Hydroxypropyltrimoni-Um Chloride|Guar Hydroxypropyltrimonium Chloride|2|high
Guar Hydroypropyltrimonium Chloride|Guar Hydroxypropyltrimonium Chloride|1|high
Guarhydroxypropyltrimonium Chloride|Guar Hydroxypropyltrimonium Chloride|2|high
Guar Hydroxypropyltrimonium|Guar Hydroxypropyltrimonium Chloride|1|review
Hamamelis Virgiana Extract|Hamamelis Virginiana Extract|1|high
Hamamelis Virginana Extract|Hamamelis Virginiana Extract|1|high
Hamamelis Virginia Extract|Hamamelis Virginiana Extract|1|high
Hamamelis Virginianaextract|Hamamelis Virginiana Extract|2|high
Hammamelis Virginiana Extract|Hamamelis Virginiana Extract|1|high
Hamamelis Virginiana Extract*|Hamamelis Virginiana Extract|5|high
Hamamelis Virginiana Witch Hazel Extract|Hamamelis Virginiana Extract|3|review
Hamamelis Extract|Hamamelis Virginiana Extract|2|review
Hamamelis Virginana Water|Hamamelis Virginiana Water|1|high
Hammamelis Virginiana Water|Hamamelis Virginiana Water|1|high
Hammelis Virginiana Water|Hamamelis Virginiana Water|1|high
Hamamelis Virginiana Water/Witch Hazel Water|Hamamelis Virginiana Water|3|review
Hamamelis Virginana Leaf Extract|Hamamelis Virginiana Leaf Extract|1|high
Hamamelisvirginiana Leaf Extract|Hamamelis Virginiana Leaf Extract|2|high
Hamamelis Virginiana Leaf Water/Witch Hazel Leaf Water|Hamamelis Virginiana Leaf Water|3|review
Hamamelis Virginia Bark/Leaf/Twig Extract|Hamamelis Virginiana Bark/Leaf/Twig Extract|1|high
Hd/Trimethylol Hexyllactone Crosspolymer|Hdi/Trimethylol Hexyllactone Crosspolymer|1|high
Hdi / Trimethylol Hexyllactone Crosspolymer|Hdi/Trimethylol Hexyllactone Crosspolymer|2|high
Hdi Trimethol Hexyllactone Crosspolymer|Hdi/Trimethylol Hexyllactone Crosspolymer|1|high
Hdi Trimethylol Hexyllactone Crosspolymer|Hdi/Trimethylol Hexyllactone Crosspolymer|2|high
Hdi/ Trimethylol Hexyllactone Crosspolymer|Hdi/Trimethylol Hexyllactone Crosspolymer|2|high
Hedra Helix Extract|Hedera Helix Extract|1|high
Hedera Helix Extract/Hedera Helix|Hedera Helix Extract|2|high
Helanthus Annuus Seed Oil|Helianthus Annuus Seed Oil|1|high
Helianthas Anndus Seed Oil**|Helianthus Annuus Seed Oil|1|high
Helianthus Annus Seed Oil|Helianthus Annuus Seed Oil|1|high
Helianthus Annuss Seed Oil|Helianthus Annuus Seed Oil|1|high
Helianthus Annuus See Oil|Helianthus Annuus Seed Oil|1|high
Helianthus Annuus Seed Ol|Helianthus Annuus Seed Oil|1|high
Helianthus Annuus Seed Oil*|Helianthus Annuus Seed Oil|5|high
Helianthus Annuus Seed Oil**|Helianthus Annuus Seed Oil|5|high
Helianthus Annuus Seed Oil / Helianthus Annuus Seed Oil|Helianthus Annuus Seed Oil|2|high
Helianthus Annuus Seed Oil/ Helianthus Annuus Seed Oil|Helianthus Annuus Seed Oil|2|high
Helianthus Annuus Seed Oil/Helianthus Annuus Seed Oil|Helianthus Annuus Seed Oil|2|high
Helianthus Annuus Seed Oil / Sunflower Seed Oil|Helianthus Annuus Seed Oil|3|review
Helianthus Annuus Seed Oil/Sunflower Seed Oil|Helianthus Annuus Seed Oil|3|review
Helianthus Annuus Sunflower Seed Oil|Helianthus Annuus Seed Oil|3|review
Helianthus Annus Sunflower Seed Oil|Helianthus Annuus Seed Oil|3|review
Helianthus Annuus Seed Oil Seed Oil|Helianthus Annuus Seed Oil|2|high
Helianthus Anuus Seed Oil|Helianthus Annuus Seed Oil|1|high
Helianthusannuus Seed Oil|Helianthus Annuus Seed Oil|2|high
Hellanthus Annus Seed Oil|Helianthus Annuus Seed Oil|1|high
Hellanthus Annuus Seed Oil|Helianthus Annuus Seed Oil|1|high
Hellianthus Annuus Seed Oil|Helianthus Annuus Seed Oil|1|high
Hellanthus Annus Sunfiower Seed Oii|Helianthus Annuus Seed Oil|1|high
Helianthus Annuus Seed Oil Or Glycine Soja Oil|Helianthus Annuus Seed Oil|4|review
Helianthus Annus Oil|Helianthus Annuus Oil|1|high
Hellanthus Annuus Oil|Helianthus Annuus Oil|1|high
Helianthus Annuus Oil*|Helianthus Annuus Oil|5|high
Helianthus Annuus Oils|Helianthus Annuus Oil|2|high
Helianthus Annus|Helianthus Annuus|1|high
Helianthus Annuus *|Helianthus Annuus|5|high
Helianthus Annuus ‚Ä†|Helianthus Annuus|5|high
Helianthus Anuus Extract|Helianthus Annuus Extract|1|high
Helianthus Annuus Extract/Sunflower Extract|Helianthus Annuus Extract|3|review
Helianthus Annus Seed Extract|Helianthus Annuus Seed Extract|1|high
Helianthus Annus Seed Wax|Helianthus Annuus Seed Wax|1|high
Helianthus Annuus Seedwax|Helianthus Annuus Seed Wax|2|high
Helianthus Annuus Seed Wax/Helianthus Annuus Seed Wax|Helianthus Annuus Seed Wax|2|high
Helianthus Annuus Wax|Helianthus Annuus Seed Wax|2|review
Helianthus Annuus Seed Cera / Sunflower Seed Wax|Helianthus Annuus Seed Cera|3|review
Helianthus Annuus Seed Cera/Sunflower Seed Wax|Helianthus Annuus Seed Cera|3|review
Helianthus Annuus Seed Cera/Helianthus Annuus Seed Wax|Helianthus Annuus Seed Cera|2|high
Helianthus Annuus Seed Oil Unsaponifables|Helianthus Annuus Seed Oil Unsaponifiables|1|high
Helianthus Annuus Seed Oil Unsaponifiables / Sunflower Seed Oil Unsaponifiables|Helianthus Annuus Seed Oil Unsaponifiables|3|review
Helianthus Annuus Seed Oil Unsaponifiables/Sunflower Seed Oil Unsaponifiables|Helianthus Annuus Seed Oil Unsaponifiables|3|review
Helianthus Annuus/Sunflower Seed Oil Unsaponifiables|Helianthus Annuus Seed Oil Unsaponifiables|3|review
Helianthus Annuus Hybrid Oil/Helianthus Annuus Seed Oil|Helianthus Annuus Hybrid Oil|2|high
Heliantus Annuus Seed|Helianthus Annuus Seed|1|high
Hectorite Clay|Hectorite|4|review
Grape Fruit Extract|Grapefruit Extract|2|high
Grapes|Grape|2|high
Hawthorne Berry|Hawthorn Berry|1|high
Hemp Oils|Hemp Oil|2|high
Hemp Seed Oils|Hemp Seed Oil|2|high
Hemp Seed Oil*|Hemp Seed Oil|5|high
Hempseed Oil|Hemp Seed Oil|2|high
Henna|Lawsonia Inermis Extract|3|review
Hesperoin Methyl Chalcone|Hesperidin Methyl Chalcone|1|high
Hesperidium Chalcone|Hesperidin Methyl Chalcone|1|review
Hespiridin|Hesperidin|1|high
Hexy CINNAMAL|Hexyl CINNAMAL|1|high
Hexyl CINNAM-ALDEHYDE|Hexyl CINNAMAL|2|high
Hexyl CINNAMALDEHYDE|Hexyl CINNAMAL|2|high
Hexyl CINNAMIC Aldehyde|Hexyl CINNAMAL|2|high
Hexyl CINNANMAL|Hexyl CINNAMAL|1|high
Hexyl CINNIMAL|Hexyl CINNAMAL|1|high
Hexylcinnamal|Hexyl CINNAMAL|2|high
Hexyleneglycol|Hexylene Glycol|2|high
Hexyldecanol*|Hexyldecanol|5|high
Hexyldecyl Laurate*|Hexyldecyl Laurate|5|high
Hibiscus Abelmoschuus Extract|Hibiscus Abelmoschus Extract|1|high
Hibiscus Rosa-Sinensis Extracts|Hibiscus Rosa-Sinensis Extract|2|high
Hibiscus Rosa Sinensis Extract|Hibiscus Rosa-Sinensis Extract|2|high
Hibiscus Rosa Sinensis Flower Extract|Hibiscus Rosa-Sinensis Flower Extract|2|high
Hibiscus Rosa Sinensis Flower Extract*|Hibiscus Rosa-Sinensis Flower Extract|5|high
Hibiscus Sinensis Flower Extract|Hibiscus Rosa-Sinensis Flower Extract|2|review
Hibiscus Rosa Sinensis Extract Organic|Hibiscus Rosa-Sinensis Extract|4|review
Hibiscus Sabdaria Flower Extract|Hibiscus Sabdariffa Flower Extract|1|high
Hibiscus Sabdari A Flower Extract|Hibiscus Sabdariffa Flower Extract|1|high
Hibiscus Sabdariffa Flower Extract*|Hibiscus Sabdariffa Flower Extract|5|high
Hibiscus Sabdariffa Extract / Hibiscus Sabdariffa Flower Extract|Hibiscus Sabdariffa Flower Extract|2|review
Hibiscusesculentus Fruit Extract|Hibiscus Esculentus Fruit Extract|2|high
Hippohae Rhamnoides Extract|Hippophae Rhamnoides Extract|1|high
Hippophae Rhamonides Fruit Oil|Hippophae Rhamnoides Fruit Oil|1|high
Hippophae Rhamnoides Fruit Oil*|Hippophae Rhamnoides Fruit Oil|5|high
Hippophae Rhamnoides Fruit Extract*|Hippophae Rhamnoides Fruit Extract|5|high
Hippophae Rhamnoides Oil*|Hippophae Rhamnoides Oil|5|high
Hippophae Rhamnoides Co2 Extract*|Hippophae Rhamnoides Co2 Extract|5|high
Hippophae Rhamnoides Sea Buckthorn Fruit Extract|Hippophae Rhamnoides Fruit Extract|3|review
Histidine Hci|Histidine Hcl|1|high
Hoplene Glycol|Propylene Glycol|1|review
Homarine Hci|Homarine Hcl|1|high
Homosalate 10%|Homosalate|4|high
Homosalate 10.0%|Homosalate|4|high
Homosalate 10.7%|Homosalate|4|high
Homosalate 12%|Homosalate|4|high
Homosalate 12.0%|Homosalate|4|high
Homosalate 12.5%|Homosalate|4|high
Homosalate 15%|Homosalate|4|high
Homosalate 15.0%|Homosalate|4|high
Homosalate 15.00%|Homosalate|4|high
Homosalate 2.7%|Homosalate|4|high
Homosalate 3%|Homosalate|4|high
Homosalate 4%|Homosalate|4|high
Homosalate 4.0%|Homosalate|4|high
Homosalate 47%|Homosalate|4|high
Homosalate 5%|Homosalate|4|high
Homosalate 5.0%|Homosalate|4|high
Homosalate 5.00%|Homosalate|4|high
Homosalate 6%|Homosalate|4|high
Homosalate 6.5%|Homosalate|4|high
Homosalate 7%|Homosalate|4|high
Homosalate 7.5%|Homosalate|4|high
Homosalate 8%|Homosalate|4|high
Homosalate 8.0%|Homosalate|4|high
Homosalate 9.0%|Homosalate|4|high
Homosalate 9.5%|Homosalate|4|high
Honey*|Honey|5|high
Honey Extracts|Honey Extract|2|high
Honey Extract / Extrait De Miel|Honey Extract|3|review
Honey Extract/Extrait De Miel|Honey Extract|3|review
Honey Extract/Mel Extract|Honey Extract|3|review
Honey Extract/Mel Extract/Extrait De Miel|Honey Extract|3|review
Honey Extract/Mel/Extrait De Miel|Honey Extract|3|review
Honey/Mel|Honey|3|review
Honey/Mel/Miel|Honey|3|review
Honey/Miel|Honey|3|review
Honey\Mel\Miel|Honey|3|review
Hordeum Distichion Extract|Hordeum Distichon Extract|1|high
Hordeum Distichon Extract\Extrait D'Orge A Deux Rangs|Hordeum Distichon Extract|3|review
Hordeum Distichon/Barley Extract/Extrait D'Orge √† Deux Rangs|Hordeum Distichon Extract|3|review
Hordeum Distichon/Barley Extract/Extrait D‚Äôorge √† Deux Rangs|Hordeum Distichon Extract|3|review
Hordeum Vulgare Extract / Extrait D'Orge|Hordeum Vulgare Extract|3|review
Hordeum Vulgare Extract/Extrait D'Orge|Hordeum Vulgare Extract|3|review
Hordeum Vulgare Extract/Extrait D‚Äòorge|Hordeum Vulgare Extract|3|review
Hordeum Vulgare Extract/Extrait D‚Äôorge|Hordeum Vulgare Extract|3|review
Hordeum Vulgare Extract\Extrait D'Orge|Hordeum Vulgare Extract|3|review
Hordeum Vulgare Extract\Extrait D‚Äôorge|Hordeum Vulgare Extract|3|review
Hordeum Vulgare Extract/Hordeum Vulgare/Extrait D'Orge|Hordeum Vulgare Extract|3|review
Hordeum Vulgare Extractiextrait D'Orge|Hordeum Vulgare Extract|1|high
Horsestail Extract|Horsetail Extract|1|high
Houttuynia Cordeta Extract|Houttuynia Cordata Extract|1|high
Hyaluronan|Hyaluronic Acid|3|review
Hyaluronic Acids|Hyaluronic Acid|2|high
Hydoxyethyl Ethylcellulose|Hydroxyethyl Ethylcellulose|1|review
Hydraed Silica|Hydrated Silica|1|high
Hydrate Silica|Hydrated Silica|1|high
Hydrants Canadensis Extract|Hydrastis Canadensis Extract|1|high
Hydro Lyzed Collagen|Hydrolyzed Collagen|2|high
Hydrolysed Collagen|Hydrolyzed Collagen|2|high
Hydrolized Hyaluronic Acid|Hydrolyzed Hyaluronic Acid|1|high
Hydrolized Soy Protein|Hydrolyzed Soy Protein|1|high
Hydrolysed Soy Protein|Hydrolyzed Soy Protein|2|high
Hydrolized Wheat Protein|Hydrolyzed Wheat Protein|1|high
Hydrolysed Wheat Protein|Hydrolyzed Wheat Protein|2|high
Hydrolysed Silk|Hydrolyzed Silk|2|high
Hydrogenated Coco Glycerides|Hydrogenated Coco-Glycerides|2|high
Hydrogenated Cocoglycerides|Hydrogenated Coco-Glycerides|2|high
Hydrogenated Cotton Seed Oil|Hydrogenated Cottonseed Oil|2|high
Hydrogenated Ethyhexy Olivate|Hydrogenated Ethylhexyl Olivate|1|high
Hydrogenated Ethylhexyl Olivate*|Hydrogenated Ethylhexyl Olivate|5|high
Hydrogenated Licithin|Hydrogenated Lecithin|1|high
Hydrogentated Lecithin|Hydrogenated Lecithin|1|high
Hydrogenated Palm Kernal Glycerides|Hydrogenated Palm Kernel Glycerides|1|high
Hydrogenated Palm Kernelglycerides|Hydrogenated Palm Kernel Glycerides|2|high
Hydrogenated Palm Kernal Oil|Hydrogenated Palm Kernel Oil|1|high
Hydrogenated Palm Glyceride|Hydrogenated Palm Glycerides|2|high
Hydrogenated Palm Glycerides*|Hydrogenated Palm Glycerides|5|high
Hydrogenated Palmglycerides CITRATE|Hydrogenated Palm Glycerides CITRATE|2|high
Hydrogenated Polydecen|Hydrogenated Polydecene|1|high
Hydrogenated Polyisobutane|Hydrogenated Polyisobutene|1|high
Hydrogenated Styrene / Butadiene Copolymer|Hydrogenated Styrene/Butadiene Copolymer|2|high
Hydrogenated Styrene/Lsoprene Copolymer|Hydrogenated Styrene/Isoprene Copolymer|1|high
Hydrogenated Styrene/Methyl Styrene/Indene Copolymer|Hydrogenated Styrene/Methylstyrene/Indene Copolymer|2|high
Hydrogenated Microcrystalline Cera|Hydrogenated Microcrystalline Wax|3|review
Hydrogenated Olive Oii Unsaponifiables|Hydrogenated Olive Oil Unsaponifiables|1|high
Hydrogenated Olive Oil Unsapoifiables|Hydrogenated Olive Oil Unsaponifiables|1|high
Hydrogenated Olive Oil Unsaponifiables*|Hydrogenated Olive Oil Unsaponifiables|5|high
Hydrogenated Ricinus Communis Oil|Hydrogenated Castor Oil|3|review
Hydraxycitronellal|Hydroxycitronellal|1|high
Hydrolyzed Collegen|Hydrolyzed Collagen|1|high
Hydrolyzed Collagen Proteins|Hydrolyzed Collagen|2|review
Hydrolyzed Corallina Officinalis|Hydrolyzed Corallina Officinalis Extract|2|review
Hydrolyzed Mytrus Communis Leaf Extract|Hydrolyzed Myrtus Communis Leaf Extract|1|high
Hydrolyzed Rhodophycea Extract|Hydrolyzed Rhodophyceae Extract|1|high
Hydrolyzed Rice Bran Proteins|Hydrolyzed Rice Bran Protein|2|high
Hydrolyzed Sclerotiumum|Hydrolyzed Sclerotium Gum|1|review
Hydrolyzed Sodiumhyaluronate|Hydrolyzed Sodium Hyaluronate|2|high
Hydrolyzed Soy Protien|Hydrolyzed Soy Protein|1|high
Hydrolyzed Prunus Domsetica|Hydrolyzed Prunus Domestica|1|high
Hydrolyzed Ulva Latuca Extract|Hydrolyzed Ulva Lactuca Extract|1|high
Hydrolyzed Wheat Protein/Pvp Crosspolymer|Hydrolyzed Wheat Protein / Pvp Crosspolymer|2|high
Hyrdolyzed Rice Protein|Hydrolyzed Rice Protein|1|high
Hydronated C6-14 Plyolefin|Hydrogenated C6-14 Olefin Polymers|1|review
Hydropropyl Methylcellulose|Hydroxypropyl Methylcellulose|1|high
Hydroquinone 2%|Hydroquinone|4|high
Hydroquinone 2.0%|Hydroquinone|4|high
Hydroquinone Usp|Hydroquinone|4|high
Hydrowyethyl Urea|Hydroxyethyl Urea|1|high
Hydroxcitronellal|Hydroxycitronellal|1|high
Hydroxphenyl Propamidobenzoic Acid|Hydroxyphenyl Propamidobenzoic Acid|1|high
Hydroxy CITRONELLAL|Hydroxycitronellal|2|high
Hydroxyl CITRONELLAL|Hydroxycitronellal|2|high
Hydroxycitroellal|Hydroxycitronellal|1|high
Hydroxycitronelial|Hydroxycitronellal|1|high
Hydroxycitronellai|Hydroxycitronellal|1|high
Hydroyctronellal|Hydroxycitronellal|1|high
Hydraxyisohexyl Cyclohexene Carboxaldehyde|Hydroxyisohexyl 3-Cyclohexene Carboxaldehyde|1|review
Hydroxyaceto Phenone|Hydroxyacetophenone|2|high
Hydroxy Acetophenone|Hydroxyacetophenone|2|high
Hydroxy-Ethylcellulose|Hydroxyethylcellulose|2|high
Hydroxyethelcellulose|Hydroxyethylcellulose|1|high
Hydroxyethlcellulose|Hydroxyethylcellulose|1|high
Hydroxyethycellulose|Hydroxyethylcellulose|1|high
Hydroxyethyl-Cellulose|Hydroxyethylcellulose|2|high
Hydroxylethylcellulose|Hydroxyethylcellulose|1|high
Hydroxyethyl Celluose|Hydroxyethyl Cellulose|1|high
Hyroxyethylcellulose|Hydroxyethylcellulose|1|high
Hydroyethylcellulose|Hydroxyethylcellulose|1|high
Hydroxymethylcellulose|Hydroxymethyl Cellulose|2|high
Hydroxyl Cellulose|Hydroxycellulose|2|review
Hydroxyethyl Acrelate/Sodium Acryloyldimethyl Taurate Copolymer|Hydroxyethyl Acrylate/Sodium Acryloyldimethyl Taurate Copolymer|1|high
Hydroxyethyl Acrylate / Sodium Acryloyldimethyl Taurate Copolymer|Hydroxyethyl Acrylate/Sodium Acryloyldimethyl Taurate Copolymer|2|high
Hydroxyethyl Acrylate Sodium Acryloyldimethyltaurate|Hydroxyethyl Acrylate/Sodium Acryloyldimethyl Taurate Copolymer|2|high
Hydroxyethyl Acrylate-Sodium Acryloyldimethyl Taurate Copolymer|Hydroxyethyl Acrylate/Sodium Acryloyldimethyl Taurate Copolymer|2|high
Hydroxyethyl Acrylate/ Sodium Acryloyldimethyl Taurate Copolymer|Hydroxyethyl Acrylate/Sodium Acryloyldimethyl Taurate Copolymer|2|high
Hydroxyethyl Acrylate/Sodium Acrylodimethyl Taurate Copolymer|Hydroxyethyl Acrylate/Sodium Acryloyldimethyl Taurate Copolymer|1|high
Hydroxyethyl Acrylate/Sodium Acryloldimethyl Taurate Copolymer|Hydroxyethyl Acrylate/Sodium Acryloyldimethyl Taurate Copolymer|1|high
Hydroxyethyl Acrylate/Sodium Acryloydimethyltaurate Copolymer|Hydroxyethyl Acrylate/Sodium Acryloyldimethyl Taurate Copolymer|1|high
Hydroxyethyl Acrylate/Sodium Acryloyidinethyl Taunte Capolym|Hydroxyethyl Acrylate/Sodium Acryloyldimethyl Taurate Copolymer|1|high
Hydroxyethyl Acrylate/Sodium Acryloyl Dimethyl Taurate Copolymer|Hydroxyethyl Acrylate/Sodium Acryloyldimethyl Taurate Copolymer|2|high
Hydroxyethyl Acrylate/Sodium Acryloyldimethyl Acrylate/Taurate Copolymer|Hydroxyethyl Acrylate/Sodium Acryloyldimethyl Taurate Copolymer|1|high
Hydroxyethyl Acrylate/Sodium Acryloyldimethyl Taurate|Hydroxyethyl Acrylate/Sodium Acryloyldimethyl Taurate Copolymer|2|high
Hydroxyethyl Acrylate/Sodium Acryloyldimethyl Taurate Copolmer|Hydroxyethyl Acrylate/Sodium Acryloyldimethyl Taurate Copolymer|1|high
Hydroxyethyl Acrylate/Sodium Acryloyldimethyl Taurate Copoly|Hydroxyethyl Acrylate/Sodium Acryloyldimethyl Taurate Copolymer|1|high
Hydroxyethyl Acrylate/Sodium Acryloyldimethyl-Taurate Copolymer|Hydroxyethyl Acrylate/Sodium Acryloyldimethyl Taurate Copolymer|2|high
Hydroxyethyl Acrylate/Sodium Acryloyldimethyltaurate Copolymer|Hydroxyethyl Acrylate/Sodium Acryloyldimethyl Taurate Copolymer|2|high
Hydroxyethyl Acrylate/Sodium Acryloylodimethyltaurate Copolymer|Hydroxyethyl Acrylate/Sodium Acryloyldimethyl Taurate Copolymer|1|high
Hydroxyethyl Acrylate/Sodium Acryoyldimethyl Taurate Copolymer|Hydroxyethyl Acrylate/Sodium Acryloyldimethyl Taurate Copolymer|1|high
Hydroxyethyl Acrylates/Sodium Acryloyldimethyl Taurate Copolymer|Hydroxyethyl Acrylate/Sodium Acryloyldimethyl Taurate Copolymer|2|high
Hydroxyethylacrylate/Sodium Acryloydimethyl Taurate Copolymer|Hydroxyethyl Acrylate/Sodium Acryloyldimethyl Taurate Copolymer|2|high
Hydroxyethylacrylate/Sodium Acryloyldimethyl Taurate Copolymer|Hydroxyethyl Acrylate/Sodium Acryloyldimethyl Taurate Copolymer|2|high
Hydroxyethylacrylatesodiumacryloyldimethyl Taurate Copolymer|Hydroxyethyl Acrylate/Sodium Acryloyldimethyl Taurate Copolymer|2|high
Hydroxyethylpiperanzine Ethane Sulfonic Acid|Hydroxyethylpiperazine Ethane Sulfonic Acid|1|high
Hydroxyethylpiperazine Ethanesulfonic Acid|Hydroxyethylpiperazine Ethane Sulfonic Acid|2|high
Hydroxyisohexl 3 Cyclohexene Carboxaldehyde|Hydroxyisohexyl 3-Cyclohexene Carboxaldehyde|1|high
Hydroxyisohexy 3-Cyclohexene Carboxadehyde|Hydroxyisohexyl 3-Cyclohexene Carboxaldehyde|1|high
Hydroxyisohexyl 3 Cyclohexene Carboxaldehyde|Hydroxyisohexyl 3-Cyclohexene Carboxaldehyde|2|high
Hydroxyisohexyl-3-Cyclohexene Carboxaldehyde|Hydroxyisohexyl 3-Cyclohexene Carboxaldehyde|2|high
Hydroxyisoheyl 3-Cyclohexene Carboxaldehyde|Hydroxyisohexyl 3-Cyclohexene Carboxaldehyde|1|high
Hydroxylapatite|Hydroxyapatite|2|review
Hydroxypina Clone Retinoate|Hydroxypinacolone Retinoate|1|high
Hydroxyquinoline Sulfate|8-Hydroxyquinoline Sulfate|2|review
Hydroxypropyl Cyclodextin|Hydroxypropyl Cyclodextrin|1|high
Hydroxypropyl Methocellulose|Hydroxypropyl Methylcellulose|1|high
Hydroxypropyl Methyl Cellulose|Hydroxypropyl Methylcellulose|2|high
Hydroxypropyl Methylcelulose|Hydroxypropyl Methylcellulose|1|high
Hydroxypropylmethyl Cellulose|Hydroxypropyl Methylcellulose|2|high
Hydroxypropylmethylcellulose|Hydroxypropyl Methylcellulose|2|high
Hydroxypropylcellulose|Hydroxypropyl Cellulose|2|high
Hydroxypropyl Guar Hydroxypropyl Trimonium Chloride|Hydroxypropyl Guar Hydroxypropyltrimonium Chloride|2|high
Hydroxypropyltrimonium Honey|Hydroxypropyl Trimonium Honey|2|high
Hypnea Muscifornis Extract|Hypnea Musciformis Extract|1|high
Hypericum Perforatum Flower/ Leaf/Stem Extract|Hypericum Perforatum Flower/Leaf/Stem Extract|2|high
Hypromum Perforatum Flower Leaf/Stem Extract|Hypericum Perforatum Flower/Leaf/Stem Extract|1|review
Hypromelloses|Hypromellose|2|high
Hypochlorous Acid Hocl|Hypochlorous Acid|2|review
Ichthammol Usp|Ichthammol|4|high
Idopropynyl Butylcarbamate|Iodopropynyl Butylcarbamate|1|high
Iodopropynl Butylcarbamate|Iodopropynyl Butylcarbamate|1|high
Iodopropynyl Butyl Carbamate|Iodopropynyl Butylcarbamate|2|high
Iodopropynyl Butylcarbmate|Iodopropynyl Butylcarbamate|1|high
Iodopropynylbutycarbamate|Iodopropynyl Butylcarbamate|2|high
Ilex Paraguariensis TEA|Ilex Paraguariensis Leaf Extract|3|review
Illicum Verum Essential Oil|Illicium Verum Oil|1|review
Illicium Verum Oil*|Illicium Verum Oil|5|high
Illicium Verum Fruit/Seed Oil*|Illicium Verum Fruit/Seed Oil|5|high
Illicium Verum Fruit Seed Oil|Illicium Verum Fruit/Seed Oil|2|high
Ilite|Illite|1|high
Imdazolidinyl Urea|Imidazolidinyl Urea|1|high
Imidazolidinyi Urea|Imidazolidinyl Urea|1|high
Imidozolidinyl Urea|Imidazolidinyl Urea|1|high
Immortelle Extract*|Immortelle Extract|5|high
Immortelle Flower Oil*|Immortelle Flower Oil|5|high
Iris Florentina / Iris Florentina Root Extract|Iris Florentina Root Extract|2|high
Iris Florentina/Iris Florentina Root Extract|Iris Florentina Root Extract|2|high
Iron Oxides *|Iron Oxides|5|high
Iron Oxides Black|Iron Oxide Black|2|high
Iron Oxides Red|Iron Oxide Red|2|high
Iron Oxides CI 77491|Iron Oxides|2|review
Iron Oxides CI 77492|Iron Oxides|2|review
Iron Oxides CI 77499|Iron Oxides|2|review
Iron Oxides Cl 77491|Iron Oxides|2|review
Iron Oxides Red C177491|Iron Oxide Red|2|review
Iron Oxides/Ci 77491|Iron Oxides|2|review
Iron Oxides/Ci 77492|Iron Oxides|2|review
Iron Dioxide|Iron Oxide|1|review
Isoamy Laurate|Isoamyl Laurate|1|high
Isoarthyl Cocoate|Isoamyl Cocoate|1|review
Isoamyl Laurate*|Isoamyl Laurate|5|high
Isocetyl Sterate|Isocetyl Stearate|1|high
Isodedecane|Isododecane|1|high
Isononyl Isonananoare|Isononyl Isononanoate|1|high
Isononyl Isonanoate|Isononyl Isononanoate|1|high
Isononylisononanoate|Isononyl Isononanoate|2|high
Isopenyldiol|Isopentyldiol|1|high
Isoprophyl Palmitate|Isopropyl Palmitate|1|high
Isopropylpalmitate|Isopropyl Palmitate|2|high
Isopropy Myristate|Isopropyl Myristate|1|high
Isopropyi Myristate|Isopropyl Myristate|1|high
Isopropyl Myristiate|Isopropyl Myristate|1|high
Isopropylmyristate|Isopropyl Myristate|2|high
Isopropyl Is0Stearate|Isopropyl Isostearate|1|high
Isopropyl Titanium Trisostearate|Isopropyl Titanium Triisostearate|1|high
Isostearylisostearate|Isostearyl Isostearate|2|high
Isougenol|Isoeugenol|1|high
Isoquercetin|Isoquercitrin|1|review
Ivy Extracts|Ivy Extract|2|high
Jasmine Essential Oils|Jasmine Essential Oil|2|high
Jasmine Officinalis Oil|Jasmine Officinale Oil|1|high
Jasminium Officinale|Jasminum Officinale|1|high
Jasminum Ocinale Extract|Jasminum Officinale Extract|1|high
Jasminum Officinalis Extract|Jasminum Officinale Extract|1|high
Jasminum Officinale Extract / Jasmine Extract|Jasminum Officinale Extract|3|review
Jasminum Officinale Extract/ Jasmine Flower Extract|Jasminum Officinale Extract|3|review
Jasminum Officinale Extract/Jasmine Extract|Jasminum Officinale Extract|3|review
Jasminum Officinale Extract/Jasmine Flower Extract|Jasminum Officinale Extract|3|review
Jasminum Official Extract/Jasmine Extract|Jasminum Officinale Extract|3|review
Jasminum Officinale Flower Extract / Jasmine Flower Extract|Jasminum Officinale Flower Extract|3|review
Jasminum Sambae Flower Oil|Jasminum Sambac Flower Oil|1|high
Jojoba Ester|Jojoba Esters|2|high
Jojoba Wax*|Jojoba Wax|5|high
Juglans Regia Shell Powder/Juglans Regia Shell Powder|Juglans Regia Shell Powder|2|high
Juglans Regia Leaf Extract/Walnut Leaf Extract|Juglans Regia Leaf Extract|3|review
Juniperus Mexicana Oil|Juniper Mexicana Oil|2|review
Kaolin Clay|Kaolin|4|review
Kigelia African Fruit Extract|Kigelia Africana Fruit Extract|1|high
Kojic Dipalmitate|Kojic Acid Dipalmitate|2|review
Kakum Butter|Kokum Butter|2|high
Kosher Vegetable Glycerine|Kosher Vegetable Glycerin|2|high
Kosher Vegetable Glycerol|Kosher Vegetable Glycerin|3|review
Kukui Oil|Kukui Nut Oil|2|review
Kukui Seed Oil|Kukui Nut Oil|2|review
L Ascorbic Acid|L-Ascorbic Acid|2|high
L-Ascorbic Acid Usp|L-Ascorbic Acid|4|high
L Ergothioneine|L-Ergothioneine|2|high
L Lactic Acid|Lactic Acid|2|high
L Proline|L-Proline|2|high
L Taurine|L-Taurine|2|high
L-Argenine|L-Arginine|1|high
L-Arginine Hci|L-Arginine Hcl|1|high
L-Histidine Hci|L-Histidine|1|review
L-Lactic Acid|Lactic Acid|3|review
Lactic Usp|Lactic Acid|4|high
Lactobacilus Ferment|Lactobacillus Ferment|1|high
Lactobacllus Ferment|Lactobacillus Ferment|1|high
Lactobacllus/Arundinaria Gingantea Ferment Filtrate|Lactobacillus/Arundinaria Gigantea Ferment Filtrate|1|high
Lactococcus Ferment Filtrate Lysate|Lactococcus Ferment Lysate|2|review
Lactoccus Ferment Lysate|Lactococcus Ferment Lysate|1|high
Lactis Proteinum/Milk Protein/Prot√Âine Du Lait|Lactis Proteinum/Milk Protein|3|review
Lactis Proteinum/Milk Protein/Proteine De Lait|Lactis Proteinum/Milk Protein|3|review
Lactobacillus/Punica Granatim Fruit Ferment Extract|Lactobacillus/Punica Granatum Fruit Ferment Extract|1|high
Lactobacillus/Punica Grantum Fruit Ferment Extract|Lactobacillus/Punica Granatum Fruit Ferment Extract|1|high
Kale*|Kale|5|high
Juniper Berries|Juniper Berry|2|high
Laminara Digitala|Laminaria Digitata|1|high
Laminaria Digitata Extract*|Laminaria Digitata Extract|5|high
Lanonlin|Lanolin|1|high
Lanolin*|Lanolin|5|high
Lanoline Usp|Lanolin|4|review
Lapsanacommunis Flower/Leaf/Stem Extract|Lapsana Communis Flower/Leaf/Stem Extract|2|high
Latic Acid|Lactic Acid|1|high
Lauricacid|Lauric Acid|2|high
Lauramidopropylamide Oxide|Lauramidopropylamine Oxide|1|high
Laury Alcohol|Lauryl Alcohol|1|high
Lauryl Glycoside|Lauryl Glucoside|1|high
Lauryl Glucoside*|Lauryl Glucoside|5|high
Lauryl Lactate*|Lauryl Lactate|5|high
Lauryllaurate|Lauryl Laurate|2|high
Laureth 10|Laureth-10|2|high
Laureth 2|Laureth-2|2|high
Laureth 23|Laureth-23|2|high
Laureth 3|Laureth-3|2|high
Laureth 4|Laureth-4|2|high
Laureth 7|Laureth-7|2|high
Laureth-4 Carboxlyic Acid|Laureth-4 Carboxylic Acid|1|high
Lavandula Angustfolia Flower Extract|Lavandula Angustifolia Flower Extract|1|high
Lavandula Angustifolia Flower Extract*|Lavandula Angustifolia Flower Extract|5|high
Lavandula Angustifolia Flower Extract+|Lavandula Angustifolia Flower Extract|5|high
Lavandula Angustifolia Flowers Extract|Lavandula Angustifolia Flower Extract|2|high
Lavendula Angustifolia Flower Extract|Lavandula Angustifolia Flower Extract|1|high
Lavandula Angustfolia Oil|Lavandula Angustifolia Oil|1|high
Lavandula Angustifola Oil|Lavandula Angustifolia Oil|1|high
Lavandula Angustifolia 0Il|Lavandula Angustifolia Oil|1|high
Lavandula Angustifolia Oil*|Lavandula Angustifolia Oil|5|high
Lavandula Angustilfolia Oil|Lavandula Angustifolia Oil|1|high
Lavandula Augustifolia Oil|Lavandula Angustifolia Oil|1|high
Lavendula Angustafolia Oil|Lavandula Angustifolia Oil|1|high
Lavendula Angustifolia Oil|Lavandula Angustifolia Oil|1|high
Lavendula Officinalis Oil|Lavandula Officinalis Oil|1|high
Lavandula Angustifolia Oil / Lavender Oil|Lavandula Angustifolia Oil|3|review
Lavandula Angustifolia Oil/Lavender Oil|Lavandula Angustifolia Oil|3|review
Lavandula Angustifolia Lavender Oil|Lavandula Angustifolia Oil|3|review
Lavandula Angustifolia Lavender Flower Oil|Lavandula Angustifolia Flower Oil|3|review
Lavandula Angustifolia *|Lavandula Angustifolia|5|high
Lavandula Augustifolia Extract|Lavandula Angustifolia Extract|1|high
Lavendula Angusifolia Extract|Lavandula Angustifolia Extract|1|high
Lavendula Angustifolia Extract|Lavandula Angustifolia Extract|1|high
Lavandula Angustifolia Flower/Leaf/Stem Extract*|Lavandula Angustifolia Flower/Leaf/Stem Extract|5|high
Lavendula Angustifloia Flower/Leaf/Stem Extract|Lavandula Angustifolia Flower/Leaf/Stem Extract|1|high
Lavendula Angustifolia Flower/Leaf/Stem Extract|Lavandula Angustifolia Flower/Leaf/Stem Extract|1|high
Lavandula Angustifolia Flower Water*|Lavandula Angustifolia Flower Water|5|high
Lavandula Augustfolia Herb Extract|Lavandula Angustifolia Herb Oil|1|review
Lavendula Angustifolia|Lavandula Angustifolia|1|high
Lavendula Augustifolia|Lavandula Angustifolia|1|high
Lavendula Angustifolia Flower|Lavandula Angustifolia Flower|1|high
Lavandula Hybridia Oil|Lavandula Hybrida Oil|1|high
Lavandula Hybrida Oil*|Lavandula Hybrida Oil|5|high
Lavendula Hybrida Oil|Lavandula Hybrida Oil|1|high
Lavendula Hybrid Oil|Lavandula Hybrida Oil|1|high
Lavendula Hybrida|Lavandula Hybrida|1|high
Lavendula Officinalis Essential Oil|Lavandula Officinalis Essential Oil|1|high
Lavandula Officinale Oil|Lavandula Officinalis Oil|1|review
Lavendula Spica Flower Oil|Lavandula Spica Flower Oil|1|high
Lavendar Extract|Lavender Extract|1|high
Lavender Essential Oils|Lavender Essential Oil|2|high
Lemon Oils|Lemon Oil|2|high
Lemon Oil*|Lemon Oil|5|high
Lemon Oi|Lemon Oil|1|high
Lemon-Oil|Lemon Oil|2|high
Lemon Essential Oil*|Lemon Essential Oil|5|high
Lemon Peel Oil*|Lemon Peel Oil|5|high
Lawonia Inermis Extract|Lawsonia Inermis Extract|1|high
Lawsonia Hermis Flower Fruit/Leaf Extract|Lawsonia Inermis Flower/Fruit/Leaf Extract|1|high
Lechithin|Lecithin|1|high
Lecithin*|Lecithin|5|high
Lecithin**|Lecithin|5|high
Lens Esculenta Fruit Extact|Lens Esculenta Fruit Extract|1|high
Lens Esoulenta Fruit Extract|Lens Esculenta Fruit Extract|1|high
Lens Esculenta Seed Extract/Lens Esculenta Seed Extract|Lens Esculenta Seed Extract|2|high
Leontopodium Alpine Callus Culture Extract|Leontopodium Alpinum Callus Culture Extract|1|high
Leontopodium Alphinum Meristerm Cell Culture|Leontopodium Alpinum Meristem Cell Culture|1|high
Leontopodium Alpinum Extract*|Leontopodium Alpinum Extract|5|high
Leuicine|Leucine|1|high
Leuconostoc / Radish Root Ferment Filtrate|Leuconostoc/Radish Root Ferment Filtrate|2|high
Leuconostoc Radish Root Ferment Filtrate|Leuconostoc/Radish Root Ferment Filtrate|2|high
Leuconostoc/ Radish Root Ferment Filtrate|Leuconostoc/Radish Root Ferment Filtrate|2|high
Leuconostock/Radish Root Ferment Filtrate|Leuconostoc/Radish Root Ferment Filtrate|1|high
Leconostoc Radish Root Ferment|Leuconostoc/Radish Root Ferment|2|review
Levocamitine|Levocarnitine|1|high
Levulnic Acid|Levulinic Acid|1|high
Licorice Root Extract*|Licorice Root Extract|5|high
Light Liquid Paraffin 10.5% W/W|Light Liquid Paraffin|4|high
Light Liquid Paraffin 12.6% W/W|Light Liquid Paraffin|4|high
Lilal|Lilial|1|high
Lillial|Lilial|1|high
Limanthes Alba Seed Oil|Limnanthes Alba Seed Oil|1|high
Liminanthes Alba Seed Oil|Limnanthes Alba Seed Oil|1|high
Limnanthes Alba Oil|Limnanthes Alba Seed Oil|2|review
Limnanthes Alba Seed Oil / MEADOWFOAM Seed Oil|Limnanthes Alba Seed Oil|3|review
Limnanthes Alba Seed Oil/Meadowfoam Seed Oil|Limnanthes Alba Seed Oil|3|review
Limonen|Limonene|1|high
Limonene*|Limonene|5|high
Limonene**|Limonene|5|high
Limonene¬≤|Limonene|5|high
Limonene‚Ä†|Limonene|5|high
Linal0Ol|Linalool|1|high
Linallol|Linalool|1|high
Linalol|Linalool|1|high
Linaloo|Linalool|1|high
Linanool|Linalool|1|high
Linalool *|Linalool|5|high
Linalool*|Linalool|5|high
Linalool**|Linalool|5|high
Linalool¬≤|Linalool|5|high
Linalool‚Ä†|Linalool|5|high
Linoleic Acids|Linoleic Acid|2|high
Linoleic Acid**|Linoleic Acid|5|high
Linolenic Acids|Linolenic Acid|2|high
Linoleic/ Linolenic Acid|Linoleic/Linolenic Acid|2|high
Linum Usitatissmum Seed Extract|Linum Usitatissimum Seed Extract|1|high
Linum Usitatissimum Seed Extract*|Linum Usitatissimum Seed Extract|5|high
Linum Usitatissimum Seed Oil*|Linum Usitatissimum Seed Oil|5|high
Linum Usitatissimum *|Linum Usitatissimum|5|high
Liquid Paraffin Bp|Liquid Paraffin|4|review
Liquid Paraffin Ph Eur|Liquid Paraffin|4|review
Liquid Paraffin Ph. Eur|Liquid Paraffin|4|review
Liquid-Germall-Plus|Liquid Germal Plus|2|review
Liquorice Extract|Licorice Extract|3|review
Litichi Chinensis Seed Extract|Litchi Chinensis Seed Extract|1|high
Litchi Chinenesis Seed Extract|Litchi Chinensis Seed Extract|1|high
Lithothamnium Calcareum Powder|Lithothamnion Calcareum Powder|1|high
Lithospermum Erythrohizon Root Extract|Lithospermum Erythrorhizon Root Extract|1|high
Litsea Cubeba Fruit Oil*|Litsea Cubeba Fruit Oil|5|high
Litsea Cubeba Fruit Extract Oil|Litsea Cubeba Fruit Oil|2|review
Lium Verum Fruit Extract|Illicium Verum Fruit Extract|1|review
Llex Guayusa Leaf Extract|Ilex Guayusa Leaf Extract|1|high
Llex Paraguariensis Leaf Extract|Ilex Paraguariensis Leaf Extract|1|high
Lnulin|Inulin|1|high
Locopheryl Acetate|Tocopheryl Acetate|1|review
Lodopropynyl Butylcarbamate|Iodopropynyl Butylcarbamate|1|high
Lodopropynyl|Iodopropynyl Butylcarbamate|1|review
Long Sheng Rice Water|Longsheng Rice Water|2|high
Lonized Water|Ionized Water|1|review
Lonic Clay Minerals|Ionic Clay Minerals|1|review
Lonicera Caprifolium Ower Extract|Lonicera Caprifolium Flower Extract|1|high
Loniercera Caprifolium Flower Extract|Lonicera Caprifolium Flower Extract|1|high
Lonicera Japonica Ower Extract|Lonicera Japonica Flower Extract|1|high
Lonicerajaponica Flower Extract|Lonicera Japonica Flower Extract|2|high
Lonincera Japonica Flower Extract|Lonicera Japonica Flower Extract|1|high
Lonicera Japonica Flower Extract*|Lonicera Japonica Flower Extract|5|high
Lsodecyl Neopentanoate|Isodecyl Neopentanoate|1|high
Lsopropyl Palmitate|Isopropyl Palmitate|1|high
Luffa Cylindrica / Luffa Cylindrica Fruit|Luffa Cylindrica Fruit|2|high
Lycium Chinensis Fruit Extract|Lycium Chinense Fruit Extract|1|high
Lycium Chinese Fruit Extract|Lycium Chinense Fruit Extract|1|high
Lycoperine|Lycopene|1|review
Lysine Hci|Lysine Hcl|1|high
Lysine Hydrochloride|Lysine Hcl|2|review
Lysmeral|Lilial|3|review
Macadama Ternifolia Seed Oil|Macadamia Ternifolia Seed Oil|1|high
Macadamiaternifolia Seed Oil|Macadamia Ternifolia Seed Oil|2|high
Macademia Ternifolia Seed Oil|Macadamia Ternifolia Seed Oil|1|high
Macadamia Ternifolia Seed Oil*|Macadamia Ternifolia Seed Oil|5|high
Macadamia Lntegrifolia Seed Oil|Macadamia Integrifolia Seed Oil|1|high
Macadamia Nut Oil|Macadamia Ternifolia Seed Oil|3|review
Macadamia Seed Oil|Macadamia Ternifolia Seed Oil|3|review
Macrocystis Pyifera Extract|Macrocystis Pyrifera Extract|1|high
Macrocystis Pyritera Extract|Macrocystis Pyrifera Extract|1|high
Macrocystis Pyrifera Extract*|Macrocystis Pyrifera Extract|5|high
Macrogol Cetosteoryl Ether|Macrogol Cetostearyl Ether|1|high
Madecassic Acide|Madecassic Acid|1|high
Magnesium Aluminium Silicate|Magnesium Aluminum Silicate|2|high
Magnesium Aluminu Silicate|Magnesium Aluminum Silicate|1|high
Magnesium Aluminum Sylicate|Magnesium Aluminum Silicate|1|high
Magnesium Asparate|Magnesium Aspartate|1|high
Magnesium Aspartate4|Magnesium Aspartate|2|high
Magnesium Sulphate|Magnesium Sulfate|2|high
Magnifera Indica Fruit Extract|Mangifera Indica Fruit Extract|1|high
Magnifera Indica Seed Butter|Mangifera Indica Seed Butter|1|high
Mangifera Lndica Seed Butter|Mangifera Indica Seed Butter|1|high
Mangifera Indica Seed Butter*|Mangifera Indica Seed Butter|5|high
Mangifera Indica Seed Butter / Mango Seed Butter|Mangifera Indica Seed Butter|3|review
Mangifera Lndica Seed Oil|Mangifera Indica Seed Oil|1|high
Mangifera Indica Seed Oil*|Mangifera Indica Seed Oil|5|high
Mangifera Indica Seed Oil/Mangifera Indica Seed Oil|Mangifera Indica Seed Oil|2|high
Mangifera Indica Seed Oil/Mango Seed Oil|Mangifera Indica Seed Oil|3|review
Mangifera Indica Butter*|Mangifera Indica Butter|5|high
Magnolia Offrcinalis Bark Extract|Magnolia Officinalis Bark Extract|1|high
Malachita Extract|Malachite Extract|1|high
Malakite Extract|Malachite Extract|1|high
Malaleuca Alternifolia Oil|Melaleuca Alternifolia Oil|1|review
Maleleuca Alternifolia Oil|Melaleuca Alternifolia Oil|1|review
Malonic Aicd|Malonic Acid|1|high
Malodextrin|Maltodextrin|1|high
Malto-Dextrin|Maltodextrin|2|high
Maltodextrin *|Maltodextrin|5|high
Maltodextrin/ Vp Copolymer|Maltodextrin/Vp Copolymer|2|high
Malpighia Glabra *|Malpighia Glabra|5|high
Malpighia Glabra Fruit Extract*|Malpighia Glabra Fruit Extract|5|high
Malpighia Punicifolia Fruit Extract|Malpighia Emarginata Fruit Extract|3|review
Mannitol*|Mannitol|5|high
Maris Aqua / Eau De Mer|Maris Aqua|3|review
Maris Aqua /Eau De Mer|Maris Aqua|3|review
Maris Aqua/Sea Water/Eau De Mer|Maris Aqua|3|review
Maris Sal / Sea Salt / Sel Marin|Maris Sal|3|review
Maris Sal /Sel Marin|Maris Sal|3|review
Maris Sal/Sea Salt|Maris Sal|3|review
Maris Sal/Sea Salt/Sel Marin|Maris Sal|3|review
Manganese Violet/Ci 77742|Manganese Violet|2|review
Matthiola Longjpetala Seed Oil|Matthiola Longipetala Seed Oil|1|high
Matricaria Recutita Flowers|Matricaria Recutita Flower|2|high
Matrixes 3000|Matrixyl 3000|1|review
Matrixyl 3000Tm|Matrixyl 3000|2|high
Matrixyl Synthe'6|Matrixyl Synthe 6|2|high
Mauritia Flexuosa Oil|Mauritia Flexuosa Fruit Oil|2|review
May Contain: Titanium Dioxide|May Contain : Titanium Dioxide|2|high
MEADOW Foam Seed Oil|MEADOWFOAM Seed Oil|2|high
Medium-Chain Triglycerides|Medium Chain Triglycerides|2|high
Mel / Honey|Mel|3|review
Mel / Honey / Miel|Mel|3|review
Mel/Honey|Mel|3|review
Mel/Honey/Miel|Mel|3|review
Mel Extract / Honey Extract|Mel Extract|3|review
Mel Extract/Honey Extract|Mel Extract|3|review
Mel Extract/Honey Extract/Extrait De Miel|Mel Extract|3|review
Mel/Honey Extract|Mel Extract|3|review
Mel/Honey Extract/Extrait De Miel|Mel Extract|3|review
Melaceuca Alternifolia Extract|Melaleuca Alternifolia Extract|1|high
Melaeuca Alternifolia|Melaleuca Alternifolia|1|high
Melaleuca Altemifolia Leaf Oil|Melaleuca Alternifolia Leaf Oil|1|high
Melaleuca Alternafolia Leaf Oil|Melaleuca Alternifolia Leaf Oil|1|high
Melaleuca Alternfolia Leaf Oil|Melaleuca Alternifolia Leaf Oil|1|high
Melaleuca Alternifolia Leaf 0Il|Melaleuca Alternifolia Leaf Oil|1|high
Melaleuca Altrernfolia Leaf Oil|Melaleuca Alternifolia Leaf Oil|1|high
Melalueca Alternifolia Leaf Oil|Melaleuca Alternifolia Leaf Oil|1|high
Melealeuca Alternifolia Leaf Oil|Melaleuca Alternifolia Leaf Oil|1|high
Melaleuca Alternifolia Leaf Oil/Melaleuca Alternifolia Leaf Oil|Melaleuca Alternifolia Leaf Oil|2|high
Melaleuca Alternifolia Leaf Oil/Tea Tree Leaf Oil|Melaleuca Alternifolia Leaf Oil|3|review
Melaleuca Altemifolia Leaf Extract|Melaleuca Alternifolia Leaf Extract|1|high
Melaleuca Altemifolia Oil|Melaleuca Alternifolia Oil|1|high
Melaleuca Cajuputs Oil|Melaleuca Cajuputi Oil|1|high
Melaleuca Leucadendron Cajaputi Oil|Melaleuca Leucadendron Cajaput Oil|1|high
Melia Azadiachata Flower Extract|Melia Azadirachta Flower Extract|1|high
Meua Azadirachta Flower Extract|Melia Azadirachta Flower Extract|1|high
Melia Azadirachta Leaf /Flower Extract|Melia Azadirachta Leaf/Flower Extract|2|high
Melissa Officinalis Flower Oil*|Melissa Officinalis Flower Oil|5|high
Melissa Officinalis Leaf Oil*|Melissa Officinalis Leaf Oil|5|high
Melissa Officinalis Left Extract|Melissa Officinalis Leaf Extract|1|high
Menta Piperta Oil|Mentha Piperita Oil|1|high
Mentha Piperia Oil|Mentha Piperita Oil|1|high
Mentha Piperita Oil*|Mentha Piperita Oil|5|high
Mentha Piperita Oil / Peppermint Oil|Mentha Piperita Oil|3|review
Mentha Piperita Oil/Peppermint Oil|Mentha Piperita Oil|3|review
Mentha Pipertia Leaf Extract|Mentha Piperita Leaf Extract|1|high
Mentha Piperita Extract / Peppermint Extract|Mentha Piperita Extract|3|review
Mentha Piperita Extract / Peppermint Leaf Extract|Mentha Piperita Extract|3|review
Mentha Piperita Extract/Peppermint Extract|Mentha Piperita Extract|3|review
Mentha Piperita Extract/Peppermint Leaf Extract|Mentha Piperita Extract|3|review
Menta Virdis Leaf Oil|Mentha Viridis Leaf Oil|1|high
Mentha Virdis Leaf Oil|Mentha Viridis Leaf Oil|1|high
Mentha Viridi Extract|Mentha Viridis Extract|1|high
Mentha Suavis Extract|Mentha X Suavis Extract|2|review
Mentha Arvensis Leaf Oil/Mentha Arvensis Leaf Oil|Mentha Arvensis Leaf Oil|2|high
Menthol 0.5%|Menthol|4|high
Menthol 0.625%|Menthol|4|high
Mentholum|Menthol|3|review
Mentol|Menthol|1|high
Mentoxipropanediol|Menthoxypropanediol|1|high
Methl Trimethicone|Methyl Trimethicone|1|high
Methyltrimethicone|Methyl Trimethicone|2|high
Methlsilanol Mannuronate|Methylsilanol Mannuronate|1|high
Methocellulose|Methyl Cellulose|1|review
Methylcellulose|Methyl Cellulose|2|high
Methone Glycerin Acetal|Menthone Glycerin Acetal|1|high
Methy Paraben|Methylparaben|1|high
Methyl Paraben|Methylparaben|2|high
Methyl-Paraben|Methylparaben|2|high
Methyloparaben|Methylparaben|1|high
Methylparaber|Methylparaben|1|high
Methylparben|Methylparaben|1|high
Methyparaben|Methylparaben|1|high
Methyl Parahydroxybenzoate|Methylparaben|3|review
Methyl Hydroxybenzoate|Methylparaben|3|review
Methychloroisothiazolinone|Methylchloroisothiazolinone|1|high
Methylchloroisathiazolinone|Methylchloroisothiazolinone|1|high
Methylchloroiso-Thiazolinone|Methylchloroisothiazolinone|2|high
Methylchloroisothazolinone|Methylchloroisothiazolinone|1|high
Methylchloroisothiazalinone|Methylchloroisothiazolinone|1|high
Methylchlorothiazolinone|Methylchloroisothiazolinone|1|high
Methylchoroisothiazolinone|Methylchloroisothiazolinone|1|high
Methylcloroisotiazolinone|Methylchloroisothiazolinone|1|high
Methyloroisthiazolinone|Methylchloroisothiazolinone|1|high
Methylisothiazol|Methylisothiazolinone|1|high
Methyisothiazolinone|Methylisothiazolinone|1|high
Methylisothiazolinine|Methylisothiazolinone|1|high
Methylisothiazolone|Methylisothiazolinone|1|high
Methylisothiazonlinone|Methylisothiazolinone|1|high
Methylizothiazolinone|Methylisothiazolinone|1|high
Methylsothiazolinone|Methylisothiazolinone|1|high
Methylchloroisothiazoline|Methylchloroisothiazolinone|1|review
Methylchloroisothiazolinine|Methylchloroisothiazolinone|1|high
Methyl 2-Oxtyndate|Methyl 2-Octynoate|1|high
Methyl-2-Octynoate|Methyl 2-Octynoate|2|high
Methyl2-Octynoate|Methyl 2-Octynoate|2|high
Methyl Gluceth 20|Methyl Gluceth-20|2|high
Methyl Gluceth20|Methyl Gluceth-20|2|high
Methylgluceth-20|Methyl Gluceth-20|2|high
Methyl Glucose Sesouistearate|Methyl Glucose Sesquistearate|1|high
Methyl Dihydrabietate|Methyl Dihydroabietate|1|high
Methyl Ionones|Methyl Ionone|2|high
Methyl Ionone Gamma|Methylionone Gamma|2|review
Methyl Methacrylate Cross-Polymer|Methyl Methacrylate Crosspolymer|2|high
Methylmethacrylate Crosspolymer|Methyl Methacrylate Crosspolymer|2|high
Methylmethacrylate/Glycol Dimethacrylate Crosspolymer|Methyl Methacrylate/Glycol Dimethacrylate Crosspolymer|2|high
Methylsufonlylmethane|Methylsulfonylmethane|1|high
Methylsulfynolmethane|Methylsulfonylmethane|1|high
Methyl Sulfonyl Methane|Methylsulfonylmethane|2|high
Methylsulfonyl Methane|Methylsulfonylmethane|2|high
Methylglucoside Phosphate|Methyl Glucoside Phosphate|2|high
Mica *|Mica|5|high
Mica 77019|Mica CI 77019|2|review
Mica/Ci 77019|Mica CI 77019|2|high
Micocystalline Wax|Microcrystalline Wax|1|high
Microcristalline Wax|Microcrystalline Wax|1|high
Microcrystal-Line Wax|Microcrystalline Wax|2|high
Microcrystaline Wax|Microcrystalline Wax|1|high
Microcrystallinewax|Microcrystalline Wax|2|high
Micro-Crystalline Cellulose|Microcrystalline Cellulose|2|high
Microcitrus Australis Fruit Extract|Microcitrus Australasica Fruit Extract|1|review
Microcrystalline Wax / Cera Microcristallina / CIRE Microcristalline|Microcrystalline Wax/Cera Microcristallina/Cire Microcristalline|2|high
Microcrystalline Wax / Cera Microcristallina/Cire Microcristalline|Microcrystalline Wax/Cera Microcristallina/Cire Microcristalline|2|high
Microcrystalline Wax/ Cera Microcristallina/Cire Microcristalline|Microcrystalline Wax/Cera Microcristallina/Cire Microcristalline|2|high
Microcrystalline Wax/Microcristallina Cera/Cire Microcristalline|Microcrystalline Wax/Cera Microcristallina/Cire Microcristalline|2|high
Microcrystalline Wax\Cera Microcristallina\Cire Microcristalline|Microcrystalline Wax/Cera Microcristallina/Cire Microcristalline|2|high
Microcristallina Cera/Microcrystalline Wax/Cire Microcrystalline|Microcrystalline Wax/Cera Microcristallina/Cire Microcrystalline|2|review
Microcrystalline Wax/ Cera Microcristallina/ CIRE Microcrystalline|Microcrystalline Wax/Cera Microcristallina/Cire Microcrystalline|2|high
Microcrystalline Wax\Cera Microcristallina|Microcrystalline Wax/Cera Microcristallina|2|high
Milk Protein Extracct|Milk Protein Extract|1|high
Milk Proteins|Milk Protein|2|high
Milk Lipids|Milk Lipid|2|high
Mimosa Tenuflora Bark Extract|Mimosa Tenuiflora Bark Extract|1|high
Mimosa Tenuiflora Barkextract|Mimosa Tenuiflora Bark Extract|2|high
Mimosa Terniflora Extract|Mimosa Tenuiflora Extract|1|high
Mineral Oil Usp|Mineral Oil|4|high
Mlneral Oll|Mineral Oil|1|high
Mineral Oil/Huile Mineral|Mineral Oil|3|review
Mineral Oil/Huile Minerale|Mineral Oil|3|review
Mineral Oil/Huile Min√©Rale|Mineral Oil|3|review
Mineral Oil / Huile Min√©Rale|Mineral Oil|3|review
Mineral Oil/ Huile Min√©Rale|Mineral Oil|3|review
Mineral Oil/Paraffinum Liquidum|Mineral Oil|3|review
Mineral Oil/Paraffinum Liquidium|Mineral Oil|3|review
Mineral Oil/ Paraffinum Liquidum|Mineral Oil|3|review
Mineral Oil/Paraffinum Liquidum/Huile Minerale|Mineral Oil|3|review
Mineral Oil / Paraffinum Liquidum / Huile Min√©Rale|Mineral Oil|3|review
Mineral Oil / Paraffinum Liquidum /Huile Min√©Rale|Mineral Oil|3|review
Mineral Oil/ Paraffinum Liquidum/ Huile Minerale|Mineral Oil|3|review
Mineral Oil Paraffinum Liquidum\Huile Minerale|Mineral Oil|3|review
Mineral Oil\Paraffinum Liquidum\Huile Min√©Rale|Mineral Oil|3|review
Mineral Pigments|Mineral Pigment|2|high
Mixed Toco-Pherol|Mixed Tocopherol|2|high
Mixed Tocopherols Vitamin E|Mixed Tocopherols|4|review
Mixed Tocopherol Vitamin E|Mixed Tocopherol|4|review
Modified Corn Starch|Corn Starch Modified|3|review
Molasses Extract\Saccharum Officinarum\Extrait De Melasse|Molasses Extract|3|review
Molasses Extract\Saccharum Officinarum\Extrait|Molasses Extract|3|review
Molasses Extract\Saccharum Officinarum|Molasses Extract|3|review
Molasses Extract/Saccharum Officinarum/Extrait De Melasse|Molasses Extract|3|review
Molasses Extract/Saccharum Officinarum Extrait De Melasse|Molasses Extract|3|review
Monarda Didyma Leaf Extracts|Monarda Didyma Leaf Extract|2|high
Monthol|Menthol|1|review
Montmorillonite Clay|Montmorillonite|4|review
Montmorilonite|Montmorillonite|1|high
Montomorillonite|Montmorillonite|1|high
Moringa Olefera Seed Oil|Moringa Oleifera Seed Oil|1|high
Moringa Olifera Seed Oil|Moringa Oleifera Seed Oil|1|high
Moringa Oleifera Seed Oil*|Moringa Oleifera Seed Oil|5|high
Moringa Pterygosperma Seed Oil|Moringa Oleifera Seed Oil|3|review
Moroccan Camomile Sauvige Oil|Moroccan Camomile Sauvage Oil|1|high
Morus Nigra Root|Morus Nigra Root Extract|2|review
Mother Of Pearl/Mother Of Pearl|Mother Of Pearl|2|high
Myacide Pharma Bp|Bronopol|3|review
Myrciana Duba Fruit Extract|Myrciaria Dubia Fruit Extract|1|high
Myrciaria Dubia *|Myrciaria Dubia|5|high
Myristica Fragrans Kemel Oil|Myristica Fragrans Kernel Oil|1|high
Myristica Fragrans Kernel Oil*|Myristica Fragrans Kernel Oil|5|high
Myristol Pentapeptide-17|Myristoyl Pentapeptide-17|1|high
Myristoyl Pentapeptide 17|Myristoyl Pentapeptide-17|2|high
Myristoyl Nanapeptide-3|Myristoyl Nonapeptide-3|1|high
Myristoyl Pentaspeptide-12|Myristoyl Pentapeptide-12|1|high
Myristyl Lacate|Myristyl Lactate|1|high
Myrsitoyl/Palmitoyl Oxostearamide/Arachamide MEA|Myristoyl/Palmitoyl Oxostearamide/Arachamide MEA|1|high
Myrothamnus Flabellifolia Callus Cultureextract|Myrothamnus Flabellifolia Callus Culture Extract|2|high
Myroxylon Pereir Pereirae Oil|Myroxylon Pereirae Oil|1|review
Myristic A|Myristic Acid|1|review
Myrica Cerifera Fruit Wax Wax|Myrica Cerifera Fruit Wax|2|high
Nacinamide|Niacinamide|1|high
Na Pca|Sodium Pca|3|review
Napca|Sodium Pca|3|review
Naoh|Sodium Hydroxide|3|review
N Acetyl L Cysteine|N-Acetyl-L-Cysteine|2|high
N Hydroxysuccinimide|N-Hydroxysuccinimide|2|high
N-Hydroxysuccinamide|N-Hydroxysuccinimide|1|high
N-Acetyl-D-Glucosamine|N-Acetyl Glucosamine|2|review
Nasturtium Of CINALE Flower/Leaf Extract|Nasturtium Officinale Flower/Leaf Extract|1|high
Nasturtium Officinalis Flower/Leaf Extract|Nasturtium Officinale Flower/Leaf Extract|1|high
Natural Colorants|Natural Colorant|2|high
Natural Colors|Natural Color|2|high
Natural Flavors|Natural Flavor|2|high
Natural Flavour|Natural Flavor|2|high
Natural Fragrances|Natural Fragrance|2|high
Natural Fragrance Oils|Natural Fragrance Oil|2|high
Natural Fragrances Oil|Natural Fragrance Oil|2|high
Natural Aromas|Natural Aroma|2|high
Natural Tocopherols|Natural Tocopherol|2|high
Natural Vitamin E Oil|Natural Vitamin E|4|review
Nelumbium Speciosum Extract / Nelumbium Speciosum Flower Extract|Nelumbium Speciosum Flower Extract|3|review
Nelumbium Speciosum Extract/Nelumbium Speciosum Flower Extract|Nelumbium Speciosum Flower Extract|3|review
Nelumbo Nucifera Leaf Extract*|Nelumbo Nucifera Leaf Extract|5|high
Neohesperidindihydrochalcone|Neohesperidin Dihydrochalcone|2|high
Neop Ntyl Glycol Diheptanoate|Neopentyl Glycol Diheptanoate|1|high
Neopentyl Glycol Dyheptanoate|Neopentyl Glycol Diheptanoate|1|high
Neopentyl Glycol Diactanoate|Neopentyl Glycol Diethylhexanoate|1|review
Neopentyl Glycol Dicaprylate / Dicaprate|Neopentyl Glycol Dicaprylate/Dicaprate|2|high
Neopentylglycol Dicaprylate/Dicaprate|Neopentyl Glycol Dicaprylate/Dicaprate|2|high
Nepeta Cataria Extract*|Nepeta Cataria Extract|5|high
Nepeta Cataria Extract**|Nepeta Cataria Extract|5|high
Neroli Oils|Neroli Oil|2|high
Nettles|Nettle|2|high
Nettle Leaves|Nettle Leaf|2|high
Niacin Amide|Niacinamide|2|high
Niacinamid|Niacinamide|1|high
Niacinamide*|Niacinamide|5|high
Niacinanide|Niacinamide|1|high
Niacinimide|Niacinamide|1|high
Nicotinamide|Niacinamide|3|review
Niacinamide Vitamin B3|Niacinamide|4|review
Nigella Sativa L Seed Oil|Nigella Sativa Seed Oil|1|review
Non-Gmo Xanthan Gum|Non Gmo Xanthan Gum|2|high
Non-Gmo Vitamin E|Non Gmo Vitamin E|2|high
Nonoxynol 10|Nonoxynol-10|2|high
Nonoxynol 9|Nonoxynol-9|2|high
Nonxynol-9|Nonoxynol-9|1|high
Nonfat Dry Milk/Sine Adipe Lac/Poudre De Lait √Âcr√Âm√Â|Nonfat Dry Milk|3|review
Nymphaea Cearulea Flower Extract|Nymphaea Caerulea Flower Extract|1|high
Nymphaea Coerulea Flower Extract|Nymphaea Caerulea Flower Extract|1|review
Nymphea Alba Flower Extract|Nymphaea Alba Flower Extract|1|high
Nymphaea Alba Extract / Nymphaea Alba Flower Extract|Nymphaea Alba Flower Extract|3|review
Nymphaea Alba Extract/Nymphaea Alba Flower Extract|Nymphaea Alba Flower Extract|3|review
Nylon 12|Nylon-12|2|high
Nylon 6|Nylon-6|2|high
Nylon 66|Nylon-66|2|high
Nylon 6/12|Nylon-6/12|2|high
Ocamellia Sinensis Leaf Extract|Camellia Sinensis Leaf Extract|1|review
Ocimum Balsilicum Flower/Leaf Extract|Ocimum Basilicum Flower/Leaf Extract|1|high
Ocimum Basilicum Flower Leaf Extract|Ocimum Basilicum Flower/Leaf Extract|2|high
Ocimum Basilicum Flower/Leaf Extract*|Ocimum Basilicum Flower/Leaf Extract|5|high
Ocimum Basillicum Oil|Ocimum Basilicum Oil|1|high
Ocimum Basilicum Leaf Extract/Ocimum Basilicum Leaf Extract|Ocimum Basilicum Leaf Extract|2|high
Octenidine Hci|Octenidine Hcl|1|high
Octy Palmitate|Octyl Palmitate|1|high
Octyl Methoxycinnamate|Octinoxate|3|review
Octylmethoxycinnamate|Octinoxate|3|review
Octyldocecanol|Octyldodecanol|1|high
Octyldodcanol|Octyldodecanol|1|high
Octadecanoic Acid|Stearic Acid|3|review
Octinoxate 1%|Octinoxate|4|high
Octinoxate 2%|Octinoxate|4|high
Octinoxate 5%|Octinoxate|4|high
Octinoxate 5.5%|Octinoxate|4|high
Octinoxate 5.6%|Octinoxate|4|high
Octinoxate 6%|Octinoxate|4|high
Octinoxate 6.0%|Octinoxate|4|high
Octinoxate 6.6%|Octinoxate|4|high
Octinoxate 6.7%|Octinoxate|4|high
Octinoxate 6.75%|Octinoxate|4|high
Octinoxate 7%|Octinoxate|4|high
Octinoxate 7.1%|Octinoxate|4|high
Octinoxate 7.4%|Octinoxate|4|high
Octinoxate 7.49%|Octinoxate|4|high
Octinoxate 7.5 %|Octinoxate|4|high
Octinoxate 7.5%|Octinoxate|4|high
Octinoxate 7.50%|Octinoxate|4|high
Octinoxate-6 %|Octinoxate|4|high
Octinoxate-6.0 %|Octinoxate|4|high
Octisalate 2%|Octisalate|4|high
Octisalate 2.5%|Octisalate|4|high
Octisalate 3%|Octisalate|4|high
Octisalate 3.2%|Octisalate|4|high
Octisalate 4%|Octisalate|4|high
Octisalate 4.0%|Octisalate|4|high
Octisalate 4.4%|Octisalate|4|high
Octisalate 4.5%|Octisalate|4|high
Octisalate 4.8%|Octisalate|4|high
Octisalate 4.9%|Octisalate|4|high
Octisalate 5%|Octisalate|4|high
Octisalate 5.0%|Octisalate|4|high
Octisalate 5.00%|Octisalate|4|high
Octisalate-5.0 %|Octisalate|4|high
Octocrylene 0.5%|Octocrylene|4|high
Octocrylene 1.7%|Octocrylene|4|high
Octocrylene 1.8%|Octocrylene|4|high
Octocrylene 10%|Octocrylene|4|high
Octocrylene 10.00%|Octocrylene|4|high
Octocrylene 2%|Octocrylene|4|high
Octocrylene 2.0 %|Octocrylene|4|high
Octocrylene 2.0%|Octocrylene|4|high
Octocrylene 2.2%|Octocrylene|4|high
Octocrylene 2.35%|Octocrylene|4|high
Octocrylene 2.5%|Octocrylene|4|high
Octocrylene 2.6%|Octocrylene|4|high
Octocrylene 2.7%|Octocrylene|4|high
Octocrylene 2.70%|Octocrylene|4|high
Octocrylene 3%|Octocrylene|4|high
Octocrylene 3.0%|Octocrylene|4|high
Octocrylene 4.0%|Octocrylene|4|high
Octocrylene 4.5%|Octocrylene|4|high
Octocrylene 5%|Octocrylene|4|high
Octocrylene 5.0%|Octocrylene|4|high
Octocrylene 6%|Octocrylene|4|high
Octocrylene 7%|Octocrylene|4|high
Octocrylene 7.0%|Octocrylene|4|high
Octocrylene 7.20%|Octocrylene|4|high
Octocrylene 7.5%|Octocrylene|4|high
Octocrylene 7.6%|Octocrylene|4|high
Octocrylene 8%|Octocrylene|4|high
Octocrylene 9%|Octocrylene|4|high
Octocrylene 9.0%|Octocrylene|4|high
Octocrylene 9.09%|Octocrylene|4|high
Octocrylene-1.8 %|Octocrylene|4|high
Octocrylene-10.0 %|Octocrylene|4|high
Octorylene 8.0%|Octocrylene|4|high
Octoxynol|Octoxynol-9|2|review
Odopropynyl Butylcarbamate|Iodopropynyl Butylcarbamate|1|high
Ogliopeptide-1|Oligopeptide-1|1|review
Ogliopeptide-2|Oligopeptide-2|1|review
Ogliopeptide-3|Oligopeptide-3|1|review
Olea Euopaea|Olea Europaea|1|high
Olea Europa|Olea Europaea|1|high
Olea Europa Leaf Extract|Olea Europaea Leaf Extract|1|high
Olea Europaea Fruit Extract*|Olea Europaea Fruit Extract|5|high
Olea Europaea Fruitoil|Olea Europaea Fruit Oil|2|high
Olea Europaea Frut Oil|Olea Europaea Fruit Oil|1|high
Olea Europaea Fruit Oil*|Olea Europaea Fruit Oil|5|high
Olea Europaea Fruit Oil / Olive Fruit Oil|Olea Europaea Fruit Oil|3|review
Olea Europaea Fruit Oil/Olive Fruit Oil|Olea Europaea Fruit Oil|3|review
Olea Europaea Fruit Oil/0Live Fruit Oil|Olea Europaea Fruit Oil|3|review
Olea Europaea Fruit Oil/Olea Europaea Fruit Oil|Olea Europaea Fruit Oil|2|high
Olea Europaea / Olive Fruit Oil|Olea Europaea Fruit Oil|3|review
Oenothera Biennis Oils|Oenothera Biennis Oil|2|high
Oenothera Biennis Oil*|Oenothera Biennis Oil|5|high
Oenotherus Biennis Oil|Oenothera Biennis Oil|1|high
Oenothera Biennis *|Oenothera Biennis|5|high
Oenothera Biennis Oil / Evening Primrose Oil|Oenothera Biennis Oil|3|review
Oenothera Biennis Oil/Evening Primrose Oil|Oenothera Biennis Oil|3|review
Olea Europaea Oil"|Olea Europaea Oil|5|high
Olea Europaea Oil*|Olea Europaea Oil|5|high
Olea Europea Oil|Olea Europaea Oil|1|high
Olea Europaea Oil/Olive Fruit Oil|Olea Europaea Oil|3|review
Olea Europea Fruit Oil|Olea Europaea Fruit Oil|1|high
Olea Europea Fruit Oil*|Olea Europaea Fruit Oil|1|high
Olea Eurpaea Fruit Oil|Olea Europaea Fruit Oil|1|high
Oleo Europaea Fruit Oil|Olea Europaea Fruit Oil|1|high
Olea Europea Husk Oil|Olea Europaea Husk Oil|1|high
Olea Europea Leaf Extract|Olea Europaea Leaf Extract|1|high
Olea Europea Oil Unsaponifiables|Olea Europaea Oil Unsaponifiables|1|high
Olea Europaea Oil Unsaponifiables/Olea Europaea Oil Unsaponifiables|Olea Europaea Oil Unsaponifiables|2|high
Olea Europaea Oil Unsaponifiables / Olive Oil Unsaponifiables|Olea Europaea Oil Unsaponifiables|3|review
Oleth 10|Oleth-10|2|high
Oleth 20|Oleth-20|2|high
Oligopeptid|Oligopeptide|1|high
Oligo-Peptide-1|Oligopeptide-1|2|high
Olive Oils|Olive Oil|2|high
Olive Oil*|Olive Oil|5|high
Olive Fruit Oil*|Olive Fruit Oil|5|high
Olive Oil Decylesters|Olive Oil Decyl Esters|2|high
Olive Oil Glycereth 8 Esters|Olive Oil Glycereth-8 Esters|2|high
Olive Oil PEG 7 Esters|Olive Oil PEG-7 Esters|2|high
Olus Oit/Vegetable Oil / Huile Vegetale|Olus Oil/Vegetable Oil|3|review
Olus Vegetable Oil|Olus Oil/Vegetable Oil|2|review
Olus/Vegetable Oil/Huile V√©G√©Tale*|Olus/Vegetable Oil/Huile V√©G√©Tale|5|high
Onoins Spinosa Root Extract|Ononis Spinosa Root Extract|1|high
Ophiopogon Japonicas Root Extract|Ophiopogon Japonicus Root Extract|1|high
Opopanax Oil|Opoponax Oil|1|high
Opunita Coccenellefera Fruit Extract|Opuntia Coccinellifera Fruit Extract|1|high
Opuntia Ficus-Lndica Extract|Opuntia Ficus-Indica Extract|1|high
Opuntia Ficus Indica Extract|Opuntia Ficus-Indica Extract|2|high
Opuntia Ficus Indica Seed Oil|Opuntia Ficus-Indica Seed Oil|2|high
Opuntia Ficus Indica Flower Extract|Opuntia Ficus-Indica Flower Extract|2|high
Opuntia Ficus Indica|Opuntia Ficus-Indica|2|high
Orange 5 CI 45370|Orange 5|2|review
Orbignya Oleifera Oil / Orbignya Oleifera Seed Oil|Orbignya Oleifera Seed Oil|3|review
Orchis Mascula Flower Exract|Orchis Mascula Flower Extract|1|high
Organic Achillea Millefolium|Achillea Millefolium|4|review
Organic Adansonia Digitata Seed Oil|Adansonia Digitata Seed Oil|4|review
Organic Agania Spinosa Oil|Argania Spinosa Oil|4|review
Organic Agave Nectar|Agave Nectar|4|review
Organic Agave Syrup|Agave Syrup|4|review
Organic Alcohol|Alcohol|4|review
Organic Alcohol Denat|Alcohol Denat|4|review
Organic Algae Extract|Algae Extract|4|review
Organic Almond Oil|Almond Oil|4|review
Organic Aloe|Aloe|4|review
Organic Aloe Barbadensis|Aloe Barbadensis|4|review
Organic Aloe Barbadensis Extract|Aloe Barbadensis Extract|4|review
Organic Aloe Barbadensis Extract*|Aloe Barbadensis Extract|4|review
Organic Aloe Barbadensis Gel|Aloe Barbadensis Gel|4|review
Organic Aloe Barbadensis Gel Extract|Aloe Barbadensis Gel Extract|4|review
Organic Aloe Barbadensis Juice|Aloe Barbadensis Juice|4|review
Organic Aloe Barbadensis Leaf|Aloe Barbadensis Leaf|4|review
Organic Aloe Barbadensis Leaf Extract|Aloe Barbadensis Leaf Extract|4|review
Organic Aloe Barbadensis Leaf Juice|Aloe Barbadensis Leaf Juice|4|review
Organic Aloe Barbadensis Leaf Juice Extract|Aloe Barbadensis Leaf Juice Extract|4|review
Organic Aloe Barbadensis Leaf Juice Powder|Aloe Barbadensis Leaf Juice Powder|4|review
Organic Aloe Barbadensis Leaf Oil|Aloe Barbadensis Leaf Oil|4|review
Organic Aloe Barbadensis Powder|Aloe Barbadensis Powder|4|review
Organic Aloe Leaf Extract|Aloe Leaf Extract|4|review
Organic Aloe Leaf Juice|Aloe Leaf Juice|4|review
Organic Aloe Vera|Aloe Vera|4|review
Organic Aloe Vera Extract|Aloe Vera Extract|4|review
Organic Aloe Vera Gel|Aloe Vera Gel|4|review
Organic Aloe Vera Juice|Aloe Vera Juice|4|review
Organic Aloe Vera Juice Concentrate|Aloe Vera Juice Concentrate|4|review
Organic Aloe Vera Leaf Extract|Aloe Vera Leaf Extract|4|review
Organic Aloe Vera Leaf Juice|Aloe Vera Leaf Juice|4|review
Organic Althaea Officinalis Extract|Althaea Officinalis Extract|4|review
Organic Amorphophallus Konjac Root Powder|Amorphophallus Konjac Root Powder|4|review
Organic Ananas Sativus Extract|Ananas Sativus Extract|4|review
Organic Ananas Sativus Fruit Extract|Ananas Sativus Fruit Extract|4|review
Organic Anthemis Nobilis Flower Extract|Anthemis Nobilis Flower Extract|4|review
Organic Aphanizomenon Flos Aquae Extract|Aphanizomenon Flos-Aquae Extract|4|review
Organic Apple CIDER Vinegar|Apple CIDER Vinegar|4|review
Organic Apricot Kernel Oil|Apricot Kernel Oil|4|review
Organic Arctium Lappa|Arctium Lappa|4|review
Organic Arctium Lappa Root Extract|Arctium Lappa Root Extract|4|review
Organic Arctostaphylos Uva-Ursi Extract|Arctostaphylos Uva-Ursi Extract|4|review
Organic Argan Oil|Argan Oil|4|review
Organic Argania Spinosa Kernal Oil|Argania Spinosa Kernel Oil|4|review
Organic Argania Spinosa Kernel Oil|Argania Spinosa Kernel Oil|4|review
Organic Argania Spinosa Kernel Oil**|Argania Spinosa Kernel Oil|4|review
Organic Argania Spinosa Nut Oil|Argania Spinosa Nut Oil|4|review
Organic Argania Spinosa Oil|Argania Spinosa Oil|4|review
Organic Arnica|Arnica|4|review
Organic Arnica Extract|Arnica Extract|4|review
Organic Arnica Montana Extract|Arnica Montana Extract|4|review
Organic Arnica Montana Flower Extract|Arnica Montana Flower Extract|4|review
Organic Arnica Oil|Arnica Oil|4|review
Organic Arrowroot|Arrowroot|4|review
Organic Arrowroot Powder|Arrowroot Powder|4|review
Organic Aspalathus Linearis Extract|Aspalathus Linearis Extract|4|review
Organic Avena Sativa|Avena Sativa|4|review
Organic Avena Sativa Kernel Powder|Avena Sativa Kernel Powder|4|review
Organic Avena Sativa Straw Extract|Avena Sativa Straw Extract|4|review
Organic Avocado Butter|Avocado Butter|4|review
Organic Avocado Oil|Avocado Oil|4|review
Organic Azadirachta Indica Leaf Powder|Azadirachta Indica Leaf Powder|4|review
Organic Azadirachta Indica Seed Oil|Azadirachta Indica Seed Oil|4|review
Organic Babassu Oil|Babassu Oil|4|review
Organic Baobab Oil|Baobab Oil|4|review
Organic Basil Essential Oil|Basil Essential Oil|4|review
Organic Bearberry|Bearberry|4|review
Organic Beeswax|Beeswax|4|review
Organic Bergamot|Bergamot|4|review
Organic Bergamot Essential Oil|Bergamot Essential Oil|4|review
Organic Bergamot Oil|Bergamot Oil|4|review
Organic Bilberry Fruit Extract|Bilberry Fruit Extract|4|review
Organic Black Seed Oil|Black Seed Oil|4|review
Organic Blackberry|Blackberry|4|review
Organic Blood Orange Essential Oil|Blood Orange Essential Oil|4|review
Organic Blueberry|Blueberry|4|review
Organic Borage Seed Oil|Borage Seed Oil|4|review
Organic Borago Officinalis Oil|Borago Officinalis Oil|4|review
Organic Borago Officinalis Seed Oil|Borago Officinalis Seed Oil|4|review
Organic Brassica Oleracea Italica Seed Oil|Brassica Oleracea Italica Seed Oil|4|review
Organic Bulgarian Rose Oil|Bulgarian Rose Oil|4|review
Organic Butyrospermum Parkii|Butyrospermum Parkii|4|review
Organic Butyrospermum Parkii Butter|Butyrospermum Parkii Butter|4|review
Organic Butyrospermum Parkii Butter Extract|Butyrospermum Parkii Butter Extract|4|review
Organic Butyrospermum Parkii Butter**|Butyrospermum Parkii Butter|4|review
Organic Butyrospermum Parkii Fruit|Butyrospermum Parkii Fruit|4|review
Organic Calendula|Calendula|4|review
Organic Calendula Extract|Calendula Extract|4|review
Organic Calendula Flower Extract|Calendula Flower Extract|4|review
Organic Calendula Flowers|Calendula Flower|4|review
Organic Calendula Officinalis|Calendula Officinalis|4|review
Organic Calendula Officinalis Extract|Calendula Officinalis Extract|4|review
Organic Calendula Officinalis Flower Extract|Calendula Officinalis Flower Extract|4|review
Organic Calendula Officinalis Flower Extract*|Calendula Officinalis Flower Extract|4|review
Organic Calendula Officinalis Flower Oil|Calendula Officinalis Flower Oil|4|review
Organic Calendula Oil|Calendula Oil|4|review
Organic Camelia Sinensis Extract|Camellia Sinensis Extract|4|review
Organic Camelia Sinensis Leaf Extract|Camellia Sinensis Leaf Extract|4|review
Organic Camellia Japonica Seed Oil|Camellia Japonica Seed Oil|4|review
Organic Camellia Oleifera Leaf Extract|Camellia Oleifera Leaf Extract|4|review
Organic Camellia Oleifera Oil|Camellia Oleifera Oil|4|review
Organic Camellia Sinensis|Camellia Sinensis|4|review
Organic Camellia Sinensis Extract|Camellia Sinensis Extract|4|review
Organic Camellia Sinensis Leaf Extract|Camellia Sinensis Leaf Extract|4|review
Organic Camellia Sinensis Oil|Camellia Sinensis Oil|4|review
Organic Camellia Sinensis Powder|Camellia Sinensis Powder|4|review
Organic Camellia Sinensis Seed Oil|Camellia Sinensis Seed Oil|4|review
Organic Cane Alcohol|Cane Alcohol|4|review
Organic Cane Sugar|Cane Sugar|4|review
Organic Cannabis Sativa Oil|Cannabis Sativa Oil|4|review
Organic Cannabis Sativa Seed Oil|Cannabis Sativa Seed Oil|4|review
Organic Canola Oil|Canola Oil|4|review
Organic Caprylic/Capric Triglyceride|Caprylic/Capric Triglyceride|4|review
Organic Carnauba Wax|Carnauba Wax|4|review
Organic Carrot Seed Oil|Carrot Seed Oil|4|review
Organic Carthamus Tinctorius Oil|Carthamus Tinctorius Oil|4|review
Organic Carthamus Tinctorius Seed|Carthamus Tinctorius Seed|4|review
Organic Carthamus Tinctorius Seed Oil|Carthamus Tinctorius Seed Oil|4|review
Organic Castile Soap|Castile Soap|4|review
Organic Castor|Castor|4|review
Organic Castor Oil|Castor Oil|4|review
Organic Castor Seed Oil|Castor Seed Oil|4|review
Organic Cedar Oil|Cedar Oil|4|review
Organic Cedarwood Oil|Cedarwood Oil|4|review
Organic Centella Asiatica|Centella Asiatica|4|review
Organic Centella Asiatica Extract|Centella Asiatica Extract|4|review
Organic Cera Alba|Cera Alba|4|review
Organic Cera Alba **|Cera Alba|4|review
Organic Cera Flava|Cera Flava|4|review
Organic Cetearyl Olivate|Cetearyl Olivate|4|review
Organic Chamomile|Chamomile|4|review
Organic Chamomile Essential Oil|Chamomile Essential Oil|4|review
Organic Chamomile Extract|Chamomile Extract|4|review
Organic Chamomile Flower Extract|Chamomile Flower Extract|4|review
Organic Chamomile Oil|Chamomile Oil|4|review
Organic Chamomile TEA|Chamomile TEA|4|review
Organic Chamomilla Recutita Flower|Chamomilla Recutita Flower|4|review
Organic Chamomilla Recutita Flower Extract|Chamomilla Recutita Flower Extract|4|review
Organic Chamomilla Recutita Flower Extract*|Chamomilla Recutita Flower Extract|4|review
Organic Chamomilla Recutita Flower Oil*|Chamomilla Recutita Flower Oil|4|review
Organic Chia Seed Oil|Chia Seed Oil|4|review
Organic Chlorella Extract|Chlorella Extract|4|review
Organic Chlorella Pyrenoidosa Extract|Chlorella Pyrenoidosa Extract|4|review
Organic CINNAMON Oil|CINNAMON Oil|4|review
Organic CITRUS Aurantifolia Oil|CITRUS Aurantifolia Oil|4|review
Organic CITRUS Aurantium Dulcis Fruit Peel Oil|CITRUS Aurantium Dulcis Fruit Peel Oil|4|review
Organic CITRUS Aurantium Dulcis Oil|CITRUS Aurantium Dulcis Oil|4|review
Organic CITRUS Aurantium Dulcis Peel Oil|CITRUS Aurantium Dulcis Peel Oil|4|review
Organic CITRUS Aurantium Extract|CITRUS Aurantium Extract|4|review
Organic CITRUS Extract|CITRUS Extract|4|review
Organic CITRUS Grandis Extract|CITRUS Grandis Extract|4|review
Organic CITRUS Grandis Peel Oil|CITRUS Grandis Peel Oil|4|review
Organic CITRUS Medica Limonum Oil|CITRUS Medica Limonum Oil|4|review
Organic CITRUS Reticulata Extract|CITRUS Reticulata Extract|4|review
Organic CITRUS Sinensis|CITRUS Sinensis|4|review
Organic CITRUS Sinensis Essential Oil|CITRUS Sinensis Essential Oil|4|review
Organic CITRUS Sinensis Oil|CITRUS Sinensis Oil|4|review
Organic CITRUS Sinensis Peel Oil|CITRUS Sinensis Peel Oil|4|review
Organic Clary Sage Essential Oil|Clary Sage Essential Oil|4|review
Organic Clay|Clay|4|review
Organic Clove Bud Oil|Clove Bud Oil|4|review
Organic Clove Essential Oil|Clove Essential Oil|4|review
Organic Clove Oil|Clove Oil|4|review
Organic Coco Nucifera Oil|Cocos Nucifera Oil|4|review
Organic Cocoa Butter|Cocoa Butter|4|review
Organic Coconut|Coconut|4|review
Organic Coconut Flavor|Coconut Flavor|4|review
Organic Coconut Oil|Coconut Oil|4|review
Organic Cocos Nucifera|Cocos Nucifera|4|review
Organic Cocos Nucifera Extract|Cocos Nucifera Extract|4|review
Organic Cocos Nucifera Fruit Oil|Cocos Nucifera Fruit Oil|4|review
Organic Cocos Nucifera Oil|Cocos Nucifera Oil|4|review
Organic Cocos Nucifera Oil*|Cocos Nucifera Oil|4|review
Organic Cocos Nucifera Water|Cocos Nucifera Water|4|review
Organic Coffea Arabica Powder|Coffea Arabica Powder|4|review
Organic Cold Pressed Argan Oil|Cold Pressed Argan Oil|4|review
Organic Comfrey|Comfrey|4|review
Organic Copernicia Cerifera|Copernicia Cerifera|4|review
Organic Cornstarch|Corn Starch|4|review
Organic Cranberry|Cranberry|4|review
Organic Cranberry Extract|Cranberry Extract|4|review
Organic Cranberry Fruit Extract|Cranberry Fruit Extract|4|review
Organic Cranberry Seed Oil|Cranberry Seed Oil|4|review
Organic Cucumber Hydrosol|Cucumber Hydrosol|4|review
Organic Cucumis Sativus Distillate|Cucumis Sativus Distillate|4|review
Organic Cucumis Sativus Extract|Cucumis Sativus Extract|4|review
Organic Cucumis Sativus Fruit Extract|Cucumis Sativus Fruit Extract|4|review
Organic Cucumis Sativus Seed Oil|Cucumis Sativus Seed Oil|4|review
Organic Cucurbita Pepo Seed Oil|Cucurbita Pepo Seed Oil|4|review
Organic Curcuma Longa|Curcuma Longa|4|review
Organic Curcuma Longa Root Extract|Curcuma Longa Root Extract|4|review
Organic Curcuma Longa Root Powder|Curcuma Longa Root Powder|4|review
Organic Cyamopsis Tetragonoloba Gum|Cyamopsis Tetragonoloba Gum|4|review
Organic Cymbopogon Flexuosus Oil|Cymbopogon Flexuosus Oil|4|review
Organic Cymbopogon Martini Oil|Cymbopogon Martini Oil|4|review
Organic Dandelion|Dandelion|4|review
Organic Dandelion Extract|Dandelion Extract|4|review
Organic Dandelion Root Extract|Dandelion Root Extract|4|review
Organic Deionized Herbal Infusion|Deionized Herbal Infusion|4|review
Organic Elaeis Guineensis Oil|Elaeis Guineensis Oil|4|review
Organic Elderberry Fruit Extract|Elderberry Fruit Extract|4|review
Organic Emulsifying Wax Nf|Emulsifying Wax|4|review
Organic Equisetum Arvense Extract|Equisetum Arvense Extract|4|review
Organic Equisetum Arvense Leaf Extract|Equisetum Arvense Leaf Extract|4|review
Organic Essential Oil|Essential Oil|4|review
Organic Essential Oil Blend|Essential Oil Blend|4|review
Organic Essential Oils|Essential Oils|4|review
Organic Ethanol|Ethanol|4|review
Organic Ethyl Alcohol|Ethyl Alcohol|4|review
Organic Eucalyptus|Eucalyptus|4|review
Organic Eucalyptus Essential Oil|Eucalyptus Essential Oil|4|review
Organic Eucalyptus Globulus Leaf Oil|Eucalyptus Globulus Leaf Oil|4|review
Organic Eucalyptus Oil|Eucalyptus Oil|4|review
Organic Euterpe Oleracea Berry|Euterpe Oleracea Berry|4|review
Organic Euterpe Oleracea Extract|Euterpe Oleracea Extract|4|review
Organic Euterpe Oleracea Fruit Extract|Euterpe Oleracea Fruit Extract|4|review
Organic Euterpe Oleracea Fruit Oil|Euterpe Oleracea Fruit Oil|4|review
Organic Euterpe Oleracea Oil|Euterpe Oleracea Oil|4|review
Organic Evening Primrose Oil|Evening Primrose Oil|4|review
Organic Extra Virgin Coconut Oil|Extra Virgin Coconut Oil|4|review
Organic Extra Virgin Olea Europaea Fruit Oil|Extra Virgin Olea Europaea Fruit Oil|4|review
Organic Extra Virgin Olea Europaea Oil|Extra Virgin Olea Europaea Oil|4|review
Organic Extra Virgin Olive Oil|Extra Virgin Olive Oil|4|review
Organic Fair Trade Cocoa Butter|Fair Trade Cocoa Butter|4|review
Organic Fair Trade Shea Butter|Fair Trade Shea Butter|4|review
Organic Flavor|Flavor|4|review
Organic Flavors|Flavors|4|review
Organic Flavours|Flavors|4|review
Organic Flaxseed|Flaxseed|4|review
Organic Fractionated Coconut Oil|Fractionated Coconut Oil|4|review
Organic Fragrance|Fragrance|4|review
Organic Fragrance*|Fragrance|4|review
Organic Frangipani Extract|Frangipani Extract|4|review
Organic Frankincense Essential Oil|Frankincense Essential Oil|4|review
Organic Frankincense Oil|Frankincense Oil|4|review
Organic Fucus Vesiculosus|Fucus Vesiculosus|4|review
Organic Geranium Essential Oil|Geranium Essential Oil|4|review
Organic Geranium Flower Oil|Geranium Flower Oil|4|review
Organic Geranium Oil|Geranium Oil|4|review
Organic Ginger Extract|Ginger Extract|4|review
Organic Glycerin|Glycerin|4|review
Organic Glycerine|Glycerin|4|review
Organic Glycyrrhiza Glabra Root Extract|Glycyrrhiza Glabra Root Extract|4|review
Organic Goat Milk|Goat Milk|4|review
Organic Goldenseal|Goldenseal|4|review
Organic Gotu Kola|Gotu Kola|4|review
Organic Gotu Kola Extract|Gotu Kola Extract|4|review
Organic Grape Seed Oil|Grape Seed Oil|4|review
Organic Grapefruit Essential Oil|Grapefruit Essential Oil|4|review
Organic Grapefruit Oil|Grapefruit Oil|4|review
Organic Grapeseed Oil|Grapeseed Oil|4|review
Organic Green TEA|Green TEA|4|review
Organic Green TEA Extract|Green TEA Extract|4|review
Organic Green TEA Leaf Extract|Green TEA Leaf Extract|4|review
Organic Guar Gum|Guar Gum|4|review
Organic Hamamelis Virginiana|Hamamelis Virginiana|4|review
Organic Hamamelis Virginiana Distillate|Hamamelis Virginiana Distillate|4|review
Organic Hamamelis Virginiana Extract|Hamamelis Virginiana Extract|4|review
Organic Hamamelis Virginiana Water|Hamamelis Virginiana Water|4|review
Organic Helianthus Annuus|Helianthus Annuus|4|review
Organic Helianthus Annuus Oil|Helianthus Annuus Oil|4|review
Organic Helianthus Annuus Seed Oil|Helianthus Annuus Seed Oil|4|review
Organic Helichrysum Stoechas Extract|Helichrysum Stoechas Extract|4|review
Organic Hemp Oil|Hemp Oil|4|review
Organic Hemp Seed Oil|Hemp Seed Oil|4|review
Organic Herbal Infusion|Herbal Infusion|4|review
Organic Herbs|Herbs|4|review
Organic Hibiscus Extract|Hibiscus Extract|4|review
Organic Hibiscus Flower Extract|Hibiscus Flower Extract|4|review
Organic Hibiscus Sabdariffa Flower Extract|Hibiscus Sabdariffa Flower Extract|4|review
Organic High Oleic Expeller Pressed Sunflower Seed Oil|High Oleic Expeller Pressed Sunflower Seed Oil|4|review
Organic Hippophae Rhamnoides Fruit Oil|Hippophae Rhamnoides Fruit Oil|4|review
Organic Hippophae Rhamnoides Kernel Extract|Hippophae Rhamnoides Kernel Extract|4|review
Organic Hippophae Rhamnoides Oil|Hippophae Rhamnoides Oil|4|review
Organic Honey|Honey|4|review
Organic Honey Flavor|Honey Flavor|4|review
Organic Honey Powder|Honey Powder|4|review
Organic Horsetail Extract|Horsetail Extract|4|review
Organic Hypericum Perforatum|Hypericum Perforatum|4|review
Organic Illipe Butter|Illipe Butter|4|review
Organic Ipomoea Batatas Root Extract|Ipomoea Batatas Root Extract|4|review
Organic Jasmine Oil|Jasmine Oil|4|review
Organic Jojoba Oil|Jojoba Oil|4|review
Organic Jojoba Seed Oil|Jojoba Seed Oil|4|review
Organic Kale Extract|Kale Extract|4|review
Organic Kelp Powder|Kelp Powder|4|review
Organic Kisolite¬Æ Bmp-Biogenic Mineral Powder|Kisolite¬Æ Bmp-Biogenic Mineral Powder|4|review
Organic Kokum Butter|Kokum Butter|4|review
Organic Laminaria Digitata Extract|Laminaria Digitata Extract|4|review
Organic Laminaria Digitata Powder|Laminaria Digitata Powder|4|review
Organic Lavandin|Lavandin|4|review
Organic Lavandin Oil|Lavandin Oil|4|review
Organic Lavandula Angustifolia|Lavandula Angustifolia|4|review
Organic Lavandula Angustifolia Flower Extract|Lavandula Angustifolia Flower Extract|4|review
Organic Lavandula Angustifolia Oil|Lavandula Angustifolia Oil|4|review
Organic Lavandula Hybrida Oil|Lavandula Hybrida Oil|4|review
Organic Lavender|Lavender|4|review
Organic Lavender Essential Oil|Lavender Essential Oil|4|review
Organic Lavender Essential Oils|Lavender Essential Oil|4|review
Organic Lavender Extract|Lavender Extract|4|review
Organic Lavender Flower|Lavender Flower|4|review
Organic Lavender Flower Oil|Lavender Flower Oil|4|review
Organic Lavender Flower Water|Lavender Flower Water|4|review
Organic Lavender Oil|Lavender Oil|4|review
Organic Lavender Water|Lavender Water|4|review
Organic Lecithin|Lecithin|4|review
Organic Lemon|Lemon|4|review
Organic Lemon Balm|Lemon Balm|4|review
Organic Lemon Balm Leaf Extract|Lemon Balm Leaf Extract|4|review
Organic Lemon Essential Oil|Lemon Essential Oil|4|review
Organic Lemon Extract|Lemon Extract|4|review
Organic Lemon Juice|Lemon Juice|4|review
Organic Lemon Oil|Lemon Oil|4|review
Organic Lemon Peel Extract|Lemon Peel Extract|4|review
Organic Lemon Peel Oil|Lemon Peel Oil|4|review
Organic Lemongrass|Lemongrass|4|review
Organic Lemongrass Oil|Lemongrass Oil|4|review
Organic Lentinus Edodes Extract|Lentinus Edodes Extract|4|review
Organic Licorice|Licorice|4|review
Organic Licorice Root|Licorice Root|4|review
Organic Licorice Root Extract|Licorice Root Extract|4|review
Organic Lime Essential Oil|Lime Essential Oil|4|review
Organic Lime Oil|Lime Oil|4|review
Organic Lonicera Japonica Extract|Lonicera Japonica Extract|4|review
Organic Lonicera Japonica Flower Extract|Lonicera Japonica Flower Extract|4|review
Organic Lycium Barbarum Extract|Lycium Barbarum Extract|4|review
Organic Lycium Barbarum Fruit Extract|Lycium Barbarum Fruit Extract|4|review
Organic Macadamia Nut Oil|Macadamia Ternifolia Seed Oil|4|review
Organic Macadamia Oil|Macadamia Oil|4|review
Organic Macadamia Ternifolia Seed Oil|Macadamia Ternifolia Seed Oil|4|review
Organic Macrocystis Pyrifera Extract|Macrocystis Pyrifera Extract|4|review
Organic Malpighia Glabra Extract|Malpighia Glabra Extract|4|review
Organic Mandarin Essential Oil|Mandarin Essential Oil|4|review
Organic Mandarin Oil|Mandarin Oil|4|review
Organic Mango Butter|Mango Butter|4|review
Organic Manuka Honey|Manuka Honey|4|review
Organic Marula Oil|Marula Oil|4|review
Organic Matricaria Flower Extract|Matricaria Flower Extract|4|review
Organic Matricaria Recutita|Matricaria Recutita|4|review
Organic Matricaria Recutita Flower Extract|Matricaria Recutita Flower Extract|4|review
Organic Mel|Mel|4|review
Organic Melaleuca Alternifolia Leaf Oil|Melaleuca Alternifolia Leaf Oil|4|review
Organic Melaleuca Alternifolia Oil|Melaleuca Alternifolia Oil|4|review
Organic Melissa Officinalis Leaf Extract|Melissa Officinalis Leaf Extract|4|review
Organic Mentha Piperita Oil|Mentha Piperita Oil|4|review
Organic Menthol|Menthol|4|review
Organic Menthol Crystals|Menthol Crystals|4|review
Organic Milk Powder|Milk Powder|4|review
Organic Mint|Mint|4|review
Organic Mongongo Oil|Mongongo Oil|4|review
Organic Moringa Oil|Moringa Oil|4|review
Organic Moringa Oleifera Seed Oil|Moringa Oleifera Seed Oil|4|review
Organic Moroccan Rose Water|Moroccan Rose Water|4|review
Organic Msm|Msm|4|review
Organic Nasturtium Officinale Extract|Nasturtium Officinale Extract|4|review
Organic Natural Vitamin E Oil|Natural Vitamin E|4|review
Organic Neem Leaf|Neem Leaf|4|review
Organic Neem Oil|Neem Oil|4|review
Organic Neem Seed Oil|Neem Seed Oil|4|review
Organic Neroli Flower Oil|Neroli Flower Oil|4|review
Organic Neroli Oil|Neroli Oil|4|review
Organic Nettle Extract|Nettle Extract|4|review
Organic Nettle Leaf Extract|Nettle Leaf Extract|4|review
Organic Oat Extract|Oat Extract|4|review
Organic Oat Powder|Oat Powder|4|review
Organic Oats|Oats|4|review
Organic Oenothera Biennis Oil|Oenothera Biennis Oil|4|review
Organic Olea Europaea|Olea Europaea|4|review
Organic Olea Europaea Fruit|Olea Europaea Fruit|4|review
Organic Olea Europaea Fruit Oil|Olea Europaea Fruit Oil|4|review
Organic Olea Europaea Fruit Oil*|Olea Europaea Fruit Oil|4|review
Organic Olea Europaea Leaf Extract|Olea Europaea Leaf Extract|4|review
Organic Olea Europaea Oil|Olea Europaea Oil|4|review
Organic Olive Fruit Oil|Olive Fruit Oil|4|review
Organic Olive Leaf Extract|Olive Leaf Extract|4|review
Organic Olive Oil|Olive Oil|4|review
Organic Olive Oil*|Olive Oil|4|review
Organic Orange|Orange|4|review
Organic Orange Essential Oil|Orange Essential Oil|4|review
Organic Orange Fruit Extract|Orange Fruit Extract|4|review
Organic Orange Oil|Orange Oil|4|review
Organic Orange Peel Extract|Orange Peel Extract|4|review
Organic Oryza Sativa Bran|Oryza Sativa Bran|4|review
Organic Oryza Sativa Bran Extract|Oryza Sativa Bran Extract|4|review
Organic Oryza Sativa Extract|Oryza Sativa Extract|4|review
Organic Palm|Palm|4|review
Organic Palm Kernel Oil|Palm Kernel Oil|4|review
Organic Palm Oil|Palm Oil|4|review
Organic Palmarosa Essential Oil|Palmarosa Essential Oil|4|review
Organic Palmarosa Oil|Palmarosa Oil|4|review
Organic Panax Ginseng Root Extract|Panax Ginseng Root Extract|4|review
Organic Passiflora Incarnata|Passiflora Incarnata|4|review
Organic Passiflora Incarnata Extract|Passiflora Incarnata Extract|4|review
Organic Patchouli Essential Oil|Patchouli Essential Oil|4|review
Organic Patchouli Essential Oils|Patchouli Essential Oil|4|review
Organic Peach|Peach|4|review
Organic Peppermint Essential Oil|Peppermint Essential Oil|4|review
Organic Peppermint Oil|Peppermint Oil|4|review
Organic Persea Americana Oil|Persea Gratissima Oil|4|review
Organic Persea Gratissima Butter|Persea Gratissima Butter|4|review
Organic Persea Gratissima Oil|Persea Gratissima Oil|4|review
Organic Persea Gratissima Oil*|Persea Gratissima Oil|4|review
Organic Pineapple Flavor|Pineapple Flavor|4|review
Organic Pink Grapefruit Oil|Pink Grapefruit Oil|4|review
Organic Plantago Major|Plantago Major|4|review
Organic Plantain|Plantain|4|review
Organic Plantain Oil|Plantain Oil|4|review
Organic Plantain*|Plantain|4|review
Organic Plukenetia Volubilis Seed Oil|Plukenetia Volubilis Seed Oil|4|review
Organic Plum Kernel Oil|Plum Kernel Oil|4|review
Organic Pogostemon Cablin Oil|Pogostemon Cablin Oil|4|review
Organic Pomegranate|Pomegranate|4|review
Organic Pomegranate Extract|Pomegranate Extract|4|review
Organic Potassium Cocoate|Potassium Cocoate|4|review
Organic Potassium Olivate|Potassium Olivate|4|review
Organic Primrose Oil|Primrose Oil|4|review
Organic Prunus Amygdalus Dulcis Oil|Prunus Amygdalus Dulcis Oil|4|review
Organic Prunus Armeniaca Kernel Oil|Prunus Armeniaca Kernel Oil|4|review
Organic Prunus Domestica Seed Oil|Prunus Domestica Seed Oil|4|review
Organic Pulsatilla Koreana Extract|Pulsatilla Koreana Extract|4|review
Organic Pumpkin Seed Oil|Pumpkin Seed Oil|4|review
Organic Punica Granatum|Punica Granatum|4|review
Organic Punica Granatum Extract|Punica Granatum Extract|4|review
Organic Punica Granatum Oil|Punica Granatum Oil|4|review
Organic Punica Granatum Seed Oil|Punica Granatum Seed Oil|4|review
Organic Quillaja Saponaria Extract|Quillaja Saponaria Extract|4|review
Organic Raspberry|Raspberry|4|review
Organic Raspberry Seed Oil|Raspberry Seed Oil|4|review
Organic Raw Honey|Raw Honey|4|review
Organic Raw Shea Butter|Raw Shea Butter|4|review
Organic Red Palm Oil|Red Palm Oil|4|review
Organic Refined Coconut Oil|Refined Coconut Oil|4|review
Organic Rhodiola Rosea Root Extract|Rhodiola Rosea Root Extract|4|review
Organic Rice Bran Oil|Rice Bran Oil|4|review
Organic Rice Ferment Filtrate|Rice Ferment Filtrate|4|review
Organic Ricinus Communis Oil|Ricinus Communis Oil|4|review
Organic Ricinus Communis Seed Oil|Ricinus Communis Seed Oil|4|review
Organic Rooibos Extract|Rooibos Extract|4|review
Organic Rooibos Leaf Extract|Rooibos Leaf Extract|4|review
Organic Rosa Canina Fruit Extract|Rosa Canina Fruit Extract|4|review
Organic Rosa Canina Fruit Oil|Rosa Canina Fruit Oil|4|review
Organic Rosa Canina Oil|Rosa Canina Oil|4|review
Organic Rosa Canina Seed Extract|Rosa Canina Seed Extract|4|review
Organic Rosa Canina Seed Oil|Rosa Canina Seed Oil|4|review
Organic Rosa Centifolia Flower Water|Rosa Centifolia Flower Water|4|review
Organic Rosa Damascena Extract|Rosa Damascena Extract|4|review
Organic Rosa Damascena Flower Distillate|Rosa Damascena Flower Distillate|4|review
Organic Rosa Damascena Flower Extract|Rosa Damascena Flower Extract|4|review
Organic Rosa Damascena Flower Oil|Rosa Damascena Flower Oil|4|review
Organic Rosa Damascena Flower Water|Rosa Damascena Flower Water|4|review
Organic Rosa Mosqueta Seed Oil|Rosa Mosqueta Seed Oil|4|review
Organic Rosa Rubiginosa Seed Oil|Rosa Rubiginosa Seed Oil|4|review
Organic Rose Absolute|Rose Absolute|4|review
Organic Rose Essential Oil|Rose Essential Oil|4|review
Organic Rose Hip Oil|Rose Hip Oil|4|review
Organic Rose Hydrosol|Rose Hydrosol|4|review
Organic Rose Oil|Rose Oil|4|review
Organic Rose Petals|Rose Petals|4|review
Organic Rose Water|Rose Water|4|review
Organic Rosehip Fruit Oil|Rosehip Fruit Oil|4|review
Organic Rosehip Oil|Rosehip Oil|4|review
Organic Rosehip Seed Oil|Rosehip Seed Oil|4|review
Organic Rosemary|Rosemary|4|review
Organic Rosemary Essential Oil|Rosemary Essential Oil|4|review
Organic Rosemary Extract|Rosemary Extract|4|review
Organic Rosemary Leaf|Rosemary Leaf|4|review
Organic Rosemary Leaf Extract|Rosemary Leaf Extract|4|review
Organic Rosemary Oil|Rosemary Oil|4|review
Organic Rosemary Oil Extract|Rosemary Oil Extract|4|review
Organic Rosewater|Rosewater|4|review
Organic Rosmarinus Officinalis Leaf Extract|Rosmarinus Officinalis Leaf Extract|4|review
Organic Rosmarinus Officinalis Leaf Oil|Rosmarinus Officinalis Leaf Oil|4|review
Organic Rubus Fruticosus|Rubus Fruticosus|4|review
Organic Rubus Ideaus Seed Oil|Rubus Idaeus Seed Oil|4|review
Organic Safflower Oil|Safflower Oil|4|review
Organic Sage Essential Oil|Sage Essential Oil|4|review
Organic Salix Alba Bark Extract|Salix Alba Bark Extract|4|review
Organic Salvia Hispanica Seed Extract|Salvia Hispanica Seed Extract|4|review
Organic Salvia Officinalis Leaf Extract|Salvia Officinalis Leaf Extract|4|review
Organic Sambucus Nigra Extract|Sambucus Nigra Extract|4|review
Organic Sandalwood Oil|Sandalwood Oil|4|review
Organic Saponified Coconut Oil|Saponified Coconut Oil|4|review
Organic Saponified Jojoba Oil|Saponified Jojoba Oil|4|review
Organic Saponified Olive Oil|Saponified Olive Oil|4|review
Organic Schizandra Chinensis Fruit Extract|Schizandra Chinensis Fruit Extract|4|review
Organic Scutellaria Baicalensis Root Extract|Scutellaria Baicalensis Root Extract|4|review
Organic Sda 38B|Sd Alcohol 38-B|4|review
Organic Sea Buckthorn Extract|Sea Buckthorn Extract|4|review
Organic Sea Buckthorn Oil|Sea Buckthorn Oil|4|review
Organic Sea Buckthorn Seed Oil|Sea Buckthorn Seed Oil|4|review
Organic Seabuckthorn Oil|Sea Buckthorn Oil|4|review
Organic Sesame Oil|Sesame Oil|4|review
Organic Sesame Seed Oil|Sesame Seed Oil|4|review
Organic Sesamum Indicum Seed Oil|Sesamum Indicum Seed Oil|4|review
Organic Shea Butter|Shea Butter|4|review
Organic Silybum Marianum Extract|Silybum Marianum Extract|4|review
Organic Simmondsia Chinensis|Simmondsia Chinensis|4|review
Organic Simmondsia Chinensis Oil|Simmondsia Chinensis Oil|4|review
Organic Simmondsia Chinensis Seed Oil|Simmondsia Chinensis Seed Oil|4|review
Organic Soapberry Fruit Extract|Soapberry Fruit Extract|4|review
Organic Sorbus Aucuparia Fruit Extract|Sorbus Aucuparia Fruit Extract|4|review
Organic Soy Bean Oil|Soybean Oil|4|review
Organic Soy Lecithin|Soy Lecithin|4|review
Organic Soy Oil|Soybean Oil|4|review
Organic Spearmint Oil|Spearmint Oil|4|review
Organic Stellaria Media|Stellaria Media|4|review
Organic Stellaria Media Extract|Stellaria Media Extract|4|review
Organic Stevia Rebaudiana Leaf/Stem Extract|Stevia Rebaudiana Leaf/Stem Extract|4|review
Organic Strawberry Flavor|Strawberry Flavor|4|review
Organic Sucrose|Sucrose|4|review
Organic Sugar|Sugar|4|review
Organic Sugar Cane Alcohol|Sugar Cane Alcohol|4|review
Organic Sugar Cane Extract|Sugar Cane Extract|4|review
Organic Sugar Maple|Sugar Maple|4|review
Organic Sunflower|Sunflower|4|review
Organic Sunflower Lecithin|Sunflower Lecithin|4|review
Organic Sunflower Oil|Sunflower Oil|4|review
Organic Sunflower Seed Oil|Sunflower Seed Oil|4|review
Organic Sustainable Palm Oil|Sustainable Palm Oil|4|review
Organic Sweet Almond Oil|Sweet Almond Oil|4|review
Organic Sweet Orange Essential Oil|Sweet Orange Essential Oil|4|review
Organic Sweet Orange Oil|Sweet Orange Oil|4|review
Organic Symphytum Officinale|Symphytum Officinale|4|review
Organic Tallow|Tallow|4|review
Organic Tamanu Oil|Tamanu Oil|4|review
Organic Tanacetum Annuum Essential Oil|Tanacetum Annuum Essential Oil|4|review
Organic Tangerine Essential Oil|Tangerine Essential Oil|4|review
Organic Tangerine Oil|Tangerine Oil|4|review
Organic Tapioca Flour|Tapioca Flour|4|review
Organic Tapioca Starch|Tapioca Starch|4|review
Organic Taraxacum Officinale|Taraxacum Officinale|4|review
Organic TEA Tree Essential Oil|TEA Tree Essential Oil|4|review
Organic TEA Tree Oil|TEA Tree Oil|4|review
Organic TEA Tree Oil*|TEA Tree Oil|4|review
Organic Theobroma Cacao Butter|Theobroma Cacao Butter|4|review
Organic Theobroma Cacao Seed Butter|Theobroma Cacao Seed Butter|4|review
Organic Theobroma Grandiflorum Seed Butter|Theobroma Grandiflorum Seed Butter|4|review
Organic Tilia Platyphyllos Flower Extract|Tilia Platyphyllos Flower Extract|4|review
Organic Tomato Juice|Tomato Juice|4|review
Organic Turmeric Extract|Turmeric Extract|4|review
Organic Turmeric Hydrosol|Turmeric Hydrosol|4|review
Organic Unrefined Cocoa Butter|Unrefined Cocoa Butter|4|review
Organic Unrefined Shea Butter|Unrefined Shea Butter|4|review
Organic Urtica Dioica Extract|Urtica Dioica Extract|4|review
Organic Usnea Barbata Extract|Usnea Barbata Extract|4|review
Organic Vaccinium Angustifolium Fruit Extract|Vaccinium Angustifolium Fruit Extract|4|review
Organic Vaccinium Corymbosum Fruit Extract|Vaccinium Corymbosum Fruit Extract|4|review
Organic Vaccinium Macrocarpon Fruit Extract|Vaccinium Macrocarpon Fruit Extract|4|review
Organic Vaccinium Macrocarpon Seed Oil|Vaccinium Macrocarpon Seed Oil|4|review
Organic Vaccinum Macrocarpon Fruit Extract|Vaccinium Macrocarpon Fruit Extract|4|review
Organic Vanilla Extract|Vanilla Extract|4|review
Organic Vanilla Flavor|Vanilla Flavor|4|review
Organic Vanilla Oil|Vanilla Oil|4|review
Organic Vanilla Planifolia Fruit Extract|Vanilla Planifolia Fruit Extract|4|review
Organic Vanilla Pod Infusion|Vanilla Pod Infusion|4|review
Organic Vegan Hyaluronic Acid|Vegan Hyaluronic Acid|4|review
Organic Vegetable Glycerin|Vegetable Glycerin|4|review
Organic Virgin Coconut Oil|Virgin Coconut Oil|4|review
Organic Vitamin E|Vitamin E|4|review
Organic Vitamin E Oil|Vitamin E Oil|4|review
Organic Vitis Vinifera|Vitis Vinifera|4|review
Organic Vitis Vinifera Extract|Vitis Vinifera Extract|4|review
Organic Vitis Vinifera Seed Oil|Vitis Vinifera Seed Oil|4|review
Organic White TEA Extract|White TEA Extract|4|review
Organic White Willow Bark|White Willow Bark|4|review
Organic White Willow Bark Extract|White Willow Bark Extract|4|review
Organic Willow Bark Extract|Willow Bark Extract|4|review
Organic Witch Hazel Extract|Witch Hazel Extract|4|review
Organic Ylang Ylang Oil|Ylang Ylang Oil|4|review
Organic Zanthoxylum Piperitum Fruit Extract|Zanthoxylum Piperitum Fruit Extract|4|review
Organic Zea Mays|Zea Mays|4|review
Organic Zea Mays Silk Extract|Zea Mays Silk Extract|4|review
Organic Zea Mays Starch|Zea Mays Starch|4|review
Organic Zingiber Officinale|Zingiber Officinale|4|review
Origanum Majora Oil|Origanum Majorana Oil|1|high
Origanum Marjorana Oil|Origanum Majorana Oil|1|high
Origanum Volgare Leaf Extract|Origanum Vulgare Leaf Extract|1|high
Origanum Vulgrae Extract|Origanum Vulgare Extract|1|high
Origanum Vulgrare Flower/Leaf/Stem Extract|Origanum Vulgare Flower/Leaf/Stem Extract|1|high
Oriza Sativa Bran Wax|Oryza Sativa Bran Wax|1|high
Oriza Sativa Oil|Oryza Sativa Oil|1|high
Oryza Bativa Bran Extract|Oryza Sativa Bran Extract|1|high
Oryzasativa Bran Extract|Oryza Sativa Bran Extract|2|high
Orzya Sativa Bran Extract|Oryza Sativa Bran Extract|1|high
Oryza Satvia Bran Water|Oryza Sativa Bran Water|1|high
Oryza Sativa *|Oryza Sativa|5|high
Oryza Sativa Extract*|Oryza Sativa Extract|5|high
Oryza Sativa Extract/Oryza Sativa Extract|Oryza Sativa Extract|2|high
Oryza Sativa Extract/Rice Extract|Oryza Sativa Extract|3|review
Oryza Sativa Bran Oil / Rice Bran Oil|Oryza Sativa Bran Oil|3|review
Oryza Sativa Bran Oil/Rice Bran Oil|Oryza Sativa Bran Oil|3|review
Oryza Sativa Bran Oil/Oryza Sativa Bran Oil|Oryza Sativa Bran Oil|2|high
Oryza Sativa Bran Oil/Oryza Sativa Rice Bran Oil|Oryza Sativa Bran Oil|3|review
Oryza Sativa Bran Cera/Oryza Sativa Bran Wax|Oryza Sativa Bran Cera|2|high
Oryza Sativa Bran Wax/Oryza Sativa Bran Cera|Oryza Sativa Bran Wax|2|high
Oryza Sativa Cera/Oryza Sativa Bran Wax|Oryza Sativa Cera|2|high
Oryza Sativa Starch/Oryza Sativa Starch|Oryza Sativa Starch|2|high
Oryza Sativa Starch / Rice Starch|Oryza Sativa Starch|3|review
Oryza Sativa Starch/Rice Starch|Oryza Sativa Starch|3|review
Osoleucine|Isoleucine|1|review
Oxybenzone 1.0%|Oxybenzone|4|high
Oxybenzone 1.5%|Oxybenzone|4|high
Oxybenzone 2%|Oxybenzone|4|high
Oxybenzone 2.0%|Oxybenzone|4|high
Oxybenzone 3%|Oxybenzone|4|high
Oxybenzone 3.0%|Oxybenzone|4|high
Oxybenzone 3.5%|Oxybenzone|4|high
Oxybenzone 3.9%|Oxybenzone|4|high
Oxybenzone 4%|Oxybenzone|4|high
Oxybenzone 4.0%|Oxybenzone|4|high
Oxybenzone 4.5%|Oxybenzone|4|high
Oxybenzone 5%|Oxybenzone|4|high
Oxybenzone 5.0%|Oxybenzone|4|high
Oxybenzone 5.00%|Oxybenzone|4|high
Oxybenzone 5.4%|Oxybenzone|4|high
Oxybenzone 6%|Oxybenzone|4|high
Oxybenzone 6.0%|Oxybenzone|4|high
Oxyquinoline Sulfate|8-Hydroxyquinoline Sulfate|3|review
Ozokerite Wax|Ozokerite|4|review
P Anisic Acid|P-Anisic Acid|2|high
P-Anisic Acid*|P-Anisic Acid|5|high
P Chloro M Cresol|P-Chloro-M-Cresol|2|high
Padimate-0|Padimate O|1|high
Paeonia Albiflora Root Extract*|Paeonia Albiflora Root Extract|5|high
Paeonial Actiflora Root Extract|Paeonia Lactiflora Root Extract|1|high
Paeuonia Suffruticosa Root Extract|Paeonia Suffruticosa Root Extract|1|high
Paeonie Suffruticosa Root Extract|Paeonia Suffruticosa Root Extract|1|high
Paeonia Suffruticosa Extract / Paeonia Suffruticosa Root Extract|Paeonia Suffruticosa Root Extract|3|review
Paimitoyl Tripeptide-5|Palmitoyl Tripeptide-5|1|high
Palargonium Graveolens Flower Oil|Pelargonium Graveolens Flower Oil|1|review
Palm Acid*|Palm Acid|5|high
Palm Kernel Acid*|Palm Kernel Acid|5|high
Palm Oils|Palm Oil|2|high
Palmatic Acid|Palmitic Acid|1|high
Palmetic Acid|Palmitic Acid|1|high
Palmiticacid|Palmitic Acid|2|high
Palmitic Acid*|Palmitic Acid|5|high
Palmitic Acids|Palmitic Acid|2|high
Palmityl Alcohol|Cetyl Alcohol|3|review
Palmitoy Fetrapep-Tide-7|Palmitoyl Tetrapeptide-7|1|high
Palmitoyl Tetr Apeptide-7|Palmitoyl Tetrapeptide-7|1|high
Palmitoyl Tetrapeptide 7|Palmitoyl Tetrapeptide-7|2|high
Palmitoyl Tetrapeptide7|Palmitoyl Tetrapeptide-7|2|high
Palmitoyltetrapeptide-7|Palmitoyl Tetrapeptide-7|2|high
Palmitoyl Hydrolyzed Wheat Protien|Palmitoyl Hydrolyzed Wheat Protein|1|high
Palmitoyl Pentapeptide 4|Palmitoyl Pentapeptide-4|2|high
Palmitoyl Tripeptide 1|Palmitoyl Tripeptide-1|2|high
Palmitoyl Tripeptide-I|Palmitoyl Tripeptide-1|1|high
Palmitoyltripeptide-5|Palmitoyl Tripeptide-5|2|high
Palmitoyl Triepeptide-3|Palmitoyl Tripeptide-3|1|high
Palmitoyl Tripepetide-38|Palmitoyl Tripeptide-38|1|high
Palmitoyl Tripeptide 38|Palmitoyl Tripeptide-38|2|high
Palmitoyl Tripeptide 7|Palmitoyl Tripeptide-7|2|high
Palmitoyl Dipeptide 7|Palmitoyl Dipeptide-7|2|high
Palmitoyl Oligopeptide-7|Palmitoyl Oligopeptide|3|review
Panthine|Pantethine|1|review
Pantago Major|Plantago Major|1|review
Panax Ginseng Root Etract|Panax Ginseng Root Extract|1|high
Panax Ginseng Root Extract*|Panax Ginseng Root Extract|5|high
Panax Quinquefollium Root Extract|Panax Quinquefolium Root Extract|1|high
Panax Quinquefolius Root Extract|Panax Quinquefolium Root Extract|1|review
Papaya Enzymes|Papaya Enzyme|2|high
Papaver Somniferum Seeds|Papaver Somniferum Seed|2|high
Papaversomniferum Seeds|Papaver Somniferum Seed|2|high
Parabens|Paraben|2|high
Paraffin Oils|Paraffin Oil|2|high
Paraffina Liquidum|Paraffinum Liquidum|1|high
Paraffinium Liquidum|Paraffinum Liquidum|1|high
Paraffinum Liquidium|Paraffinum Liquidum|1|high
Paraffinum Liquium|Paraffinum Liquidum|1|high
Parrafin|Paraffin|1|high
Paraffinum Liquidum / Mineral Oil|Paraffinum Liquidum|3|review
Paraffinum Liquidum Mineral Oil|Paraffinum Liquidum|3|review
Paraffinum Liquidum/ Mineral Oil|Paraffinum Liquidum|3|review
Paraffinum Liquidum/Mineral Oil|Paraffinum Liquidum|3|review
Paraffinum Liquidum / Mineral Oil / Huile Minerale|Paraffinum Liquidum|3|review
Paraffinum Liquidum/Mineral Oil/Huile Minerale|Paraffinum Liquidum|3|review
Paraffinum Liquidum/ Mineral Oil/Huile Minerale|Paraffinum Liquidum|3|review
Paraffinumliquidum / Mineral Oil|Paraffinum Liquidum|3|review
Passiflora Incarmata Extract|Passiflora Incarnata Extract|1|high
Passiflora Incarnate Fruit Extract|Passiflora Incarnata Fruit Extract|1|high
Passiflora Incarnate Flower Extract*|Passiflora Incarnata Flower Extract|1|high
Passion Fruit Extract|Passiflora Edulis Fruit Extract|3|review
Passionfruit Extract|Passion Flower Extract|3|review
Patchouli Essential Oils|Patchouli Essential Oil|2|high
Parfum / Fragrance*|Parfum/Fragrance|5|high
PEG 8 Caprylic/Capric Glycerides|PEG-8 Caprylic/Capric Glycerides|2|high
PEG 7 Caprylic/Capric Glycerides|PEG-7 Caprylic/Capric Glycerides|2|high
PEG 7 Glyceryl Cocoate|PEG-7 Glyceryl Cocoate|2|high
PEG 8 Distearate|PEG-8 Distearate|2|high
PEG 60|PEG-60|2|high
PEG 150|PEG-150|2|high
PEG 8 Stearate|PEG-8 Stearate|2|high
PEG 40 Stearate|PEG-40 Stearate|2|high
PEG 60 Almond Glycerides|PEG-60 Almond Glycerides|2|high
PEG 10 Dimethicone Crosspolymer|PEG-10 Dimethicone Crosspolymer|2|high
PEG 100|PEG-100|2|high
PEG 14M|PEG-14M|2|high
PEG 8 Hydrogenated Castor Oil|PEG-8 Hydrogenated Castor Oil|2|high
PEG 18 Glyceryl Oleate/Cocoate|PEG-18 Glyceryl Oleate/Cocoate|2|high
PEG 100 Stearate|PEG-100 Stearate|2|high
PEG 400|PEG-400|2|high
PEG 150 Distearate|PEG-150 Distearate|2|high
PEG 10|PEG-10|2|high
PEG 8|PEG-8|2|high
PEG 6|PEG-6|2|high
PEG 120 Methyl Glucose Dioleate|PEG-120 Methyl Glucose Dioleate|2|high
PEG 40 Hydrogenated Castor Oil|PEG-40 Hydrogenated Castor Oil|2|high
PEG 80 Sorbitan Laurate|PEG-80 Sorbitan Laurate|2|high
PEG 9 Polydimethylsiloxyethyl Dimethicone|PEG-9 Polydimethylsiloxyethyl Dimethicone|2|high
PEG 40 Castor Oil|PEG-40 Castor Oil|2|high
PEG 12 Dimethicone|PEG-12 Dimethicone|2|high
PEG 200 Hydrogenated Glyceryl Palmate|PEG-200 Hydrogenated Glyceryl Palmate|2|high
PEG 75 Stearate|PEG-75 Stearate|2|high
PEG 75 Lanolin|PEG-75 Lanolin|2|high
PEG 40 Sorbitan Peroleate|PEG-40 Sorbitan Peroleate|2|high
PEG 10 Rapeseed Sterol|PEG-10 Rapeseed Sterol|2|high
PEG 40|PEG-40|2|high
PEG 6 Caprylic/Capric Glycerides|PEG-6 Caprylic/Capric Glycerides|2|high
PEG 7M|PEG-7M|2|high
PEG 2 Stearate|PEG-2 Stearate|2|high
PEG 4 Laurate|PEG-4 Laurate|2|high
PEG 7 Hydrogenated Castor Oil|PEG-7 Hydrogenated Castor Oil|2|high
PEG 60 Hydrogenated Castor Oil|PEG-60 Hydrogenated Castor Oil|2|high
PEG / PPG-18 / 18 Dimethicone|PEG/PPG-18/18 Dimethicone|2|high
PEG/ PPG-18/18 Dimethicone|PEG/PPG-18/18 Dimethicone|2|high
PEG/PG-18/18 Dimethicone|PEG/PPG-18/18 Dimethicone|1|high
PEG PPG-18/18 Dimethicone|PEG/PPG-18/18 Dimethicone|2|high
PEG/PPG 18/18 Dimethicone|PEG/PPG-18/18 Dimethicone|2|high
PEG-100 Setearate|PEG-100 Stearate|1|high
PEG-100 Strearate|PEG-100 Stearate|1|high
PEG100-STEARATE|PEG-100 Stearate|2|high
PEG¬≠ 100 Stearate|PEG-100 Stearate|1|high
PEG-120 Methyi Glucose Dioleate|PEG-120 Methyl Glucose Dioleate|1|high
PEG-120 Methyl Glucoside Dioleate|PEG-120 Methyl Glucose Dioleate|2|review
PEG-120 Methyl Glucosyl Dioleate|PEG-120 Methyl Glucose Dioleate|2|review
PEG-150 Pentaerthrityl Tetrastearate|PEG-150 Pentaerythrityl Tetrastearate|1|high
PEG-150 Pentaerythityl Tetrastearate|PEG-150 Pentaerythrityl Tetrastearate|1|high
PEG-16 Macadamia Glyceride|PEG-16 Macadamia Glycerides|2|high
PEG-20 Methyl Glucose Sesquistereate|PEG-20 Methyl Glucose Sesquistearate|1|high
PEG-20 TEARATE|PEG-20 Stearate|1|high
PEG-200 Hydrogenated Glyceryl Palmitate|PEG-200 Hydrogenated Glyceryl Palmate|2|review
PEG-30O Dipolyhydrokystearate|PEG-30 Dipolyhydroxystearate|1|high
PEG-40 Hydrogenated Caster Oil|PEG-40 Hydrogenated Castor Oil|1|high
PEG-40 Hydrogenated Castor Oi|PEG-40 Hydrogenated Castor Oil|1|high
PEG-40 Hydrogenated Castrol Oil|PEG-40 Hydrogenated Castor Oil|1|high
PEG-40HYDROGENATED Castor Oil|PEG-40 Hydrogenated Castor Oil|2|high
PEG40 Hydrogenated Castor Oil|PEG-40 Hydrogenated Castor Oil|2|high
PEG40 Stearate|PEG-40 Stearate|2|high
PEG-5 Glyceryl Trisostearate|PEG-5 Glyceryl Triisostearate|1|high
PEG-6 Caprylic /Capric Glycerides|PEG-6 Caprylic/Capric Glycerides|2|high
PEG-6 Caprylic/ Capric Glycerides|PEG-6 Caprylic/Capric Glycerides|2|high
PEG-6 Caprylic/Capric Glyceride|PEG-6 Caprylic/Capric Glycerides|2|high
PEG-60 Hydrogenate Castor Oil|PEG-60 Hydrogenated Castor Oil|1|high
PEG-60 Hydrogenatedcastor Oil|PEG-60 Hydrogenated Castor Oil|2|high
PEG-60HYDROGENATED Castor Oil|PEG-60 Hydrogenated Castor Oil|2|high
PEG-7 Glycery√¨ Cocoate|PEG-7 Glyceryl Cocoate|1|high
PEG-8O Sorbitan Laurate|PEG-80 Sorbitan Laurate|1|high
PEG/PPG-17/6 Copolyme|PEG/PPG-17/6 Copolymer|1|high
PEG/PPG 17/6 Copolymer|PEG/PPG-17/6 Copolymer|2|high
PEG/PPG 20/6 Dimethicone|PEG/PPG-20/6 Dimethicone|2|high
PEG/PPG/POLYBUTYLENE Glycol-8/5/ 3 Glycerin|PEG/PPG/POLYBUTYLENE Glycol-8/5/3 Glycerin|2|high
PEG/PPG/POLYBUTYLENEGLYCOL-8/5/3 Glycerin|PEG/PPG/POLYBUTYLENE Glycol-8/5/3 Glycerin|2|high
Pelagonium Gravoleons|Pelargonium Graveolens|1|high
Pelargonium Graveolens Flower Oil*|Pelargonium Graveolens Flower Oil|5|high
Pelargonium Graveolens Flower Oil¬Π|Pelargonium Graveolens Flower Oil|5|high
Pelargonium Graveolens Oil*|Pelargonium Graveolens Oil|5|high
Penaerythrityl Tetra-Di-T-Butyl Hydroxyhydrocinnamate|Pentaerythrityl Tetra-Di-T-Butyl Hydroxyhydrocinnamate|1|high
Pentaerithrityl Tetra-Di-T-Butyl Hydroxyhydrocinnamate|Pentaerythrityl Tetra-Di-T-Butyl Hydroxyhydrocinnamate|1|high
Pentaery Tetra-Di-T-Butyl Hydroxyhydrocinnamate|Pentaerythrityl Tetra-Di-T-Butyl Hydroxyhydrocinnamate|1|high
Pentaerythrityl Tetra Di T Butyl Hydroxyhydrocinnamate|Pentaerythrityl Tetra-Di-T-Butyl Hydroxyhydrocinnamate|2|high
Pentaerythrityl Tetra Di-T-Butyl Hydroxyhydrocinnamate|Pentaerythrityl Tetra-Di-T-Butyl Hydroxyhydrocinnamate|2|high
Pentaerythrityl Tetra-Di-Butyl Hydroxyhydrocinnamate|Pentaerythrityl Tetra-Di-T-Butyl Hydroxyhydrocinnamate|1|high
Pentaerythrityl Tetra-Di-It-Butyl Hydroxyhydrocinnamate|Pentaerythrityl Tetra-Di-T-Butyl Hydroxyhydrocinnamate|1|high
Pentaerythrityl Tetra-Di-T Butyl Hydroxyhydrocinnamate|Pentaerythrityl Tetra-Di-T-Butyl Hydroxyhydrocinnamate|2|high
Pentaerythrityl Tetra-Di-T-Buty Hydroxyhydrocinnamate|Pentaerythrityl Tetra-Di-T-Butyl Hydroxyhydrocinnamate|1|high
Pentaerythrityl Tetra-Di-T-Butyl Hydrohydroxycinnamate|Pentaerythrityl Tetra-Di-T-Butyl Hydroxyhydrocinnamate|1|high
Pentaerythrityl Tetra-Di-T-Butyl Hydroxyhy Drocinnamate|Pentaerythrityl Tetra-Di-T-Butyl Hydroxyhydrocinnamate|1|high
Pentaerythrityl Tetra-Di-T-Butyl Hydroxyhydro-Cinnamate|Pentaerythrityl Tetra-Di-T-Butyl Hydroxyhydrocinnamate|1|high
Pentaerythrityl Tetra-Dit-Butyl Hydroxyhydrocinnamate|Pentaerythrityl Tetra-Di-T-Butyl Hydroxyhydrocinnamate|1|high
Pentaerythrityl Tetraditbutyl Hydroxyhydrocinnamate|Pentaerythrityl Tetra-Di-T-Butyl Hydroxyhydrocinnamate|1|high
Pentaerythrityltetra-Di-T-Butyl Hydroxyhydrocinnamate|Pentaerythrityl Tetra-Di-T-Butyl Hydroxyhydrocinnamate|2|high
Pentaerithrityl Distearate|Pentaerythrityl Distearate|1|high
Pentaerithrityl Tetraisostearate|Pentaerythrityl Tetraisostearate|1|high
Pentaerythityl Tetraethylhexanoate|Pentaerythrityl Tetraethylhexanoate|1|high
Pentaerythrityl Adipate/Caprate/Carpylate/Heptanoate|Pentaerythrityl Adipate/Caprate/Caprylate/Heptanoate|1|high
Pentaclethra Macroloba Oil/Pentaclethra Macroloba Seed Oil|Pentaclethra Macroloba Seed Oil|2|review
Paradisi Oil*|CITRUS Paradisi Oil|5|review
Pentasodiuim Aminotrimethylene Phosphonate|Pentasodium Ethylenediamine Tetramethylene Phosphonate|1|review
Pentasodium Penetate|Pentasodium Pentetate|1|high
Pentasodium Pentatate|Pentasodium Pentetate|1|high
Pentasodium Pentate|Pentasodium Pentetate|1|high
Pentlyene Glycol|Pentylene Glycol|1|high
Pentylene Giycol|Pentylene Glycol|1|high
Pentyleneglycol|Pentylene Glycol|2|high
Pentylene Glycol From Natural Origin|Pentylene Glycol|4|review
Peppermint Essential Oils|Peppermint Essential Oil|2|high
Peppermint Eo|Peppermint Essential Oil|2|review
Perfume/Parfum|Perfume/Fragrance|2|review
Persea Gratisima Oil|Persea Gratissima Oil|1|high
Persea Grattisima Oil|Persea Gratissima Oil|1|high
Perseagratissima Oil|Persea Gratissima Oil|2|high
Persea Gratissima Oil*|Persea Gratissima Oil|5|high
Persea Gratissima Oil / Avocado Oil|Persea Gratissima Oil|3|review
Persea Gratissima Oil/Avocado Oil|Persea Gratissima Oil|3|review
Persea Gratissima/Avocado Oil|Persea Gratissima Oil|3|review
Persea Gratissima Oil/Persea Gratissima Oil|Persea Gratissima Oil|2|high
Persea Americana Oil|Persea Gratissima Oil|3|review
Persea Grattisima Fruit Oil|Persea Gratissima Fruit Oil|1|high
Persea Gratissima Fruit Extract*|Persea Gratissima Fruit Extract|5|high
Persea Gratissima / Avocado Oil|Persea Gratissima Oil|3|review
Persea Gratissima Avocado Oil|Persea Gratissima Oil|3|review
Persea Gratissma|Persea Gratissima|1|high
Pet-40 Sorbitan Perisostearate|PEG-40 Sorbitan Perisostearate|1|review
Petrolatum 0.3%|Petrolatum|4|high
Petrolatum 30%|Petrolatum|4|high
Petrolatum 31.0%|Petrolatum|4|high
Petrolatum 41%|Petrolatum|4|high
Petrolatum 46.5%|Petrolatum|4|high
Petrolatum 71.5%|Petrolatum|4|high
Petrolatum 89.5%|Petrolatum|4|high
Petrolatum Usp|Petrolatum|4|high
Petrolaturm|Petrolatum|1|high
Petroleum Jelly|Petrolatum|3|review
Petroselinum Crispum Extract/Petroselinum Crispum Extract|Petroselinum Crispum Extract|2|high
Peucedanum Ostruthium Leaf Extract*|Peucedanum Ostruthium Leaf Extract|5|high
Phaeodactylum Tricomutum Extract|Phaeodactylum Tricornutum Extract|1|high
Phellinus Inteus Extract|Phellinus Linteus Extract|1|high
Phenypropanol|Phenylpropanol|1|high
Phenyl T Butylnitrone|Phenyl T-Butylnitrone|2|high
Phyllanthis Emblica Fruit Extract|Phyllanthus Emblica Fruit Extract|1|high
Phyllanthus Emblica Fruit Exract|Phyllanthus Emblica Fruit Extract|1|high
Phyllostachis Bambusoides Juice|Phyllostachys Bambusoides Juice|1|high
Phyllostachis Bamusoides Juice|Phyllostachys Bambusoides Juice|1|high
Phosphatidyl Choline|Phosphatidylcholine|2|high
Phosphatidylglycerol**|Phosphatidylglycerol|5|high
Phytosteryl Macadamate|Phytosteryl Macadamiate|1|high
Phytosteryl/ Octyldodecyl Lauroyl Glutamate|Phytosteryl/Octyldodecyl Lauroyl Glutamate|2|high
Phytosteryl/Octyldodecyl Lauroyl Glucamate|Phytosteryl/Octyldodecyl Lauroyl Glutamate|1|high
Phytosteryl/Isostearyl/ Cetyl/Stearyl/Behenyl Dimerdilinoleate|Phytosteryl/Isostearyl/Cetyl/Stearyl/Behenyl Dimer Dilinoleate|2|high
Pinus Stobus Bark Extract|Pinus Strobus Bark Extract|1|high
Pinus Sylvestiris Cone Extract|Pinus Sylvestris Cone Extract|1|high
Pinus Sylvostris Cone Extract|Pinus Sylvestris Cone Extract|1|high
Pinus Paulstris Wood Tar|Pinus Palustris Wood Tar|1|high
Pinus Siberica Oil|Pinus Sibirica Seed Oil|1|review
Pinus Sylvestris Oil*|Pinus Sylvestris Oil|5|high
Pisium Sativum Extract|Pisum Sativum Extract|1|high
Pisum Sativum Peptides|Pisum Sativum Peptide|2|high
Piperonyl Glucose|Piperonyl Glucoside|1|review
Perilla Ocymoides Extract|Perilla Frutescens Extract|3|review
Polyglyceryl 3 Diisostearate|Polyglyceryl-3 Diisostearate|2|high
Polyglyceryl 10 Laurate|Polyglyceryl-10 Laurate|2|high
Polyglyceryl 2 Dipolyhydroxystearate|Polyglyceryl-2 Dipolyhydroxystearate|2|high
Polyglyceryl 4 Diisostearate/Polyhydroxystearate/Sebacate|Polyglyceryl-4 Diisostearate/Polyhydroxystearate/Sebacate|2|high
Polyglyceryl 2 Triisostearate|Polyglyceryl-2 Triisostearate|2|high
Polyglyceryl 3 Caprate|Polyglyceryl-3 Caprate|2|high
Polyglyceryl 4 Isostearate|Polyglyceryl-4 Isostearate|2|high
Polyglyceryl 3 Methylglucose Distearate|Polyglyceryl-3 Methylglucose Distearate|2|high
Polyglyceryl 3 Stearate|Polyglyceryl-3 Stearate|2|high
Polyglyceryl 6 Dioleate|Polyglyceryl-6 Dioleate|2|high
Polyglyceryl 4 Oleate|Polyglyceryl-4 Oleate|2|high
Polyglyceryl 3 Polyricinoleate|Polyglyceryl-3 Polyricinoleate|2|high
Plaintain Leaf Extract|Plantain Leaf Extract|1|high
Plama Christi Oil|Ricinus Communis Seed Oil|3|review
Planktont|Plankton Extract|1|review
Plant-Derived Fragrances|Plant-Derived Fragrance|2|high
Plantago Lancelata|Plantago Lanceolata Leaf Extract|1|review
Platago Lanceolata Leaf Extract|Plantago Lanceolata Leaf Extract|1|high
Plantago Lanceolata Leaf Extract*|Plantago Lanceolata Leaf Extract|5|high
Plantain*|Plantain|5|high
Pleiogynium Timoriense Fruit Extract|Pleiogynium Timorense Fruit Extract|1|review
Ploysilicone-11|Polysilicone-11|1|review
Plukenelia Valubis Seed Extract|Plukenetia Volubilis Seed Extract|1|high
Plukenelia Volubis Seed Extract|Plukenetia Volubilis Seed Extract|1|high
Plukenetia Vollubus Seed Oil|Plukenetia Volubilis Seed Oil|1|high
Poe-21 Stearyl Ether|Poe-21-Stearyl Ether|2|high
Pogostemon Cablin Essential Oil*|Pogostemon Cablin Oil|5|review
Polaxamer 124|Poloxamer 124|1|high
Polaxamer 188|Poloxamer 188|1|high
Polaxamer 407|Poloxamer 407|1|high
Poloxamer-234|Poloxamer 235|1|review
Polianthes Tuberose Flower Cera|Polianthes Tuberosa Flower Extract|1|review
Polivinyl Alcohol|Polyvinyl Alcohol|1|review
Poly Vinyl Alcohol|Polyvinyl Alcohol|2|review
Pollen Oils|Pollen|3|review
Pollen*|Pollen|5|high
Poly-Sorbate 85|Polysorbate 85|2|review
Poly Methyl Methacrylate|Polymethyl Methacrylate|2|high
Polymethylmethacrylate|Polymethyl Methacrylate|2|high
Poly-Glyceryl-4 Isostearate|Polyglyceryl-4 Isostearate|2|high
Polyaccrylamide|Polyacrylamide|1|high
Polyacry-Amide|Polyacrylamide|2|high
Polyacryla-Mide|Polyacrylamide|2|high
Polyehtylene|Polyethylene|1|high
Polyactic Acid|Polylactic Acid|1|high
Polyamide 8|Polyamide-8|2|high
Polyaminopropyl Biguanid|Polyaminopropyl Biguanide|1|high
Polyaminopropyl Biguanide*|Polyaminopropyl Biguanide|5|high
Polyisobutane|Polyisobutene|1|high
Polyethylene Glycol 400|PEG-400|3|review
Polyethylene Glycol-150 Distearate|PEG-150 Distearate|3|review
Polymethylsilsequioxane|Polymethylsilsesquioxane|1|high
Polymethylsilsesquixane|Polymethylsilsesquioxane|1|high
Polymethysilsesquioxane|Polymethylsilsesquioxane|1|high
Polymide-1|Polyimide-1|1|review
Polygyceryl-3 Diisostearate|Polyglyceryl-3 Diisostearate|1|high
Polyg≈Åyceryl-3 Cocoate|Polyglyceryl-3 Cocoate|1|high
Polyglyeryl-3 Polyricinoleate|Polyglyceryl-3 Polyricinoleate|1|high
Polyglyceryl3 Polyricinoleate|Polyglyceryl-3 Polyricinoleate|2|high
Polyglyceryl-3-Poyricinoleate|Polyglyceryl-3 Polyricinoleate|1|high
Polyglyceryl-3Diisostearate|Polyglyceryl-3 Diisostearate|2|high
Polyglyceryl-3 Diiostearate|Polyglyceryl-3 Diisostearate|1|high
Polyglyceryl-3 Diisosterate|Polyglyceryl-3 Diisostearate|1|high
Polyglyceryl-3 Diisotearate|Polyglyceryl-3 Diisostearate|1|high
Polyglyceryl-3 Disostearate|Polyglyceryl-3 Diisostearate|1|high
Polyglyceryl-3-Diisostearate|Polyglyceryl-3 Diisostearate|2|high
Polyglyceryl-3 Methyl Glucose Distearate|Polyglyceryl-3 Methylglucose Distearate|2|high
Polyglyceryl-3-Stearate|Polyglyceryl-3 Stearate|2|high
Polyglyceryl-3-Dipolyhydroxystearate|Polyglyceryl-2 Dipolyhydroxystearate|1|review
Polyglyceryl-2-Dipolyhydroxystearate|Polyglyceryl-2 Dipolyhydroxystearate|2|high
Polyglyceryl-2-Sesquiisostearate|Polyglyceryl-2 Sesquiisostearate|2|high
Polyglyceryl-2-Stearate|Polyglyceryl-2 Stearate|2|high
Polyglyceryl-2 Trisostearate|Polyglyceryl-2 Triisostearate|1|high
Polyglyceryl-10-Caprylate|Polyglyceryl-10 Caprylate|2|high
Polyglyceryl-10-Laurate|Polyglyceryl-10 Laurate|2|high
Polyglyceryl010 Myristate|Polyglyceryl-10 Myristate|1|high
Polyglyceryl10 Laurate|Polyglyceryl-10 Laurate|2|high
Polyglyceryl-10 Stearate*|Polyglyceryl-10 Stearate|5|high
Polyglyceryl-6 Polyricinoleate**|Polyglyceryl-6 Polyricinoleate|5|high
Polyglyceryl-6-Polyricinoleate|Polyglyceryl-6 Polyricinoleate|2|high
Polyglyceryl-4 Oleate*|Polyglyceryl-4 Oleate|5|high
Polyglyceryl-3 Laurate*|Polyglyceryl-3 Laurate|5|high
Polyglycerine-3|Polyglycerin-3|1|high
Polyglycerly-4 Caprate|Polyglyceryl-4 Caprate|1|high
Polyglycerylmethacrylate|Polyglyceryl Methacrylate|2|high
Polyquarternium 7|Polyquaternium-7|1|review
Polyqauternium-6|Polyquaternium-6|1|high
Polyqauternium-7|Polyquaternium-7|1|high
Polyqauternium-30|Polyquaternium-30|1|high
Polyqauternium-37|Polyquaternium-37|1|high
Polyqauternium-51|Polyquaternium-51|1|high
Polyhydraxystearic Acid|Polyhydroxystearic Acid|1|high
Polyhydrostearic Acid|Polyhydroxystearic Acid|1|high
Polyhydroxyl Stearic Acid|Polyhydroxystearic Acid|1|high
Polyhydroxystearic|Polyhydroxystearic Acid|1|high
Polygonum Fagopyrum Seed Extract/Polygonum Fagopyrum Seed Extract|Polygonum Fagopyrum Seed Extract|2|high
Polyorbate 80|Polysorbate 80|1|review
Polyoquaternium-51|Polyquaternium-51|1|high
Polyquaternium 39|Polyquaternium-39|2|high
Polysorbate-61|Polysorbate 61|2|high
Polysorbate-60|Polysorbate 60|2|high
Polysorbate-85|Polysorbate 85|2|high
Polyquaternium 11|Polyquaternium-11|2|high
Polyquaternium 7|Polyquaternium-7|2|high
Polyquaternium 67|Polyquaternium-67|2|high
Polyquaternium 4|Polyquaternium-4|2|high
Polysorbate-80|Polysorbate 80|2|high
Polysorbate-40|Polysorbate 40|2|high
Polyquaternium 51|Polyquaternium-51|2|high
Polyquaternium 6|Polyquaternium-6|2|high
PPG 15 Stearyl Ether|PPG-15 Stearyl Ether|2|high
PPG 10 Methyl Glucose Ether|PPG-10 Methyl Glucose Ether|2|high
Polyquaternium 37|Polyquaternium-37|2|high
Polyquaternium 55|Polyquaternium-55|2|high
PPG 2 Hydroxyethyl Cocamide|PPG-2 Hydroxyethyl Cocamide|2|high
Polyquaternium 10|Polyquaternium-10|2|high
Polysorbate-20|Polysorbate 20|2|high
Polyquarternium-51|Polyquaternium-51|1|high
Polyquarternium-7|Polyquaternium-7|1|high
Polyquatemium-10|Polyquaternium-10|1|high
Polyquatemium-51|Polyquaternium-51|1|high
Polyquatemium-7|Polyquaternium-7|1|high
Polyquaterium-10|Polyquaternium-10|1|high
Polyquatermium-7|Polyquaternium-7|1|high
Polyquaternium--39|Polyquaternium-39|2|high
Polyquaternium7|Polyquaternium-7|2|high
Polyquaternum-7|Polyquaternium-7|1|high
Polyquatersnium-51|Polyquaternium-51|1|high
Polyquat 81|Polyquaternium-81|1|review
Polysilicone 11|Polysilicone-11|2|high
Polysobutene|Polyisobutene|1|high
Polysorbate60|Polysorbate 60|2|high
Polysorbate 60 Nf|Polysorbate 60|4|high
Polysorbate 60*|Polysorbate 60|5|high
Polysorbate 80-0.5 %|Polysorbate 80|4|high
Polysorbates|Polysorbate|2|high
Polythylene Glycol|Polyethylene Glycol|1|high
Polyurethane Crosspolmyer-1|Polyurethane Crosspolymer-1|1|high
Polyvinylpyrrolidone|Polyvinyl Pyrrolidone|2|review
Porpyra Umbilicalis Extract|Porphyra Umbilicalis Extract|1|high
Porphyridium Polysaccharides|Porphyridium Polysaccharide|2|high
Portula Caoleracead Extract|Portulaca Oleracea Extract|1|high
Portulaca Olerace Extract|Portulaca Oleracea Extract|1|high
Portulace Oleracea Extract|Portulaca Oleracea Extract|1|high
Poterium Officinale / Poterium Officinale Root Extract|Poterium Officinale Root Extract|3|review
Potasium Sorbate|Potassium Sorbate|1|high
Potassiumsorbate|Potassium Sorbate|2|high
Potasslum Sorbate|Potassium Sorbate|1|high
Potassium Sorbate Nf|Potassium Sorbate|4|high
Potassium Sorbate**|Potassium Sorbate|5|high
Potassim Cetyl Phosphate|Potassium Cetyl Phosphate|1|high
Potasslum Cetyl Phosphate|Potassium Cetyl Phosphate|1|high
Potassium Cetyl Phosphate*|Potassium Cetyl Phosphate|5|high
Potassium Asparatate|Potassium Aspartate|1|high
Potassium Asparate|Potassium Aspartate|1|high
Potassium Azelaoyl Diglycinate|Potassium Azeloyl Diglycinate|2|review
Potassium Hydroide|Potassium Hydroxide|1|high
Potassium Hydroxide*|Potassium Hydroxide|5|high
Potassium Hydroxide**|Potassium Hydroxide|5|high
Potassium-Acrylates/C10-30 Alkyl Acrylate Crosspolymer|Potassium Acrylates/C10-30 Alkyl Acrylate Crosspolymer|2|high
Potentila Erecta Root Extract|Potentilla Erecta Root Extract|1|high
Potato Starch Modified|Potato Starch|4|review
PPG 12/Smdi Copolymer|PPG-12/SMDI Copolymer|2|high
PPG-12/ Smdi Copolymer|PPG-12/SMDI Copolymer|2|high
PPG-12 Smdi Copolymer|PPG-12/SMDI Copolymer|2|high
PPG-12-BUTETH-16|PPG-12 Buteth-16|2|high
PPG-26 Buteth-26|PPG-26-BUTETH-26|2|high
PPG-3 Benzyl Myristate|PPG-3 Benzyl Ether Myristate|2|review
PPG-5-CETETH 20|PPG-5-CETETH-20|2|high
PPG-5 Ceteth-20|PPG-5-CETETH-20|2|high
Pramoxine Hci|Pramoxine Hcl|1|high
Pramoxine Hydrochloride|Pramoxine Hcl|2|review
Pro Vitamin B5|Pro-Vitamin B5|2|high
Prolatum Oil|Petrolatum|1|review
Pronus Armeniaca Kernel Oil|Prunus Armeniaca Kernel Oil|1|high
Propandiol|Propanediol|1|high
Propane Diol|Propanediol|2|high
Propane-1,2-Diol|Propanediol|3|review
Propanzdiol|Propanediol|1|high
Propar.Eciol|Propanediol|1|high
Propanediol *|Propanediol|5|high
Propanediol**|Propanediol|5|high
Propileneglycol|Propylene Glycol|1|high
Proplene Glycol|Propylene Glycol|1|high
Propylen Glycol|Propylene Glycol|1|high
Propylene Gl Ycol|Propylene Glycol|1|high
Proplyene Glycol Usp|Propylene Glycol|4|high
Proplyparaben|Propylparaben|1|high
Propy/Paraben|Propylparaben|1|high
Propyiparaben|Propylparaben|1|high
Propyl Paraben|Propylparaben|2|high
Propyl-Paraben|Propylparaben|2|high
Propyl Parahydroxybenzoate|Propylparaben|3|review
Propyl Hydroxybenzoate|Propylparaben|3|review
Propylene Glycol Dicaprylate / Dicaprate|Propylene Glycol Dicaprylate/Dicaprate|2|high
Propylene Glycol Dicaprylate Dicaprate|Propylene Glycol Dicaprylate/Dicaprate|2|high
Propylene Glycol Dicaprylate/ Dicaprate|Propylene Glycol Dicaprylate/Dicaprate|2|high
Propylene Glycol Usp|Propylene Glycol|4|high
Propylene Glyvol|Propylene Glycol|1|high
Propylene Gycol|Propylene Glycol|1|high
Propyleneglycol|Propylene Glycol|2|high
Propylene Gycol Laurate|Propylene Glycol Laurate|1|high
Propylparben|Propylparaben|1|high
Propyparaben|Propylparaben|1|high
Provitamin B-5|Pro-Vitamin B5|2|high
Provitamin B5|Pro-Vitamin B5|2|review
Prumus Armeniaca Oil|Prunus Armeniaca Oil|1|high
Prunis Amygdalus Dulcis Oil|Prunus Amygdalus Dulcis Oil|1|high
Prunus Amigdalus Dulcis Oil|Prunus Amygdalus Dulcis Oil|1|high
Prunus Amydgalus Dulcis Oil|Prunus Amygdalus Dulcis Oil|1|high
Prunus Amygdala Dulcis Oil|Prunus Amygdalus Dulcis Oil|1|high
Prunus Amygdalis Dulcis Oil|Prunus Amygdalus Dulcis Oil|1|high
Prunus Amygdalus Dulcis Oil*|Prunus Amygdalus Dulcis Oil|5|high
Prunus Amygdalus Dulcis Oil / Sweet Almond Oil|Prunus Amygdalus Dulcis Oil|3|review
Prunus Amygdalus Dulcis Oil/ Sweet Almond Oil|Prunus Amygdalus Dulcis Oil|3|review
Prunus Amygdalus Dulcis Oil/Sweet Almond Oil|Prunus Amygdalus Dulcis Oil|3|review
Prunus Amygdalus Dulcis Oil/Prunus Amygdalus Dulcis Oil|Prunus Amygdalus Dulcis Oil|2|high
Prunusamygdalus Dulcis Oil|Prunus Amygdalus Dulcis Oil|2|high
Prunus Amygdalus Oil|Prunus Amygdalus Dulcis Oil|3|review
Prunus Amygdalus Kernel Oil|Prunus Amygdalus Dulcis Kernel Oil|3|review
Prunus Amigdalus Dulcis Fruit Oil|Prunus Amygdalus Dulcis Oil|1|review
Prunus Amygoalus Dulcis Seed MEAL|Prunus Amygdalus Dulcis Seed MEAL|1|high
Prunus Amygdalus Dulcis Seed Extract/Prunus Amygdalus Dulcis Seed Extract|Prunus Amygdalus Dulcis Seed Extract|2|high
Prunus Amygdalus Dulcis Seed Extract/Sweet Almond Seed Extract|Prunus Amygdalus Dulcis Seed Extract|3|review
Prunus Amygdalus Dulcis Protein / Sweet Almond Protein|Prunus Amygdalus Dulcis Protein|3|review
Prunus Amygdalus Dulcis Protein/Sweet Almond Protein|Prunus Amygdalus Dulcis Protein|3|review
Prunus Amygdalus Dulcis Fruit Extract/Sweet Almond Fruit Extract|Prunus Amygdalus Dulcis Fruit Extract|3|review
Prunus Sweet Almond Oil|Prunus Amygdalus Dulcis Oil|3|review
Prunus Ameniaca Kernal Oil|Prunus Armeniaca Kernel Oil|1|high
Prunus Ameniaca Kernel Oil|Prunus Armeniaca Kernel Oil|1|high
Prunus Armeniaca Kernal Oil|Prunus Armeniaca Kernel Oil|1|high
Prunus Armeniaca Kernel Oi|Prunus Armeniaca Kernel Oil|1|high
Prunus Armeniaca Kernel.Oil|Prunus Armeniaca Kernel Oil|1|high
Prunus Armeniana Kernel Oil|Prunus Armeniaca Kernel Oil|1|high
Prunus Armenica Kernel Oil|Prunus Armeniaca Kernel Oil|1|high
Prunus Armeniaca Kernel Oil*|Prunus Armeniaca Kernel Oil|5|high
Prunus Armeniaca Kernel Oil / Apricot Kernel Oil|Prunus Armeniaca Kernel Oil|3|review
Prunus Armeniaca Kernel Oil/Apricot Kernel Oil|Prunus Armeniaca Kernel Oil|3|review
Prunus Armeniaca / Apricot Kernel Oil|Prunus Armeniaca Kernel Oil|3|review
Prunus Armeniaca Apricot Kernel Oil|Prunus Armeniaca Kernel Oil|3|review
Prunus Armenicia Kernel Extract|Prunus Armeniaca Kernel Extract|1|high
Prunus Armeniaca Seed Powder / Apricot Seed Powder|Prunus Armeniaca Seed Powder|3|review
Prunus Armeniaca Seed Powder/Apricot Seed Powder|Prunus Armeniaca Seed Powder|3|review
Prunus Avium Seed Oil/Prunus Avium Seed Oil|Prunus Avium Seed Oil|2|high
Prunus Cerasus Juice*|Prunus Cerasus Juice|5|high
Prunus Dulcis Oil*|Prunus Dulcis Oil|5|high
Prunus Persica Fruit Extract/Prunus Persica Fruit Extract|Prunus Persica Fruit Extract|2|high
Prunus Yeodoensis Leaf Extract|Prunus Yedoensis Leaf Extract|1|high
Psidium Guajava Fruit Exract|Psidium Guajava Fruit Extract|1|high
Psidum Guajava Fruit Extract|Psidium Guajava Fruit Extract|1|high
Pullalan|Pullulan|1|high
Pumpkin Seed Oil*|Pumpkin Seed Oil|5|high
Pueraria Lobata Root Extract*|Pueraria Lobata Root Extract|5|high
Punica Granatam Fruit Juice|Punica Granatum Fruit Juice|1|high
Punica Granatum Extraxt|Punica Granatum Extract|1|high
Punica Granatum Extract*|Punica Granatum Extract|5|high
Punica Granatum Fruit Extract*|Punica Granatum Fruit Extract|5|high
Punica Granatum Seed Oil*|Punica Granatum Seed Oil|5|high
Punica Granatum Seedoil|Punica Granatum Seed Oil|2|high
Punica Grantum Seed Oil|Punica Granatum Seed Oil|1|high
Punica Granatum Oils|Punica Granatum Oil|2|high
Punica Granatum Pomegranate Extract|Punica Granatum Extract|3|review
Purified Water Q.S|Purified Water|4|review
Puyrus Malus Fruit Extract|Pyrus Malus Fruit Extract|1|high
Pyrusmalus Fruit Extract|Pyrus Malus Fruit Extract|2|high
Pyrus Malus Fruit Extract/Apple Fruit Extract|Pyrus Malus Fruit Extract|3|review
Pyrus Mallus Extract|Pyrus Malus Extract|1|high
Pyrus Malus *|Pyrus Malus|5|high
Pyrus Malus Extract / Apple Fruit Extract|Pyrus Malus Extract|3|review
Pyrus Malus Extract/Apple Fruit Extract|Pyrus Malus Extract|3|review
Pyrus Malus Fruit Juice/Pyrus Malus Juice|Pyrus Malus Juice|2|review
Pyrus Malus Juice*|Pyrus Malus Juice|5|high
Pva/Ma Copolymer|Pvm/Ma Copolymer|1|review
Pvp Eicosene Copolymer|Pvp/Eicosene Copolymer|2|high
Pyridoxine Hci|Pyridoxine Hcl|1|high
Pyridoxine Hydrochloride|Pyridoxine Hcl|2|review
Pyroxidine Hcl|Pyridoxine Hcl|1|high
Quar Hydroxypropyltrimonium Chloride|Guar Hydroxypropyltrimonium Chloride|1|review
Quatemium-17|Quaternium-15|1|review
Quaternium 15|Quaternium-15|2|high
Quatrinium-15|Quaternium-15|1|high
Quaternium 90 Bentonite|Quaternium-90 Bentonite|2|high
Quaternium 95|Quaternium-95|2|high
Quilaja Saponaria Bark Extract|Quillaja Saponaria Bark Extract|1|high
Quillajasaponaria Bark Extract|Quillaja Saponaria Bark Extract|2|high
Quillaja Saponarioa Extract|Quillaja Saponaria Extract|1|high
Rapeseed Seed Oil|Rapeseed Oil|2|review
Raspberry Leaf|Red Raspberry Leaf|3|review
Rebaudiana A|Rebaudioside A|1|review
Red #17|Red 17|2|high
Red #33|Red 33|2|high
Red #4|Red 4|2|high
Red #40|Red 40|2|high
Red #7 Lake|Red 7 Lake|2|high
Red #22 Lake|Red 22 Lake|2|high
Red No 7|Red 7|2|high
Red No. 4|Red 4|2|high
Red No.4 CI 14700|Red 4|2|review
Red No. 33|Red 33|2|high
Red No. 30|Red 30|2|high
Red No. 27 Lake|Red 27 Lake|2|high
Red No. 21 Aluminum Lake|Red 21 Lake|2|review
Red No 40 Lake|Red 40 Lake|2|high
Red No. 40 Lake|Red 40 Lake|2|high
Red33|Red 33|2|high
Red4|Red 4|2|high
Red 21 CI 45380|Red 21|2|review
Red 27 Al Lake|Red 27 Lake|2|high
Red 27 Aluminum Lake|Red 27 Lake|2|high
Red 27 Lake CI 45410|Red 27 Lake|2|review
Red 27 Lake/Ci 45410|Red 27 Lake|2|review
Red 27/Ci 45410|Red 27|2|review
Red 28 Lake CI 45410|Red 28 Lake|2|review
Red 33 CI 17200|Red 33|2|review
Red 33 Lake CI 17200|Red 33 Lake|2|review
Red 33/C.I. 17200|Red 33|2|review
Red 33/Ci 17200|Red 33|2|review
Red 4 CI 14700|Red 4|2|review
Red 4/Ci 14700|Red 4|2|review
Red 40 CI 16035|Red 40|2|review
Red 40/Ci 16035|Red 40|2|review
Red 40 Lake/Ci 16035|Red 40 Lake|2|review
Red 6 Ba Lake|Red 6 Lake|2|review
Red 6 Lake CI 15850|Red 6 Lake|2|review
Red 6/Ci 15850|Red 6|2|review
Red 7 Ca Lake|Red 7 Lake|2|review
Red 7 CI 15850|Red 7|2|review
Red 7 Lake CI 15850|Red 7 Lake|2|review
Red 7 Lake/Ci 15850|Red 7 Lake|2|review
Red Iron Oxides|Red Iron Oxide|2|high
Red Oxide CI77491|Red Iron Oxide|3|review
Recutita Flower Extract|Matricaria Recutita Flower Extract|3|review
Retinols|Retinol|2|high
Retinyl Pamitate|Retinyl Palmitate|1|high
Retinylpalmitate|Retinyl Palmitate|2|high
Retinyl Palmitate Vitamin A|Retinyl Palmitate|4|review
Retinal Palmitate|Retinyl Palmitate|1|review
Rhizaobian Gum|Rhizobian Gum|1|high
Rhus Verniciflua Peel Wax/Rhus Verniciflua Peel Cera|Rhus Verniciflua Peel Wax|2|high
Rhusverniciflua Peel Wax/Cera|Rhus Verniciflua Peel Wax|2|review
Ribes Nigrum Oil/Black Currant Seed Oil|Ribes Nigrum Oil|3|review
Ribes Nigrum Seed Oil/Black Currant Seed Oil|Ribes Nigrum Seed Oil|3|review
Rice Proteins|Rice Protein|2|high
Ricinis Communis Seed Oil|Ricinus Communis Seed Oil|1|high
Ricinus Communis Seed Oil*|Ricinus Communis Seed Oil|5|high
Ricinus Communis Seed Oil¬∑|Ricinus Communis Seed Oil|5|high
Ricinus Communis Seed Oil / Castor Seed Oil|Ricinus Communis Seed Oil|3|review
Ricinus Communis Seed Oil/Castor Seed Oil|Ricinus Communis Seed Oil|3|review
Ricinus Communis Seed Oil/Ricinus Communis Seed Oil|Ricinus Communis Seed Oil|2|high
Rincinus Communis Seed Oil|Ricinus Communis Seed Oil|1|high
Ricinus Communis Oil / Castor Seed Oil|Ricinus Communis Oil|3|review
Ricinus Communis Oil/Castor Seed Oil|Ricinus Communis Oil|3|review
Romarinus Officinalis Leaf Extract|Rosmarinus Officinalis Leaf Extract|1|review
Ros-Marinus Officinalis Leaf Extract|Rosmarinus Officinalis Leaf Extract|2|review
Roman Camomile Oil|Roman Chamomile Oil|1|high
Rosa Canina Fruit Extract*|Rosa Canina Fruit Extract|5|high
Rosa Canina Fruitextract|Rosa Canina Fruit Extract|2|high
Rosa Canina Fruit Oil*|Rosa Canina Fruit Oil|5|high
Rosa Canina Seed Oil*|Rosa Canina Seed Oil|5|high
Rosa Canina Co2*|Rosa Canina Co2|5|high
Rosa Centiflora Flower Extract|Rosa Centifolia Flower Extract|1|high
Rosa Centifolia Petals*|Rosa Centifolia Petals|5|high
Rosa Centifolia Extract / Rosa Centifolia Flower Extract|Rosa Centifolia Flower Extract|3|review
Rosa Centifolia Water/Rosa Centifolia Flower Water|Rosa Centifolia Flower Water|2|high
Rosa Dam-Ascena Extract|Rosa Damascena Extract|2|high
Rosa Damascene Absolute|Rosa Damascena Absolute|1|high
Rosa Damascene Essential Oil|Rosa Damascena Essential Oil|1|high
Rosa Damascene Flower Extract|Rosa Damascena Flower Extract|1|high
Rosa Damascene Flower Oil|Rosa Damascena Flower Oil|1|high
Rosa Damescena Flower Oil|Rosa Damascena Flower Oil|1|high
Rosa Damascena Flower Oll|Rosa Damascena Flower Oil|1|high
Rosa Damascene Flower Water|Rosa Damascena Flower Water|1|high
Rosa Demascena Flower Water|Rosa Damascena Flower Water|1|high
Rosa Damascene Powder|Rosa Damascena Powder|1|high
Rosa Damascena Flower Oil*|Rosa Damascena Flower Oil|5|high
Rosa Damascena Flower Oil**|Rosa Damascena Flower Oil|5|high
Rosa Damascena Flower Water*|Rosa Damascena Flower Water|5|high
Rosa Damascena Flower Distillate*|Rosa Damascena Flower Distillate|5|high
Rosa Damascena Oil*|Rosa Damascena Oil|5|high
Rosa Damascena Hydrosol*|Rosa Damascena Hydrosol|5|high
Rosa Damascena Rose Flower Oil|Rosa Damascena Flower Oil|3|review
Rosa Eglantaria Seed Oil|Rosa Eglanteria Seed Oil|1|high
Rosa Gallic Flower Extract|Rosa Gallica Flower Extract|1|high
Rosa Gallica Extract / Rosa Gallica Flower Extract|Rosa Gallica Flower Extract|3|review
Rosa Gallica Extract/Rosa Gallica Flower Extract|Rosa Gallica Flower Extract|3|review
Rosa Rubginosa Seed Oil|Rosa Rubiginosa Seed Oil|1|high
Rosa Rubigenosa Seed Oil|Rosa Rubiginosa Seed Oil|1|high
Rosa Rubignosa Seed Oil|Rosa Rubiginosa Seed Oil|1|high
Rosa Rubiginosa Seed Oil*|Rosa Rubiginosa Seed Oil|5|high
Rosa Rubiginosa Seed Oil¬∑|Rosa Rubiginosa Seed Oil|5|high
Rosa Mosqueta Oil|Rosa Mosqueta Seed Oil|2|review
Reishi Mushroom|Reishi|2|review
Rosa Spp / Rose Flower Oil|Rosa Spp/Rose Flower Oil|2|high
Rosamarinus Officinalis Extract|Rosmarinus Officinalis Extract|1|high
Rosamarinus Officinalis Leaf Extract|Rosmarinus Officinalis Leaf Extract|1|high
Rosarinus Officinalis Leaf Extract|Rosmarinus Officinalis Leaf Extract|1|high
Rosemarinus Officinalis Leaf Extract|Rosmarinus Officinalis Leaf Extract|1|high
Rosmari-Nus Officinalis Leaf Extract|Rosmarinus Officinalis Leaf Extract|2|high
Rosmarinus Leaf Extract|Rosmarinus Officinalis Leaf Extract|2|high
Rosmarinus Ocinalis Leaf Extract|Rosmarinus Officinalis Leaf Extract|1|high
Rosmarinus Ofcinalis Leaf Extract|Rosmarinus Officinalis Leaf Extract|1|high
Rosmarinus Offcinalis Leaf Extract|Rosmarinus Officinalis Leaf Extract|1|high
Rosmarinus Officialis Leaf Extract|Rosmarinus Officinalis Leaf Extract|1|high
Rosmarinus Offocinalis Leaf Extract|Rosmarinus Officinalis Leaf Extract|1|high
Rosemary Officinalis Leaf Extract|Rosmarinus Officinalis Leaf Extract|1|review
Rosmarinus Officinalis Leaf Extract*|Rosmarinus Officinalis Leaf Extract|5|high
Rosmarinus Officinalis Leaf Extract+|Rosmarinus Officinalis Leaf Extract|5|high
Rosmarinus Officinalis Leaf Extract/Rosmarinus Officinalis Leaf Extract|Rosmarinus Officinalis Leaf Extract|2|high
Rosmarinus Officinalis Leaf Extract / Rosemary Leaf Extract|Rosmarinus Officinalis Leaf Extract|3|review
Rosmarinus Officinalis Leaf Extract/Rosemary Leaf Extract|Rosmarinus Officinalis Leaf Extract|3|review
Rosmarinus Officinalis Leaf Extract/Rosemary Extract|Rosmarinus Officinalis Leaf Extract|3|review
Rosmarinus Officinalis Rosemary Leaf Extract|Rosmarinus Officinalis Leaf Extract|3|review
Rosmarinus Officinalis Extract / Rosemary Leaf Extract|Rosmarinus Officinalis Extract|3|review
Rosemarinus Officials Leaf Oil|Rosmarinus Officinalis Leaf Oil|1|high
Rosmarinus Of CINALIS Leaf Oil|Rosmarinus Officinalis Leaf Oil|1|high
Rosmarinus Officinalis Leaf Oil*|Rosmarinus Officinalis Leaf Oil|5|high
Rosmarinus Officinalis Leaf Oil / Rosemary Leaf Oil|Rosmarinus Officinalis Leaf Oil|3|review
Rosmarinus Officinalis Leaf Oil/Rosemary Leaf Oil|Rosmarinus Officinalis Leaf Oil|3|review
Rosmarinus Officials Oil|Rosmarinus Officinalis Oil|1|high
Rosmarinus Officinalis Oil*|Rosmarinus Officinalis Oil|5|high
Rosemarinus Officinalis Oil|Rosmarinus Officinalis Oil|1|high
Rosemarinus Officinalis Extract|Rosmarinus Officinalis Extract|1|high
Rosemarinus Officinalis|Rosmarinus Officinalis|1|high
Rosmarinus Officinalis Flower/Leaf/Stem Extract*|Rosmarinus Officinalis Flower/Leaf/Stem Extract|5|high
Rosmarinus Officinalis Rosemary Extract|Rosmarinus Officinalis Extract|3|review
Rosemary Officinalis Leaf Oil|Rosmarinus Officinalis Leaf Oil|1|review
Rosemary Officinalis Leaf Oil*|Rosmarinus Officinalis Leaf Oil|1|review
Rosemary Extract*|Rosemary Extract|5|high
Rosewood Essential Oils|Rosewood Essential Oil|2|high
Rosin / Colophonium / Colophane|Rosin/Colophonium/Colophane|2|high
Rose Fiower Oil|Rose Flower Oil|1|high
Rose Hips Seed Oil|Rose Hip Seed Oil|2|high
Rose*|Rose|5|high
Rose Canina Fruit Oil|Rosa Canina Fruit Oil|1|review
Rosehip Seed Fruit Oil*|Rosehip Seed Fruit Oil|5|high
Rubus Fru-Ticosus Fruit Extract|Rubus Fruticosus Fruit Extract|2|high
Rubus Fruticosis Fruit Extract|Rubus Fruticosus Fruit Extract|1|high
Rubus Fruticosus Fruit Extract*|Rubus Fruticosus Fruit Extract|5|high
Rubus Fruticosus Fruit Extract/Blackberry Fruit Extract|Rubus Fruticosus Fruit Extract|3|review
Rubus Vilosus Extract|Rubus Villosus Leaf Extract|1|review
Rubus Ldaeus Fruit Extract|Rubus Idaeus Fruit Extract|1|high
Rubus Idaeus Fruit Extract*|Rubus Idaeus Fruit Extract|5|high
Rubus Ideaus Seed Oil|Rubus Idaeus Seed Oil|1|high
Rubus Idaeus Seed Oil*|Rubus Idaeus Seed Oil|5|high
Rubus Idaeus Raspberry Seed Oil|Rubus Idaeus Seed Oil|3|review
Rubus Idaeus *|Rubus Idaeus|5|high
Rubus Idaeus Leaf Extract*|Rubus Idaeus Leaf Extract|5|high
Rubus Idaeus Leaf Extract**|Rubus Idaeus Leaf Extract|5|high
Rubus Ldaeus Leafextract|Rubus Idaeus Leaf Extract|1|high
Ruscus Aculeatus Extract / Ruscus Aculeatus Root Extract|Ruscus Aculeatus Root Extract|3|review
Ruta Graveolens*|Ruta Graveolens Extract|5|review
Sabucus Nigra Oil|Sambucus Nigra Oil|1|review
Saccaromyces Ferment|Saccharomyces Ferment|1|high
Saccharomyses Cerevisiae Extract|Saccharomyces Cerevisiae Extract|1|high
Sacchromyces/Copper Ferment|Saccharomyces/Copper Ferment|1|high
Sacharomyces/Copper Ferment|Saccharomyces/Copper Ferment|1|high
Saccharomyces/Xylinum/ Black TEA Ferment|Saccharomyces/Xylinum/Black TEA Ferment|2|high
Saccharomyces Xylinum Black TEA Ferment|Saccharomyces/Xylinum/Black TEA Ferment|2|high
Saccharum O CINARUM Extract|Saccharum Officinarum Extract|1|high
Saccharum Ocinarum Extract|Saccharum Officinarum Extract|1|high
Saccharum Officinalis Extract|Saccharum Officinarum Extract|1|high
Saccharum Officinarium Extract|Saccharum Officinarum Extract|1|high
Saccharum Offinarum Extract|Saccharum Officinarum Extract|1|high
Saccharum Officinarum Extract / Sugar Cane Extract|Saccharum Officinarum Extract|3|review
Saccharum Officinarum Extract / Sugar Cane Extract / Extrait De Canne A Sucre|Saccharum Officinarum Extract|3|review
Saccharum Officinarum Extract/Sugar Cane Extract|Saccharum Officinarum Extract|3|review
Saccharum Officinarum Extract/Sugarcane Extract|Saccharum Officinarum Extract|3|review
Saccharum Officinarum Extract/Sugarcane Extract/Extrait De Canne A Sucre|Saccharum Officinarum Extract|3|review
Saccharum Officinarum Extract/Extrait De A Sucre|Saccharum Officinarum Extract|3|review
Saccharum Officinarum Extract/Extrait De Canne A Sucre|Saccharum Officinarum Extract|3|review
Saccharum Officinarum Extract/Extrait De C√Ånne √Ä Sucre|Saccharum Officinarum Extract|3|review
Saccharide Isoerate|Saccharide Isomerate|1|high
S0Dium Sulfate|Sodium Sulfate|1|high
Safflower Acids|Safflower Acid|2|high
Safflower Glycerides|Safflower Glyceride|2|high
Safflower Oil*|Safflower Oil|5|high
Safflower Oil / Palm Oil Aminopropanediol Esters|Safflower Oil/Palm Oil Aminopropanediol Esters|2|high
Salicyclic Acid|Salicylic Acid|1|high
Salicylic Acid Usp|Salicylic Acid|4|high
Salicylic Acid*|Salicylic Acid|5|high
Salicylic Acid 0.5%|Salicylic Acid|4|high
Salicylic Acid 0.6%|Salicylic Acid|4|high
Salicylic Acid 1%|Salicylic Acid|4|high
Salicylic Acid 1.5%|Salicylic Acid|4|high
Salicylic Acid 1.50%|Salicylic Acid|4|high
Salicylic Acid 2%|Salicylic Acid|4|high
Salicylic Acid 2.0%|Salicylic Acid|4|high
Salicylic Acid 5%|Salicylic Acid|4|high
Salicylic Acid 7%|Salicylic Acid|4|high
Salicylic Acid-1.0%|Salicylic Acid|4|high
Salicyloyl Phytosphing Sine|Salicyloyl Phytosphingosine|1|high
Salicyolyl Phytosphinogosine|Salicyloyl Phytosphingosine|1|high
Salix Alba Bark Extract*|Salix Alba Bark Extract|5|high
Salix Alba Bark Extract/Salix Alba Bark Extract|Salix Alba Bark Extract|2|high
Salix Alba Bark Extract Certified Organic|Salix Alba Bark Extract|4|review
Salvia Hispanica Seed Extract*|Salvia Hispanica Seed Extract|5|high
Salvia Hispanica Seed Oil*|Salvia Hispanica Seed Oil|5|high
Salvia Offcinalis Leaf Extract|Salvia Officinalis Leaf Extract|1|review
Salvia Officinalus Leaf Extract|Salvia Officinalis Leaf Extract|1|high
Savia Officinalis Leaf Extract|Salvia Officinalis Leaf Extract|1|high
Salvia Officinalis Leaf Extract*|Salvia Officinalis Leaf Extract|5|high
Salvia Scalarea|Salvia Sclarea|1|high
Salvia Sclera Essential Oil|Salvia Sclarea Essential Oil|1|high
Salvia Sclarea Oil*|Salvia Sclarea Oil|5|high
Salvia Sclarea Sage Extract|Salvia Sclarea Extract|3|review
Salycilates|Salicylic Acid|1|review
Sambucus Canadensis Flower Extract*|Sambucus Canadensis Flower Extract|5|high
Sambucus Nigra Flower Extract/Sambucus Nigra|Sambucus Nigra Flower Extract|2|high
Sandalwood Essential Oils|Sandalwood Essential Oil|2|high
Sanicula Europea Extract|Sanicula Europaea Extract|1|high
Santalum Album Oil*|Santalum Album Oil|5|high
Santalum Spiata Wood Oil|Santalum Spicata Wood Oil|1|high
Sapindus Mukurossi Fruit Extract|Sapindus Mukorossi Fruit Extract|1|high
Sapindus Mukurossi Peel Extract|Sapindus Mukorossi Peel Extract|1|high
Saponaria Officinalis L|Saponaria Officinalis|4|review
Saponified Butyrospermum Parkii Butter*|Saponified Butyrospermum Parkii Butter|5|high
Saponified Butyrosperum Parkii Butter|Saponified Butyrospermum Parkii Butter|1|high
Saponified Coconut Oils|Saponified Coconut Oil|2|high
Saponofied Olive Oil|Saponified Olive Oil|1|high
Sargassumfulvellum Extract|Sargassum Fulvellum Extract|2|high
Schinziophyton Rautanenii Kernal Oil|Schinziophyton Rautanenii Kernel Oil|1|high
Schinziophyton Rautanenii Kernel Oil*|Schinziophyton Rautanenii Kernel Oil|5|high
Schisandra Spenanthera Fruit Extract|Schisandra Sphenanthera Fruit Extract|1|high
Schizandea Chinensis Fruit Extract|Schizandra Chinensis Fruit Extract|1|high
Schizandra Chinesis Fruit Extract|Schizandra Chinensis Fruit Extract|1|high
Sclerocarya Bierra Seed Oil|Sclerocarya Birrea Seed Oil|1|high
Sclerocarya Binea Seed Oi|Sclerocarya Birrea Seed Oil|1|high
Sclerocarya Birrea Seed Oil*|Sclerocarya Birrea Seed Oil|5|high
Sclerocarya Birrea Kernel Oil*|Sclerocarya Birrea Kernel Oil|5|high
Sclerorium Gum|Sclerotium Gum|1|high
Scutellana Baicalensis Root Extract|Scutellaria Baicalensis Root Extract|1|high
Scutellaria Balcalensis Root Extract|Scutellaria Baicalensis Root Extract|1|high
Scutellaria Baicalensis Extract / Scutellaria Baicalensis Root Extract|Scutellaria Baicalensis Root Extract|3|review
Scutellaria Baicalensis Extract/Scutellaria Baicalensis Root Extract|Scutellaria Baicalensis Root Extract|3|review
Sd Alcohol 38-B*|Sd Alcohol 38-B|5|high
Sd Alcohol 38B|Sd Alcohol 38-B|2|high
Sda 38B|Sd Alcohol 38-B|2|review
Sd Alcohol 40B|Sd Alcohol 40-B|2|high
Sda Alcohol 40-B|Sd Alcohol 40-B|2|high
Sd Alcohol 40-B/Alcohol Denat|Sd Alcohol 40-B|3|review
Sd-Alcohol 40|Sd Alcohol 40|2|high
Sd-40 Alcohol|Sd Alcohol 40|2|high
Sd Alcohol-40|Sd Alcohol 40|2|high
Sda 40|Sd Alcohol 40|2|review
Sda-39C Menthol|Sd Alcohol 39-C|1|review
Sea Salt / Maris Sal|Sea Salt|3|review
Sea Salt/Maris Sal|Sea Salt|3|review
Sea Salt/Maris Sal/Sel Marin|Sea Salt|3|review
Sea Salt\Maris Sal\Sel Marin|Sea Salt|3|review
Sea Salt/Sel De Mer|Sea Salt|3|review
Sea Saltmaris|Sea Salt|1|review
Sea Buckthorn Oil*|Sea Buckthorn Oil|5|high
Seabuckthorn Oil|Sea Buckthorn Oil|2|high
Seabuckthorn Fruit Oil|Sea Buckthorn Fruit Oil|2|high
Seakelp Bioferment|Sea Kelp Bioferment|2|high
Sea Water/Maris Aqua/Eau De Mer|Sea Water|3|review
Secale Cerale Seed Extract|Secale Cereale Seed Extract|1|high
Secale Cereale Extract / Rye Seed Extract|Secale Cereale Seed Extract|3|review
Secale Cereale Extract/Rye Seed Extract|Secale Cereale Seed Extract|3|review
Secale Cereale Seed Extract/Rye Seed Extract|Secale Cereale Seed Extract|3|review
Sepigel 305‚Ñ¢|Sepigel 305|2|high
Serica Powder/Silk Powder/Poudre De Soie|Serica/Silk Powder/Poudre De Soie|2|review
Sesamum Indium Oil|Sesamum Indicum Oil|1|high
Sesamum Indicum Oil*|Sesamum Indicum Oil|5|high
Sesamum Indicum Oil / Sesame Seed Oil|Sesamum Indicum Oil|3|review
Sesamun Indicum Seed Oil|Sesamum Indicum Seed Oil|1|high
Sesamum Indicum Seed Oil / Sesame Seed Oil|Sesamum Indicum Seed Oil|3|review
Sesamum Indicum Seed Oil/Sesame Seed Oil|Sesamum Indicum Seed Oil|3|review
Sesamum Indicum Seed Oil/Sesamum Indicum Seed Oil|Sesamum Indicum Seed Oil|2|high
Sesamum Indicum Sesame Seed Oil|Sesamum Indicum Seed Oil|3|review
Sesamum Indicum Seeds|Sesamum Indicum Seed|2|review
Sh Oligopeptide-1|Sh-Oligopeptide-1|2|high
Sh-Oligo-Peptide-2|Sh-Oligopeptide-2|2|high
Sh Polypeptide 45|Sh-Polypeptide-45|2|high
Shea Butter*|Shea Butter|5|high
Shea Butter Butyrospermum Parkii|Shea Butter|3|review
Shisandra Extract|Schisandra Extract|1|review
Siegesbeckia Orientalis Extract|Sigesbeckia Orientalis Extract|1|review
Silica /Silica|Silica|2|high
Silica Dimethyl Silyate|Silica Dimethyl Silylate|1|high
Silica Dimethylsilylate|Silica Dimethyl Silylate|2|high
Silica Dimethyl Silylate / Silica Dimethyl Silylate|Silica Dimethyl Silylate|2|high
Silica Dimethyl Silicate|Silica Dimethyl Silylate|1|review
Silicone Dioxide|Silicon Dioxide|1|review
Simmodsia Chinensis Seed Oil|Simmondsia Chinensis Seed Oil|1|high
Simmondisa Chinensis Seed Oil|Simmondsia Chinensis Seed Oil|1|high
Simmondsia Chinenesis Seed Oil|Simmondsia Chinensis Seed Oil|1|high
Simmondsia Chinensis Seed Oi|Simmondsia Chinensis Seed Oil|1|high
Simmondsia Chineses Seed Oil|Simmondsia Chinensis Seed Oil|1|high
Simmondsia Chinesis Seed Oil|Simmondsia Chinensis Seed Oil|1|high
Simmonsia Chinensis Seed Oil|Simmondsia Chinensis Seed Oil|1|high
Simondsia Chinensis Seed Oil|Simmondsia Chinensis Seed Oil|1|high
Sirnmondsia Chinensis Seed Oil|Simmondsia Chinensis Seed Oil|1|high
Simmondsia Chinensis Seeds Oil|Simmondsia Chinensis Seed Oil|1|high
Simmondsia Chinensis Seed Oil*|Simmondsia Chinensis Seed Oil|5|high
Simmondsia Chinensis Seed Oil / Jojoba Seed Oil|Simmondsia Chinensis Seed Oil|3|review
Simmondsia Chinensis Seed Oil/Jojoba Seed Oil|Simmondsia Chinensis Seed Oil|3|review
Simmondsia Chinensis Seed Oilu Jojoba Seed Oil|Simmondsia Chinensis Seed Oil|1|review
Simmondsia Chinensis Seed Oil/Simmondsia Chinensis Seed Oil|Simmondsia Chinensis Seed Oil|2|high
Simmondsia Chinensis/Jojoba Seed Oil|Simmondsia Chinensis Seed Oil|3|review
Simmondsia Chinenesis Seed Oil/Simmondsia Chinenesis Seed Oil|Simmondsia Chinensis Seed Oil|1|review
Simmondsia Chinesis Oil|Simmondsia Chinensis Oil|1|high
Simondsia Chinensis Oil|Simmondsia Chinensis Oil|1|high
Simmondsia Chinensis Oil / Jojoba Seed Oil|Simmondsia Chinensis Oil|3|review
Simmondsia Chinensis Oil/Jojoba Seed Oil|Simmondsia Chinensis Oil|3|review
Simmondsia Chinenesis Butter|Simmondsia Chinensis Butter|1|high
Simmondsia Chinensis Butter / Jojoba Butter|Simmondsia Chinensis Butter|3|review
Simmondsia Chinensis Butter/Jojoba Butter|Simmondsia Chinensis Butter|3|review
Siraitia Grosvenorii Extract*|Siraitia Grosvenorii Extract|5|high
Slcerotium Gum|Sclerotium Gum|1|high
Slica|Silica|1|high
Smilax Aristolochiaefolia Root Extract|Smilax Aristolochiifolia Root Extract|1|review
Soamum Melongena Fruit Extract|Solanum Melongena Fruit Extract|1|review
Sobitan Olivate|Sorbitan Olivate|1|review
Soda Lye|Sodium Hydroxide|3|review
Sodidum Metabisulfite|Sodium Metabisulfite|1|review
Sodium Acrylate / Sodium Acryloyldimethyl Taurate Copolymer|Sodium Acrylate/Sodium Acryloyldimethyl Taurate Copolymer|2|high
Sodium Acrylate/ Sodium Acryloyldimethyl Taurate Copolymer|Sodium Acrylate/Sodium Acryloyldimethyl Taurate Copolymer|2|high
Sodium Acrylate/Sodium Acrylolydimethyl Taurate Copolymer|Sodium Acrylate/Sodium Acryloyldimethyl Taurate Copolymer|1|high
Sodium Acrylate/Sodium Acryloyl Dimethyl Taurate Copolymer|Sodium Acrylate/Sodium Acryloyldimethyl Taurate Copolymer|2|high
Sodium Acrylate/Sodium Acryloyldimethyltaurate Copolymer|Sodium Acrylate/Sodium Acryloyldimethyl Taurate Copolymer|2|high
Sodium Acrylate/Acryloyldimetyltaurate/Dimethylacrylamide Crosspolymer|Sodium Acrylate/Acryloyldimethyltaurate/Dimethylacrylamide Crosspolymer|1|high
Sodium Acrylate/Acryloldimethyltaurate/Dimethylacrylamide Crosspolymer|Sodium Acrylate/Acryloyldimethyltaurate/Dimethylacrylamide Crosspolymer|1|high
Sodium Acryloyldimethyltaurate Copolymer|Sodium Acryloyldimethyl Taurate Copolymer|2|high
Sodium Acrylates|Sodium Acrylate|2|high
Sodium Avocadoate|Sodium Avocadate|1|high
Sodium Benzoic Acid|Sodium Benzoate|3|review
Sodium Benzotriazole Butylphenol Sulfonate|Sodium Benzotriazolyl Butylphenol Sulfonate|1|high
Sodium C12 14 Olefin Sulfonate|Sodium C12-14 Olefin Sulfonate|2|high
Sodium C14 16 Olefin Sulfonate|Sodium C14-16 Olefin Sulfonate|2|high
Sodium C14-C16 Olefin Sulfonate|Sodium C14-16 Olefin Sulfonate|2|high
Sodium Caproyl Methyl Taurate|Sodium Caproyl Methyltaurate|2|high
Sodium Carboxymethyl Betaglucan|Sodium Carboxymethyl Beta-Glucan|2|high
Sodium Carboxymethylcellulose|Sodium Carboxymethyl Cellulose|2|high
Sodium Cetostearyl Sulphate|Sodium Cetostearyl Sulfate|2|high
Sodium Chondroitin Sul|Sodium Chondroitin Sulfate|1|high
Sodium Cocoate*|Sodium Cocoate|5|high
Sodium Cocoate / Sodium Palm Kernelate|Sodium Cocoate|3|review
Sodium Cocoate /Sodium Palm Kernelate|Sodium Cocoate|3|review
Sodium Cocoate And/Or Sodium Palm Kernelate|Sodium Cocoate|3|review
Sodium Cocoate Or Sodium Palm Kernelate|Sodium Cocoate|3|review
Sodium Cocoate Or/O Sodium Palm Kernelate|Sodium Cocoate|3|review
Sodium Cocoate Or/Ou Sodium Palm Kernelate|Sodium Cocoate|3|review
Sodium Cocoate/Sodium Palm Kernalate|Sodium Cocoate|3|review
Sodium Cocoate/Sodium Palm Kernelate|Sodium Cocoate|3|review
Sodium Cocoate/Sodium Palmkernelate|Sodium Cocoate|3|review
Sodium Coco Sulphate|Sodium Coco Sulfate|2|high
Sodium Coco-Sulphate|Sodium Coco-Sulfate|2|high
Sodium Cocosulfate|Sodium Coco-Sulfate|2|high
Sodium Cocoglucoside Tartrate|Sodium Coco-Glucoside Tartrate|2|high
Sodium Cocomphoacetate|Sodium Cocoamphoacetate|1|high
Sodium Cocoampho-Acetate|Sodium Cocoamphoacetate|2|high
Sodium Cocoyl Glutamate*|Sodium Cocoyl Glutamate|5|high
Sodium Cocoyl Isothionate|Sodium Cocoyl Isethionate|1|high
Sodium Cocoyl Lsethionate|Sodium Cocoyl Isethionate|1|high
Sodium Cocoylisethionate|Sodium Cocoyl Isethionate|2|high
Sodium Cocyl Isethionate|Sodium Cocoyl Isethionate|1|high
Sodium Cocyl Glutamate|Sodium Cocoyl Glutamate|1|high
Sodium Cocoyl Hydrolized Wheat Protein|Sodium Cocoyl Hydrolyzed Wheat Protein|1|high
Sodium Dodecylbenzenesulfonate|Sodium Dodecylbenzene Sulfonate|2|high
Sodium Edetate|Sodium Edta|3|review
Sodium Glycerophosphate*|Sodium Glycerophosphate|5|high
Sodium Hydrate|Sodium Hydroxide|3|review
Sodium Hydroxymethyl Glycinate|Sodium Hydroxymethylglycinate|2|high
Sodium Laurel Sulfate|Sodium Lauryl Sulfate|1|review
Sodium Lauryl Sulphate|Sodium Lauryl Sulfate|2|high
Sodium Lauryl Sulfates|Sodium Lauryl Sulfate|2|high
Sodium Lauryl Sulfate Nf|Sodium Lauryl Sulfate|4|high
Sodium Lauryl Sulfate*|Sodium Lauryl Sulfate|5|high
Sodium Laureth Sulphate|Sodium Laureth Sulfate|2|high
Sodium Laureth Sufate|Sodium Laureth Sulfate|1|high
Sodium Lauromaphoacetate|Sodium Lauroamphoacetate|1|high
Sodium Lauroy Sarcosinate|Sodium Lauroyl Sarcosinate|1|high
Sodium Lauroyl Sacrosinate|Sodium Lauroyl Sarcosinate|1|high
Sodium Lauroylsarcosinate|Sodium Lauroyl Sarcosinate|2|high
Sodium Lauroyl Lactyale|Sodium Lauroyl Lactylate|1|high
Sodiumlauroyl Lactylate|Sodium Lauroyl Lactylate|2|high
Sodium Lauroyl Isethionate*|Sodium Lauroyl Isethionate|5|high
Sodiumlauroylisethionate|Sodium Lauroyl Isethionate|2|high
Sodium Lauroyl Methyl Lsethionate|Sodium Lauroyl Methyl Isethionate|1|high
Sodium Lauroyl Oat Amino Acides|Sodium Lauroyl Oat Amino Acids|1|high
Sodium Lauryl Glucoside Hydroxypropylsulfonate|Sodium Lauryl Glucosides Hydroxypropylsulfonate|2|high
Sodium Laurylglucosides Hydropropylsulfonate|Sodium Laurylglucosides Hydroxypropylsulfonate|1|high
Sodium Meta Bisulfite|Sodium Metabisulfite|2|high
Sodium Meta-Bisulfite|Sodium Metabisulfite|2|high
Sodium Metabisulfate|Sodium Metabisulfite|1|high
Sodium Metabisulphite|Sodium Metabisulfite|2|high
Sooium Metabisulfite|Sodium Metabisulfite|1|high
Sodium Methyl 2 Sulfolaurate|Sodium Methyl 2-Sulfolaurate|2|high
Sodium Methyl-2 Sulfolaurate|Sodium Methyl 2-Sulfolaurate|2|high
Sodium Methyl Cocoy Taurate|Sodium Methyl Cocoyl Taurate|1|high
Sodium Myristoyl Sarconsinate|Sodium Myristoyl Sarcosinate|1|high
Sodium Olivate Fruit Oil|Sodium Olivate|3|review
Sodium Olivate Oil|Sodium Olivate|3|review
Sodium Palm Kemelate|Sodium Palm Kernelate|1|high
Sodium Palm Kernalate|Sodium Palm Kernelate|1|high
Sodium Palmkernelate|Sodium Palm Kernelate|2|high
Sodium Palm Kernelate*|Sodium Palm Kernelate|5|high
Sodium Palmate Oil|Sodium Palmate|3|review
Sodium Palmate*|Sodium Palmate|5|high
Sodium Palmate And/Or Sodium Tallowate|Sodium Palmate|3|review
Sodium Palmate/Cocoate|Sodium Palmate|3|review
Sodium Palmate/Sodium Palm Kernelate|Sodium Palmate|3|review
Sodium Peanutate*|Sodium Peanutate|5|high
Sodium Poly-Acrylate|Sodium Polyacrylate|2|high
Sodium Polycrylate|Sodium Polyacrylate|1|high
Sodium Polyasparate|Sodium Polyaspartate|1|high
Sodium Propoxyhydroxypropyl Thiosulfate Silicia|Sodium Propoxyhydroxypropyl Thiosulfate Silica|1|high
Sodium Shea Butterate*|Sodium Shea Butterate|5|high
Sodium Steaoryl Lactylate|Sodium Stearoyl Lactylate|1|high
Sodium Stearoyl Lacylate|Sodium Stearoyl Lactylate|1|high
Sodium Stearoyl Glutamate*|Sodium Stearoyl Glutamate|5|high
Sodium Stearoyl Glutamate**|Sodium Stearoyl Glutamate|5|high
Sodium Stearoyl 2 Lactylate|Sodium Stearoyl-2-Lactylate|2|high
Sodium Sulphate|Sodium Sulfate|2|high
Sodium Sulphite|Sodium Sulfite|2|high
Sodium Sunflower Seedate|Sodium Sunflowerate|3|review
Sodium Tallowate Or Sodium Palmitate|Sodium Tallowate|3|review
Sodium Tallowate Or/O Sodium Palmitate|Sodium Tallowate|3|review
Sodium Tallowate Or/Ou Sodium Palmitate|Sodium Tallowate|3|review
Sodium Xylenesulphonate|Sodium Xylene Sulfonate|2|high
Sodium Xylenesulfonate|Sodium Xylene Sulfonate|2|high
Sodium Zylenesulfonate|Sodium Xylene Sulfonate|1|high
Sodiumcocoylisethionate|Sodium Cocoyl Isethionate|2|high
Sodum Pca|Sodium Pca|1|high
Soja Oil|Glycine Soja Oil|3|review
Solanium Lycopersicum Extract|Solanum Lycopersicum Extract|1|high
Solanum Lyopersicum Fruit Extract|Solanum Lycopersicum Fruit Extract|1|high
Solanum Lycopersecum Fruit Extract|Solanum Lycopersicum Fruit Extract|1|high
Solanum Lycopersicum Extract*|Solanum Lycopersicum Extract|5|high
Solanum Melongena Fruitextract|Solanum Melongena Fruit Extract|2|high
Solum Diatomeae/Diatomaceous Earth|Solum Diatomeae|3|review
Solum Diatomeae/Diatomaceous Earth/Terre De Diatomees|Solum Diatomeae|3|review
Solluble Collagen|Soluble Collagen|1|high
Soluable Collagen|Soluble Collagen|1|high
Sorbital|Sorbitol|1|high
Sorbitan Isosterate|Sorbitan Isostearate|1|high
Sorbitan Oilivate|Sorbitan Olivate|1|high
Sorbitanoleate|Sorbitan Oleate|2|high
Sorbitan Triolate|Sorbitan Trioleate|1|high
Sorbitan Sesquisostearate|Sorbitan Sesquiisostearate|1|high
Sorbitan Sesquloleate|Sorbitan Sesquioleate|1|high
Sorbitan Monooleate|Sorbitan Oleate|3|review
Sorbitan Monostearate|Sorbitan Stearate|3|review
Sorbitan Monolaurate|Sorbitan Laurate|3|review
Steareth 2|Steareth-2|2|high
Steareth 20|Steareth-20|2|high
Steareth 100|Steareth-100|2|high
Steareth 21|Steareth-21|2|high
Soualane|Squalane|1|high
Soy Amino Acid|Soy Amino Acids|2|high
Soy Bean Oil|Soybean Oil|2|high
Soya Bean Oil|Soybean Oil|2|high
Soya Oil|Soybean Oil|2|review
Soy Oil|Soybean Oil|2|review
Soy Proteins|Soy Protein|2|high
Soy Sterols|Soy Sterol|2|high
Soya Sterol|Soy Sterol|2|review
Soybean Sterols|Soybean Sterol|2|high
Soybean Glycerides**|Soybean Glycerides|5|high
Soyamidopropylkonium Chloride|Soyamidopropalkonium Chloride|1|review
Soymilk|Soy Milk|2|high
Spearmint Essential Oils|Spearmint Essential Oil|2|high
Spilanthes Acmella Fower/Leaf/Stem Extract|Spilanthes Acmella Flower/Leaf/Stem Extract|1|high
Spilanthes Acmella Flower Extract*|Spilanthes Acmella Flower Extract|5|high
Spinacea Oleracea Leaf Extract|Spinacia Oleracea Leaf Extract|1|high
Spinacia Oleracea Extract*|Spinacia Oleracea Extract|5|high
Spiraea Ulmaria Flower Extract*|Spiraea Ulmaria Flower Extract|5|high
Spirea √Úlmaira Leaf Extract|Spiraea Ulmaria Leaf Extract|1|high
Spirulina Maxima Powder Chinese|Spirulina Maxima Powder|4|review
Squalane Oil|Squalane|2|review
Squalane*|Squalane|5|high
Squalene Oil|Squalene|2|review
Sr-Hydrozoan Polypeptide 1|Sr-Hydrozoan Polypeptide-1|2|high
Stachys Officialis Extract|Stachys Officinalis Flower/Leaf/Stem Extract|1|review
Steanc Acid|Stearic Acid|1|high
Stearlc Acid|Stearic Acid|1|high
Steric Acid|Stearic Acid|1|high
Stearicacid|Stearic Acid|2|high
Stearic Acid Nf|Stearic Acid|4|high
Stearic Acid Usp|Stearic Acid|4|high
Stearic Acid*|Stearic Acid|5|high
Stearique Acide Nf|Stearic Acid|3|review
Steary Alcohol|Stearyl Alcohol|1|high
Stearyi Alcohol|Stearyl Alcohol|1|high
Stearylalcohol|Stearyl Alcohol|2|high
Steryl Alcohol|Stearyl Alcohol|1|review
Stearyl Alcohol Nf|Stearyl Alcohol|4|high
Stearlkonium Hectorite|Stearalkonium Hectorite|1|high
Stearylkonium Hectorite|Stearalkonium Hectorite|1|high
Stearyl CITRARE|Stearyl CITRATE|1|high
Stearyl Glycynhetinate|Stearyl Glycyrrhetinate|1|high
Stearoxymethicone / Dimethicone Copolymer|Stearoxymethicone/Dimethicone Copolymer|2|high
Stearoxymethicone Dimethicone Copolymer|Stearoxymethicone/Dimethicone Copolymer|2|high
Stellaria Media Extract*|Stellaria Media Extract|5|high
Stevia Rebaudiana Leaf Extract|Stevia Rebaudiana Leaf/Stem Extract|3|review
Strawberry Flavors|Strawberry Flavor|2|high
Strelitzia Niacolai Seed Aril Extract|Strelitzia Nicolai Seed Aril Extract|1|high
Styrax Tonkinesis Plant Resin|Styrax Tonkinensis Resin Extract|1|review
Styrax Tonkinensis Resin Extract*|Styrax Tonkinensis Resin Extract|5|high
Styrene / Acrylates Copolymer|Styrene/Acrylates Copolymer|2|high
Styrene Acrylates Copolymer|Styrene/Acrylates Copolymer|2|high
Styrene/ Acrylates Copolymer|Styrene/Acrylates Copolymer|2|high
Styrene/Acrlates Copolymer|Styrene/Acrylates Copolymer|1|high
Styrene/Acrylate Copolymer|Styrene/Acrylates Copolymer|2|high
Styreneacrylates Copolymer|Styrene/Acrylates Copolymer|2|high
Styrene / Acrylates / Ammonium Methacrylate Copolymer|Styrene/Acrylates/Ammonium Methacrylate Copolymer|2|high
Styrene/Lsoprene Copolymer|Styrene/Isoprene Copolymer|1|high
Sucrose Cocoate*|Sucrose Cocoate|5|high
Sucrose*|Sucrose|5|high
Sucrose Poly-Cottonseedate|Sucrose Polycottonseedate|2|high
Sugarcane Extract|Sugar Cane Extract|2|high
Sulphur|Sulfur|2|high
Sulfur 10%|Sulfur|4|high
Sulfur 3%|Sulfur|4|high
Sulfur 4%|Sulfur|4|high
Sulfur Usp|Sulfur|4|high
Sunflower Oil*|Sunflower Oil|5|high
Sunflower Seed Oil*|Sunflower Seed Oil|5|high
Sunflower Seed Oil Glyceride|Sunflower Seed Oil Glycerides|2|high
Sunflower Seeds|Sunflower Seed|2|high
Superdioxide Dismutase|Superoxide Dismutase|1|high
Super Oxide Dismutase|Superoxide Dismutase|2|high
Sweet Almonds Oil|Sweet Almond Oil|2|high
Symphytum Officinale Extract*|Symphytum Officinale Extract|5|high
Symphytum Officinale Leaf Extract*|Symphytum Officinale Leaf Extract|5|high
Symphytum Officinalis|Symphytum Officinale|1|high
Symphytum Officinale Rhizome Root Extract|Symphytum Officinale Rhizome/Root Extract|2|high
Synthetic Bees Wax|Synthetic Beeswax|2|high
Synthetic Florphlogopite|Synthetic Fluorphlogopite|1|high
Synthetic Fluorophlogogpite|Synthetic Fluorphlogopite|1|high
Synthetic Fluorophlogopite|Synthetic Fluorphlogopite|1|high
Synthetic Flurophlogopite|Synthetic Fluorphlogopite|1|high
Syzygium Leuhmannii Fruit Extract|Syzygium Luehmannii Fruit Extract|1|high
Syzygium Leuhmanii Fruit Extract|Syzygium Luehmannii Fruit Extract|1|high
T Butyl Alcohol|T-Butyl Alcohol|2|high
T-Butylalcohol|T-Butyl Alcohol|2|high
Tert-Butyl Alcohol|T-Butyl Alcohol|2|review
Talcum|Talc|1|review
Tallow Acid*|Tallow Acid|5|high
Tamanu Seed Oil*|Tamanu Seed Oil|5|high
Tamarindus Lndica Fruit Extract|Tamarindus Indica Fruit Extract|1|high
Tanacetum Annum|Tanacetum Annuum|1|high
Tanacetum Annum Flower Extract|Tanacetum Annuum Flower Extract|1|high
Tanaceum Annum Oil|Tanacetum Annuum Oil|1|high
Tanecetum Annuum Oil|Tanacetum Annuum Oil|1|high
Tangerine Essential Oil*|Tangerine Essential Oil|5|high
Tapioca Starch *|Tapioca Starch|5|high
Taraxacum Official Leaf Extract|Taraxacum Officinale Leaf Extract|1|high
Taraxacum Officinale*|Taraxacum Officinale|5|high
Taraxasum Officinale Rhyizome/Root Extract|Taraxacum Officinale Rhizome/Root Extract|1|high
Taraxacum Officinale Rhizome/Root Extract/Taraxacum Officinale Rhizome/Root Extract|Taraxacum Officinale Rhizome/Root Extract|2|high
Tasmannia Lanceolata Fruit Exract|Tasmannia Lanceolata Fruit Extract|1|high
Tauarine|Taurine|1|high
TEA Tree Essential Oils|TEA Tree Essential Oil|2|high
TEA-COCOYL Glutamate|TEA Cocoyl Glutamate|2|review
Terasodium Edta|Tetrasodium Edta|1|high
Tetra Na Edta|Tetrasodium Edta|3|review
Tetra Sodium Edta|Tetrasodium Edta|2|high
Tetrasodi-Um Edta|Tetrasodium Edta|2|high
Tetrasodiumedta|Tetrasodium Edta|2|high
Tetrasoduim Edta|Tetrasodium Edta|1|high
Tetrasodum Edta|Tetrasodium Edta|1|high
Tetrasodium Edta Dihydrate|Tetrasodium Edta|4|review
Tetrasodium Editronate|Tetrasodium Etidronate|1|high
Tetrasodium Eitidronate|Tetrasodium Etidronate|1|high
Tetrasodium Etdronate|Tetrasodium Etidronate|1|high
Tetrasodium Etidonate|Tetrasodium Etidronate|1|high
Tetrasodium Etioronate|Tetrasodium Etidronate|1|high
Tetrasodiumetidronate|Tetrasodium Etidronate|2|high
Tetrasodium Glutamate Diaceate|Tetrasodium Glutamate Diacetate|1|high
Tetrasodium Glutamatediacetate|Tetrasodium Glutamate Diacetate|2|high
Tetrusodium Glutamate Diacetate|Tetrasodium Glutamate Diacetate|1|high
Tetra Sodium Glutamate Diacetate|Tetrasodium Glutamate Diacetate|2|high
Tetraacetylphyosphingosine|Tetraacetylphytosphingosine|1|high
Tetraheryldecyl Ascorbate|Tetrahexyldecyl Ascorbate|1|high
Tetrahexydecyl Ascorbate|Tetrahexyldecyl Ascorbate|1|high
Tetrahexyldecyl Abcorbate|Tetrahexyldecyl Ascorbate|1|high
Tetrahexyldecyl Asccorbate|Tetrahexyldecyl Ascorbate|1|high
Tetraheyldecyl Ascorbate|Tetrahexyldecyl Ascorbate|1|high
Tetraheyxyldecyl Ascorbate|Tetrahexyldecyl Ascorbate|1|high
Tetrhexydecyl Ascorbate|Tetrahexyldecyl Ascorbate|1|high
Tetra-Hexyldecyl Ascorbate|Tetrahexyldecyl Ascorbate|2|high
Tetradecyl Aminobutyroylvaylaminobutyric Urea Trifluoroacetate|Tetradecyl Aminobutyroylvalylaminobutyric Urea Trifluoroacetate|1|high
Thea Sinensis Extract|Camellia Sinensis Extract|3|review
Theobrama Cacao Seed Butter|Theobroma Cacao Seed Butter|1|high
Theobroama Cacao Seed Butter|Theobroma Cacao Seed Butter|1|high
Theobrom Cacao Seed Butter|Theobroma Cacao Seed Butter|1|high
Theobroma Caca Seed Butter|Theobroma Cacao Seed Butter|1|high
Theobroma Cacoa Seed Butter|Theobroma Cacao Seed Butter|1|high
Theobroma Cocao Seed Butter|Theobroma Cacao Seed Butter|1|high
Theobroma Cocoa Seed Butter|Theobroma Cacao Seed Butter|1|high
The Obroma Cacao Seed Butter|Theobroma Cacao Seed Butter|2|high
Theobromacacao Seed Butter*|Theobroma Cacao Seed Butter|1|high
Theobroma Cacao Seed Butter*|Theobroma Cacao Seed Butter|5|high
Theobroma Cacao Cocoa Seed Butter|Theobroma Cacao Seed Butter|3|review
Theobroma Cacao Seed Butter / Cocoa Seed Butter|Theobroma Cacao Seed Butter|3|review
Theobroma Cacao Seed Butter/Cocoa Seed Butter|Theobroma Cacao Seed Butter|3|review
Theobroma Cacao Seed Butter/Theobroma Cacao Seed Butter|Theobroma Cacao Seed Butter|2|high
Theobroma Seed Butter|Theobroma Cacao Seed Butter|3|review
Theobroma Cocoa Butter|Theobroma Cacao Butter|1|review
Theobroma Cacao Butter*|Theobroma Cacao Butter|5|high
Theobroma Grandiflorum Seed Butter*|Theobroma Grandiflorum Seed Butter|5|high
Teobroma Grandiflorum Seed Butter|Theobroma Grandiflorum Seed Butter|1|high
Thermus Thermophillus Ferment|Thermus Thermophilus Ferment|1|review
Thiamin|Thiamine|1|high
Thiamine Hci|Thiamine Hcl|1|high
Thiamine Hydrochloride|Thiamine Hcl|2|review
Threalose|Trehalose|1|review
Threhalose|Trehalose|1|review
Thriethanolamine|Triethanolamine|1|high
Thuja Occidentals Oil|Thuja Occidentalis Oil|1|high
Thuja Occidentalis*|Thuja Occidentalis|5|high
Thymus Serpillum Extract|Thymus Serpyllum Extract|1|review
Thymus Serpillum Extr√Éct|Thymus Serpyllum Extract|1|high
Tila Condata Flower Extract|Tilia Cordata Flower Extract|1|high
Tila Cordata Flower Extract|Tilia Cordata Flower Extract|1|high
Tilia Cordata Flower Extract*|Tilia Cordata Flower Extract|5|high
Tilia Europaea Leaf And Flower Extract|Tilia Europaea Leaf/Flower Extract|2|review
Ti 02|Titanium Dioxide|1|review
Tin Dioxide|Tin Oxide|3|review
Terminally Arjuna Bark|Terminalia Arjuna Bark Extract|1|review
Tin Oide|Tin Oxide|1|high
Tin Oxides|Tin Oxide|2|high
Tin Oxide-Ci 77861|Tin Oxide|2|review
Titanium Dioxide /Ci 77891|Titanium Dioxide|2|review
Titanium Dioxide 77891|Titanium Dioxide|2|review
Titanium Dioxide CI 77891|Titanium Dioxide|2|review
Titanium Dioxide CI77891|Titanium Dioxide|2|review
Titanium Dioxide/Ci 77891|Titanium Dioxide|2|review
Titanium Dioxide 1.14%|Titanium Dioxide|4|high
Titanium Dioxide 2.4%|Titanium Dioxide|4|high
Titanium Dioxide 2.5%|Titanium Dioxide|4|high
Titanium Dioxide 2.9%|Titanium Dioxide|4|high
Titanium Dioxide 3.1%|Titanium Dioxide|4|high
Titanium Dioxide 4.15%|Titanium Dioxide|4|high
Titanium Dioxide 4.2%|Titanium Dioxide|4|high
Titanium Dioxide 4.8%|Titanium Dioxide|4|high
Titanium Dioxide 4.9%|Titanium Dioxide|4|high
Titanium Dioxide 5.3|Titanium Dioxide|4|high
Titanium Dioxide 5.60%|Titanium Dioxide|4|high
Titanium Dioxide 6%|Titanium Dioxide|4|high
Titanium Dioxide 6.1%|Titanium Dioxide|4|high
Titanium Dioxide 6.2%|Titanium Dioxide|4|high
Titanium Dioxide 6.7%|Titanium Dioxide|4|high
Titanium Dioxide 6.77%|Titanium Dioxide|4|high
Titanium Dioxide 6.8%|Titanium Dioxide|4|high
Titanium Dioxide 7.2%|Titanium Dioxide|4|high
Tocopheryl Acetate Oil|Tocopheryl Acetate|4|review
Tocotrienols|Tocotrienol|2|high
Totarol Leptospermfum Scoparium Oil|Totarol|3|review
Toumaline|Tourmaline|1|high
Tranexama Acid|Tranexamic Acid|1|high
Trans-Resveratrol*|Trans-Resveratrol|5|high
Tremella Fuciformic Sporocarp Extract|Tremella Fuciformis Sporocarp Extract|1|high
Tremella Fuciformis Sporocarp Extract*|Tremella Fuciformis Sporocarp Extract|5|high
Tremella Funciformis Sporocarp|Tremella Fuciformis Sporocarp Extract|1|review
Tribhenin|Tribehenin|1|high
Tribehenin**|Tribehenin|5|high
Trihebehin PEG-20 Esters|Tribehenin PEG-20 Esters|1|review
Tributyi CITRATE|Tributyl CITRATE|1|high
Trichilla Emetica Seed Butter|Trichilia Emetica Seed Butter|1|high
Trideceth 6|Trideceth-6|2|high
Trideceth-I0|Trideceth-10|1|high
Trideceth10|Trideceth-10|2|high
Tridecetn-10|Trideceth-10|1|high
Tridecyl Trimelitate|Tridecyl Trimellitate|1|high
Triethanoamine|Triethanolamine|1|high
Triethanol Amine|Triethanolamine|2|high
Triethanolomine|Triethanolamine|1|high
Trithanolamine|Triethanolamine|1|high
Trolamine|Triethanolamine|3|review
Triethoxy Caprylylsilane|Triethoxycaprylylsilane|2|high
Triethoxyca-Prylylsilane|Triethoxycaprylylsilane|2|high
Triethaxycaprylylsilane|Triethoxycaprylylsilane|1|high
Triethoxycaprylysilane|Triethoxycaprylylsilane|1|high
Triettylene Giycol|Triethylene Glycol|1|high
Triethylcitrate|Triethyl CITRATE|2|high
Trifluoracetyl Tripeptide 2|Trifluoroacetyl Tripeptide-2|1|high
Trifluoroacetyl Tripeptide|Trifluoroacetyl Tripeptide-2|2|review
Trifolium Pratens|Trifolium Pratense Extract|1|review
Trifolium Pratense Flower Extract*|Trifolium Pratense Flower Extract|5|high
Trigonella Foenum Graecum Seed Extract|Trigonella Foenum-Graecum Seed Extract|2|high
Trimethylolpropane Triisosteareate|Trimethylolpropane Triisostearate|1|high
Trimethylolpropane Trisostearate|Trimethylolpropane Triisostearate|1|high
Trimethysiloxysilicate|Trimethylsiloxysilicate|1|high
Trioctldodecyl CITRATE|Trioctyldodecyl CITRATE|1|high
Tripeptide1|Tripeptide-1|2|high
Tripeptide 29|Tripeptide-29|2|high
Tripleurospermum Maritima Extract|Tripleurospermum Maritimum Extract|1|high
Trisodium Ethylene Diamine Disuccinate|Trisodium Ethylenediamine Disuccinate|2|high
Trisodium Ethylenediamine Discuccinate|Trisodium Ethylenediamine Disuccinate|1|high
Trisodium Dicarboxymethyl Alaniate|Trisodium Dicarboxymethyl Alaninate|1|high
Trilsostearin|Triisostearin|1|high
Trisostearin|Triisostearin|1|high
Triticum Vulgare Gem Extract|Triticum Vulgare Germ Extract|1|high
Triticum Vulgare Germ Oil*|Triticum Vulgare Germ Oil|5|high
Tritium Vulgare Germ Oil|Triticum Vulgare Germ Oil|1|high
Triticum Vulgare Germ Oil/Triticum Vulgare Germ Oil|Triticum Vulgare Germ Oil|2|high
Triticum Vulgare Germ Oil/Wheat Germ Oil|Triticum Vulgare Germ Oil|3|review
Triticumvulgare Extract|Triticum Vulgare Extract|2|high
Triticum Vulgare Starch/Triticum Vulgare Starch|Triticum Vulgare Starch|2|high
Trometamol|Tromethamine|3|review
Tropaeolum Magus Extract|Tropaeolum Majus Extract|1|high
Troplone|Tropolone|1|high
Tsuga Camadensis Oil|Tsuga Canadensis Oil|1|high
Tuber Melansporum Extract|Tuber Melanosporum Extract|1|high
Tween 20|Polysorbate 20|3|review
Ubidecarenone|Ubiquinone|3|review
Ultramarines/Ci 77007|Ultramarines|2|review
Umonene|Limonene|1|review
Undaria Pinnatida Extract|Undaria Pinnatifida Extract|1|high
Undaria Pinnatifda Extract|Undaria Pinnatifida Extract|1|high
Urosolic Acid|Ursolic Acid|1|high
Urea 22%|Urea|4|high
Urea Usp|Urea|4|high
Urtica Dioca Leaf Extract|Urtica Dioica Leaf Extract|1|high
Utica Dioca Leaf Extract|Urtica Dioica Leaf Extract|1|high
Urtica Diocia Leaf Powder*|Urtica Dioica Leaf Extract|1|review
Urtica Dioica Extract*|Urtica Dioica Extract|5|high
Urtica Dioica / Nettle Extract|Urtica Dioica Extract|3|review
Urtica Dioica Nettle Extract|Urtica Dioica Extract|3|review
Utrica Dioica/Nettle Extract|Urtica Dioica Extract|1|review
Usp Purified Water|Purified Water|3|review
Vaccinium Angustifolia Fruit Extract|Vaccinium Angustifolium Fruit Extract|1|high
Vaccinium Angustifoloium Fruit Extract|Vaccinium Angustifolium Fruit Extract|1|high
Vaccinum Angustifolium Fruit Extract|Vaccinium Angustifolium Fruit Extract|1|high
Vaccinium Angustifolium Fruit Extract/Blueberry Fruit Extract|Vaccinium Angustifolium Fruit Extract|3|review
Vaccinium Marcrocarpon Fruit Fruit Extract|Vaccinium Macrocarpon Fruit Extract|1|high
Vaccinum Macrocarpon Fruit Extract|Vaccinium Macrocarpon Fruit Extract|1|high
Vaccinium Macrocarponfruit Powder|Vaccinium Macrocarpon Fruit Powder|2|high
Vaccinium Macrocarpon Fruit Extract*|Vaccinium Macrocarpon Fruit Extract|5|high
Vaccinum Macrocarpon Seed Oil|Vaccinium Macrocarpon Seed Oil|1|high
Vaccinium Macrocarpon Seed Oil*|Vaccinium Macrocarpon Seed Oil|5|high
Vaccinium Myrillus Fruit Extract|Vaccinium Myrtillus Fruit Extract|1|high
Vaccinium Myristillus Fruit Extract|Vaccinium Myrtillus Fruit Extract|1|high
Vaccinium Myrttillus Fruit Extract|Vaccinium Myrtillus Fruit Extract|1|high
Vaccinum Myrtillus Fruit Extract|Vaccinium Myrtillus Fruit Extract|1|high
Vaccinium Myrtillus Extract / Vaccinium Myrtillus Fruit Extract|Vaccinium Myrtillus Fruit Extract|3|review
Vaccinum Myrtillus Extract|Vaccinium Myrtillus Extract|1|high
Vaccinum Myrtillus Fruit/Leaf Extract|Vaccinium Myrtillus Fruit/Leaf Extract|1|high
Vaccinum Myrtillus Leaf Extract|Vaccinium Myrtillus Leaf Extract|1|high
Vaccinium Vitas-Idaea Seed Oil|Vaccinium Vitis-Idaea Seed Oil|1|high
Vaccinium Vitis-Ldaea Seed Oil|Vaccinium Vitis-Idaea Seed Oil|1|high
Vaccinium Vitisidaea Fruit Extract|Vaccinium Vitis-Idaea Fruit Extract|1|high
Valerianna Officinalis Extract|Valeriana Officinalis Root Extract|1|review
Vanilla Flavour|Vanilla Flavor|2|high
Vanilla Extract*|Vanilla Extract|5|high
Vanilla Isolates|Vanilla Isolate|2|high
Vanilla Plantifolia Fruit Extract|Vanilla Planifolia Fruit Extract|1|high
Vanilla Planifolia Fruit Oil*|Vanilla Planifolia Fruit Oil|5|high
Vanilla Tahitensis Fruit Extract*|Vanilla Tahitensis Fruit Extract|5|high
Vanillosmopsis Erythro-Pappa Oil|Vanillosmopsis Erythropappa Wood Oil|1|review
Vegetable Glycerine|Vegetable Glycerin|2|high
Vegetable Glyverin|Vegetable Glycerin|1|high
Vegetable Glycerin Usp|Vegetable Glycerin|4|high
Vegetable Glycerol|Vegetable Glycerin|3|review
Vegetarian Glycerin|Vegetable Glycerin|3|review
Vegetable Oils|Vegetable Oil|2|high
Vegetable Squalene|Vegetable Squalane|1|review
Vegetable Oil / Olus Oil / Huile Vegetale|Vegetable Oil|3|review
Vegetable Oil/Huile Vegetale|Vegetable Oil|3|review
Vegetable Oil/Olus Oil|Vegetable Oil|3|review
Vegetable Oil/Olus Oil/ Huile V√©G√©Tale|Vegetable Oil|3|review
Vegetable Oil/Olus Oil/Huile Vegetale|Vegetable Oil|3|review
Vegetable Oil/Olus/Huile Vegetale|Vegetable Oil|3|review
Vegetable Oil\Olus\Huile V√©G√©Tale|Vegetable Oil|3|review
Verbenaofficinalis Leaf Extract|Verbena Officinalis Leaf Extract|2|high
Veronica Appendaiculata Leaf Extract|Vernonia Appendiculata Leaf Extract|1|review
Veronica Officinalis Flower/Leaf/Stem/Extract|Veronica Officinalis Flower/Leaf/Stem Extract|2|high
Veronica Officinalis Flower / Leaf / Steam Extract|Veronica Officinalis Flower/Leaf/Stem Extract|2|high
Vetivera Zizanoides Oil|Vetiveria Zizanoides Oil|1|high
Vetivera Zizanoides Root Oil|Vetiveria Zizanoides Root Oil|1|high
Vetiveris Zizanoides Oil|Vetiveria Zizanoides Oil|1|high
Vetiveria Zizaniodes Essential Oil|Vetiveria Zizanioides Oil|1|review
Vetiveria Zizanoides Oil*|Vetiveria Zizanoides Oil|5|high
Vigna Aconitifolia / Vigna Aconitifolia Seed Extract|Vigna Aconitifolia Seed Extract|3|review
Vigna Aconitifolia/Vigna Aconitifolia Seed Extract|Vigna Aconitifolia Seed Extract|3|review
Vinyl Caprolactam/ Pvp/ Dimethylaminoethyl Methacrylate Copolymer|Vinyl Caprolactam/Pvp/Dimethylaminoethyl Methacrylate Copolymer|2|high
Vinyl Dimethicone / Methicone Silsesquioxane Crosspolymer|Vinyl Dimethicone/Methicone Silsesquioxane Crosspolymer|2|high
Vinyl Dimethicone/ Methicone Silsesquioxane Crosspolymer|Vinyl Dimethicone/Methicone Silsesquioxane Crosspolymer|2|high
Vinyl Dimethicone/Methicone Silsequioxane Crosspolymer|Vinyl Dimethicone/Methicone Silsesquioxane Crosspolymer|1|high
Violet #2|Violet 2|2|high
Violet 2 CI 60730|Violet 2|2|review
Violet 2 CI 73385|Violet 2|2|review
Vit E|Vitamin E|3|review
Vitamin-E|Vitamin E|2|high
Vitamins E|Vitamin E|2|high
Vitamin E*|Vitamin E|5|high
Vitamins A|Vitamin A|2|high
Vitamin B-12|Vitamin B12|2|high
Vitamin C-Ester|Vitamin C Ester|2|high
Vitis Vineifera Seed Oil|Vitis Vinifera Seed Oil|1|high
Vitis Vinfera Seed Oil|Vitis Vinifera Seed Oil|1|high
Vitis Vinifera Seed Oil**|Vitis Vinifera Seed Oil|5|high
Vitis Vinifera Seed Oil / Grape Seed Oil|Vitis Vinifera Seed Oil|3|review
Vitis Vinifera Seed Oil/Grape Seed Oil|Vitis Vinifera Seed Oil|3|review
Vitis Vinfera Seed Extract|Vitis Vinifera Seed Extract|1|high
Vitis Vinifera Seed Extract*|Vitis Vinifera Seed Extract|5|high
Vitis Vinifera Seed Extract/Vitis Vinifera Seed Extract|Vitis Vinifera Seed Extract|2|high
Vitis Vinifera *|Vitis Vinifera|5|high
Vitis Vinifera Juice*|Vitis Vinifera Juice|5|high
Vitis Vinifera Fruit Water*|Vitis Vinifera Fruit Water|5|high
Vitis Vinifera Grapeseed Extract|Vitis Vinifera Seed Extract|3|review
Vitis Vinifera Grape Seed Oil|Vitis Vinifera Seed Oil|3|review
Vitis Vinifera Oil/Grape Seed Oil|Vitis Vinifera Oil|3|review
Vitis Vinifera Extract/Grape Fruit Extract|Vitis Vinifera Extract|3|review
Vitex Agnus Castus Extract|Vitex Agnus-Castus Extract|2|high
Vitus Vinifera Fruit Extract|Vitis Vinifera Fruit Extract|1|high
Vitus Vinifera Seed Oil|Vitis Vinifera Seed Oil|1|high
Vitis Vinifera/Grape Fruit Extract|Vitis Vinifera Fruit Extract|3|review
Vp / Va Copolymer|Vp/Va Copolymer|2|high
Vp/ Hexadecene Copolymer|Vp/Hexadecene Copolymer|2|high
Vp-Hexadecene Copolymer|Vp/Hexadecene Copolymer|2|high
Vpieicosene Copolymer|Vp/Eicosene Copolymer|1|high
Wasabia Japonic Root Extract|Wasabia Japonica Root Extract|1|high
Water/Agua|Water|3|review
Water/Aqua|Water|3|review
Water/Aqua/Eau|Water|3|review
Water/Eau|Water|3|review
Water\Aqua\Eau|Water|3|review
Wheat Amino Acid|Wheat Amino Acids|2|high
Wheatgerm Oil|Wheat Germ Oil|2|high
Whey Protein\Lactis Protein|Whey Protein|3|review
Whey Protein\Lactis Protein\Proteine Du Petit-Lait|Whey Protein|3|review
Whey Protein/Lactis Protein/Proteine Du Petit-Lait|Whey Protein|3|review
Whey Protein/Lactis Proteinum/Proteine Du Petit-Lait|Whey Protein|3|review
White Petrolatum Usp|White Petrolatum|4|high
White Petrolatum Usp 100%|White Petrolatum|4|review
White Soft Paraffin Bp|White Soft Paraffin|4|review
White Soft Paraffin 13.2% W/W|White Soft Paraffin|4|high
White TEA Extracts|White TEA Extract|2|high
White Willowbark Extract|White Willow Bark Extract|2|high
Willow Extract*|Willow Extract|5|high
Withanita Somnifera Root Extract|Withania Somnifera Root Extract|1|high
Xylityglucoside|Xylitylglucoside|1|high
Xylityiglucoside|Xylitylglucoside|1|high
Yeas Amino Acids|Yeast Amino Acids|1|high
Yeast Polysaccharides|Yeast Polysaccharide|2|high
Yeast Extract / Faex / Extrait De Levure|Yeast Extract|3|review
Yeast Extract Faex Extrait De Levure|Yeast Extract|3|review
Yeast Extract/Extrait De Levure|Yeast Extract|3|review
Yeast Extract/Faex|Yeast Extract|3|review
Yeast Extract/Faex Extract/Extrait De Levure|Yeast Extract|3|review
Yeast Extract/Faex Extrait De Levure|Yeast Extract|3|review
Yeast Extract/Faex/Extrait De Levure|Yeast Extract|3|review
Yeast Extract/Faexextrait De Levure|Yeast Extract|3|review
Yeast Extract\Faex|Yeast Extract|3|review
Yeast Extract\Faex\Extrait De Levure|Yeast Extract|3|review
Yellow #11|Yellow 11|2|high
Yellow #5|Yellow 5|2|high
Yellow #6|Yellow 6|2|high
Yellow No. 10|Yellow 10|2|high
Yellow No.10|Yellow 10|2|high
Yellow No. 10 Lake|Yellow 10 Lake|2|high
Yellow No. 5|Yellow 5|2|high
Yellow No.5|Yellow 5|2|high
Yellow No. 5 Lake|Yellow 5 Lake|2|high
Yellow No. 5 Al Lake|Yellow 5 Aluminum Lake|2|high
Yellow No. 5 Aluminum Lake|Yellow 5 Aluminum Lake|2|high
Yellow No.5 CI 19140|Yellow 5|2|review
Yellow 5 CI 19140|Yellow 5|2|review
Yellow 5 / C.I. 19140|Yellow 5|2|review
Yellow 5/Ci 19140|Yellow 5|2|review
Yellow 5 Lake CI 19140|Yellow 5 Lake|2|review
Yellow 5 Lake/Ci 19140|Yellow 5 Lake|2|review
Yellow 5 Lake/Cl 19140|Yellow 5 Lake|2|review
Yellow 5 Lakeci 19140|Yellow 5 Lake|2|review
Yellow No. 6|Yellow 6|2|high
Yellow No. 6 CI 15985|Yellow 6|2|review
Yellow No.6 CI 15985|Yellow 6|2|review
Yellow 6 CI 15985|Yellow 6|2|review
Yellow 6/Ci 15985|Yellow 6|2|review
Yellow 10/Ci 47005|Yellow 10|2|review
Yellow 10 Aluminum Lake|Yellow 10 Lake|2|high
Yellow 8/Ci 45350|Yellow 8|2|review
Yellow Iron Oxides|Yellow Iron Oxide|2|high
Yogurt Extract*|Yogurt Extract|5|high
Ylang-Ylang Oil|Ylang Ylang Oil|2|high
Zea May Starch|Zea Mays Starch|1|high
Zea Mays *|Zea Mays|5|high
Zea Mays Starch*|Zea Mays Starch|5|high
Zea Mays Starch¬∑|Zea Mays Starch|5|high
Zea Mays Starch / Zea Mays Starch|Zea Mays Starch|2|high
Zea Mays Starch/Zea Mays Starch|Zea Mays Starch|2|high
Zea Mays Starch / Corn Starch|Zea Mays Starch|3|review
Zea Mays Starch/Corn Starch|Zea Mays Starch|3|review
Zea Mays Germ Oil*|Zea Mays Germ Oil|5|high
Zea Mays Germ Oil / Corn Germ Oil|Zea Mays Germ Oil|3|review
Zea Mays Germ Oil/Corn Germ Oil|Zea Mays Germ Oil|3|review
Zea Mays Germ Oil/Zea Mays Germ Oil|Zea Mays Germ Oil|2|high
Zea Mays Oil / Corn Oil|Zea Mays Oil|3|review
Zea Mays Oil/Corn Oil|Zea Mays Oil|3|review
Zea Mays Corn Oil|Zea Mays Oil|3|review
Zea Mays / Corn Oil|Zea Mays Oil|3|review
Zemea Propanediol|Zeamea Propanediol|3|review
Zemea¬Æ Propanediol|Zeamea Propanediol|3|review
Zinc Gluconate4|Zinc Gluconate|2|high
Zine Oxide|Zinc Oxide|1|high
Zinc Sulphate|Zinc Sulfate|2|high
Zinc Oxide 0.9%|Zinc Oxide|4|high
Zinc Oxide 1%|Zinc Oxide|4|high
Zinc Oxide 1.3%|Zinc Oxide|4|high
Zinc Oxide 1.4%|Zinc Oxide|4|high
Zinc Oxide 10%|Zinc Oxide|4|high
Zinc Oxide 10.5%|Zinc Oxide|4|high
Zinc Oxide 11%|Zinc Oxide|4|high
Zinc Oxide 12%|Zinc Oxide|4|high
Zinc Oxide 12.0%|Zinc Oxide|4|high
Zinc Oxide 12.5%|Zinc Oxide|4|high
Zinc Oxide 13%|Zinc Oxide|4|high
Zinc Oxide 13.5%|Zinc Oxide|4|high
Zinc Oxide 13.8%|Zinc Oxide|4|high
Zinc Oxide 14%|Zinc Oxide|4|high
Zinc Oxide 15%|Zinc Oxide|4|high
Zinc Oxide 20%|Zinc Oxide|4|high
Zinc Oxide 20.2%|Zinc Oxide|4|high
Zinc Oxide 20.4%|Zinc Oxide|4|high
Zinc Oxide 24.1%|Zinc Oxide|4|high
Zinc Oxide 3.0%|Zinc Oxide|4|high
Zinc Oxide 3.5%|Zinc Oxide|4|high
Zinc Oxide 4.5%|Zinc Oxide|4|high
Zinc Oxide 4.8%|Zinc Oxide|4|high
Zinc Oxide 5.0%|Zinc Oxide|4|high
Zinc Oxide 5.5%|Zinc Oxide|4|high
Zinc Oxide 6%|Zinc Oxide|4|high
Zinc Oxide 6.3%|Zinc Oxide|4|high
Zinc Oxide 6.4%*|Zinc Oxide|4|high
Zinc Oxide 6.7%|Zinc Oxide|4|high
Zinc Oxide 7.0%|Zinc Oxide|4|high
Zinc Oxide 7.02%|Zinc Oxide|4|high
Zinc Oxide 7.3%|Zinc Oxide|4|high
Zinc Oxide 7.8%|Zinc Oxide|4|high
Zinc Oxide 8.0%|Zinc Oxide|4|high
Zinc Oxide 9%|Zinc Oxide|4|high
Zinc Oxide 9.7%|Zinc Oxide|4|high
Zinc Oxide-2.1 %|Zinc Oxide|4|high
Zingiber Of CINALE Root Extract|Zingiber Officinale Root Extract|1|high
Zingiber Offi CINALE Root Extract|Zingiber Officinale Root Extract|1|high
Zingiber Officinalis Root Extract|Zingiber Officinale Root Extract|1|high
Zingiber Officinate Root Extract|Zingiber Officinale Root Extract|1|high
Zinger Officinate Root Extract|Zingiber Officinale Root Extract|1|high
Zngber Officinale Root Extract|Zingiber Officinale Root Extract|1|high
Zingiber Officinale Root Extract*|Zingiber Officinale Root Extract|5|high
Zingiber Officinale Root Extract / Ginger Root Extract|Zingiber Officinale Root Extract|3|review
Zingiber Officinale Root Extract/Ginger Root Extract|Zingiber Officinale Root Extract|3|review
Zingiber Officinale Root Extract/Zingiber Officinale Root Extract|Zingiber Officinale Root Extract|2|high
Zingiber Officinalis Oil|Zingiber Officinale Oil|1|high
Zingiber Officinalis Extract|Zingiber Officinale Extract|1|high
Ziziphusjujuba Fruit Extract|Ziziphus Jujuba Fruit Extract|2|high
Zizyphus Jujuba Fruit Extract|Ziziphus Jujuba Fruit Extract|1|review
CI 42090|Blue 1|2|high
CI 77891|Titanium Dioxide|2|high
